{"last_node_id":40,"last_link_id":92,"nodes":[{"id":38,"type":"KSampler","pos":[715,235],"size":{"0":315,"1":262},"flags":{},"order":6,"mode":0,"inputs":[{"name":"model","type":"MODEL","link":89,"slot_index":0,"label":"模型"},{"name":"positive","type":"CONDITIONING","link":86,"slot_index":1,"label":"正面条件"},{"name":"negative","type":"CONDITIONING","link":87,"label":"负面条件"},{"name":"latent_image","type":"LATENT","link":88,"slot_index":3,"label":"Latent"},{"name":"seed","type":"INT","link":92,"widget":{"name":"seed"},"slot_index":4,"label":"随机种"}],"outputs":[{"name":"LATENT","type":"LATENT","links":[90],"shape":3,"slot_index":0,"label":"Latent"}],"properties":{"Node name for S&R":"KSampler"},"widgets_values":[108657316496434,"randomize",12,4,"euler","karras",1]},{"id":8,"type":"VAEDecode","pos":[1065,248],"size":{"0":210,"1":46},"flags":{},"order":7,"mode":0,"inputs":[{"name":"samples","type":"LATENT","link":90,"label":"Latent"},{"name":"vae","type":"VAE","link":47,"label":"VAE"}],"outputs":[{"name":"IMAGE","type":"IMAGE","links":[70],"slot_index":0,"label":"图像"}],"properties":{"Node name for S&R":"VAEDecode"}},{"id":36,"type":"FreeU_V2","pos":[704,545],"size":{"0":315,"1":130},"flags":{},"order":5,"mode":0,"inputs":[{"name":"model","type":"MODEL","link":66,"label":"模型"}],"outputs":[{"name":"MODEL","type":"MODEL","links":[89],"shape":3,"slot_index":0,"label":"模型"}],"properties":{"Node name for S&R":"FreeU_V2"},"widgets_values":[1.3,1.4,0.9,0.2]},{"id":14,"type":"VideoLinearCFGGuidance","pos":[318,542],"size":{"0":315,"1":58},"flags":{},"order":3,"mode":0,"inputs":[{"name":"model","type":"MODEL","link":46,"label":"模型"}],"outputs":[{"name":"MODEL","type":"MODEL","links":[66],"shape":3,"slot_index":0,"label":"模型"}],"properties":{"Node name for S&R":"VideoLinearCFGGuidance"},"widgets_values":[2]},{"id":26,"type":"VHS_VideoCombine","pos":[1706,244],"size":[910,270],"flags":{},"order":9,"mode":0,"inputs":[{"name":"images","type":"IMAGE","link":82,"label":"图像"},{"name":"audio","type":"VHS_AUDIO","link":null}],"outputs":[{"name":"Filenames","type":"VHS_FILENAMES","links":null,"shape":3,"label":"文件名"}],"properties":{"Node name for S&R":"VHS_VideoCombine"},"widgets_values":{"frame_rate":20,"loop_count":0,"filename_prefix":"AnimateDiff","format":"video/h264-mp4","pix_fmt":"yuv420p","crf":20,"save_metadata":true,"pingpong":false,"save_output":true,"videopreview":{"hidden":false,"paused":false,"params":{"filename":"AnimateDiff_00001.mp4","subfolder":"","type":"output","format":"video/h264-mp4"}}}},{"id":40,"type":"Seed (rgthree)","pos":[1056,358],"size":{"0":210,"1":130},"flags":{},"order":0,"mode":0,"outputs":[{"name":"SEED","type":"INT","links":[92],"shape":3,"slot_index":0,"label":"随机种","dir":4}],"properties":{"Node name for S&R":"Seed (rgthree)"},"widgets_values":[78141978693973,null,null,null]},{"id":30,"type":"RIFE VFI","pos":[1311,247],"size":{"0":334.8179016113281,"1":222},"flags":{"collapsed":false},"order":8,"mode":0,"inputs":[{"name":"frames","type":"IMAGE","link":70,"label":"frames"},{"name":"optional_interpolation_states","type":"INTERPOLATION_STATES","link":null,"label":"optional_interpolation_states"}],"outputs":[{"name":"IMAGE","type":"IMAGE","links":[82],"shape":3,"slot_index":0,"label":"IMAGE"}],"properties":{"Node name for S&R":"RIFE VFI"},"widgets_values":["rife40.pth",10,2,true,true,1,true]},{"id":12,"type":"SVD_img2vid_Conditioning","pos":[318,269],"size":{"0":315,"1":218},"flags":{},"order":4,"mode":0,"inputs":[{"name":"clip_vision","type":"CLIP_VISION","link":24,"label":"CLIP视觉"},{"name":"init_image","type":"IMAGE","link":41,"slot_index":1,"label":"图像"},{"name":"vae","type":"VAE","link":25,"label":"vae"}],"outputs":[{"name":"positive","type":"CONDITIONING","links":[86],"shape":3,"slot_index":0,"label":"正面条件"},{"name":"negative","type":"CONDITIONING","links":[87],"shape":3,"slot_index":1,"label":"负面条件"},{"name":"latent","type":"LATENT","links":[88],"shape":3,"slot_index":2,"label":"Latent"}],"properties":{"Node name for S&R":"SVD_img2vid_Conditioning"},"widgets_values":[768,768,60,100,6,0.05]},{"id":23,"type":"LoadImage","pos":[-126,479],"size":{"0":315,"1":314.0000305175781},"flags":{},"order":1,"mode":0,"outputs":[{"name":"IMAGE","type":"IMAGE","links":[41],"shape":3,"slot_index":0,"label":"图像"},{"name":"MASK","type":"MASK","links":null,"shape":3,"label":"遮罩"}],"properties":{"Node name for S&R":"LoadImage"},"widgets_values":["色稿 (1).png","image"]},{"id":15,"type":"ImageOnlyCheckpointLoader","pos":[-177,286],"size":{"0":369.6000061035156,"1":122},"flags":{},"order":2,"mode":0,"outputs":[{"name":"MODEL","type":"MODEL","links":[46],"shape":3,"slot_index":0,"label":"模型"},{"name":"CLIP_VISION","type":"CLIP_VISION","links":[24],"shape":3,"slot_index":1,"label":"CLIP视觉"},{"name":"VAE","type":"VAE","links":[25,47],"shape":3,"slot_index":2,"label":"VAE"}],"properties":{"Node name for S&R":"ImageOnlyCheckpointLoader"},"widgets_values":["svd_xt_image_decoder.safetensors",null]}],"links":[[24,15,1,12,0,"CLIP_VISION"],[25,15,2,12,2,"VAE"],[41,23,0,12,1,"IMAGE"],[46,15,0,14,0,"MODEL"],[47,15,2,8,1,"VAE"],[66,14,0,36,0,"MODEL"],[70,8,0,30,0,"IMAGE"],[82,30,0,26,0,"IMAGE"],[86,12,0,38,1,"CONDITIONING"],[87,12,1,38,2,"CONDITIONING"],[88,12,2,38,3,"LATENT"],[89,36,0,38,0,"MODEL"],[90,38,0,8,0,"LATENT"],[92,40,0,38,4,"INT"]],"groups":[],"config":{},"extra":{"comfyspace_tracking":{"id":"7bcc3655-93db-4255-b679-dad07001e64b","name":"AnimateDiff_00269"},"workspace_info":{"id":"f63cbfc6-7bfc-451a-ba82-e5c1c3ab3c34","name":"AnimateDiff_00269"}},"version":0.4}