{"last_node_id":77,"last_link_id":155,"nodes":[{"id":54,"type":"VAEEncode","pos":[2090,-280],"size":{"0":210,"1":46},"flags":{},"order":18,"mode":4,"inputs":[{"name":"pixels","type":"IMAGE","link":106,"label":"图像"},{"name":"vae","type":"VAE","link":144,"slot_index":1,"label":"VAE"}],"outputs":[{"name":"LATENT","type":"LATENT","links":[108],"slot_index":0,"label":"Latent"}],"properties":{"Node name for S&R":"VAEEncode"},"color":"#322","bgcolor":"#533"},{"id":58,"type":"ImageUpscaleWithModel","pos":[2080,-510],"size":{"0":270,"1":50},"flags":{},"order":16,"mode":4,"inputs":[{"name":"upscale_model","type":"UPSCALE_MODEL","link":112,"label":"放大模型"},{"name":"image","type":"IMAGE","link":113,"slot_index":1,"label":"图像"}],"outputs":[{"name":"IMAGE","type":"IMAGE","links":[114],"slot_index":0,"label":"图像"}],"properties":{"Node name for S&R":"ImageUpscaleWithModel"},"color":"#223","bgcolor":"#335"},{"id":59,"type":"ImageScaleBy","pos":[2080,-410],"size":{"0":260,"1":82},"flags":{},"order":17,"mode":4,"inputs":[{"name":"image","type":"IMAGE","link":114,"slot_index":0,"label":"图像"}],"outputs":[{"name":"IMAGE","type":"IMAGE","links":[106],"shape":3,"slot_index":0,"label":"图像"}],"properties":{"Node name for S&R":"ImageScaleBy"},"widgets_values":["nearest-exact",0.35000000000000003],"color":"#223","bgcolor":"#335"},{"id":52,"type":"FILM VFI","pos":[2430,-360],"size":{"0":443.4000244140625,"1":150},"flags":{},"order":21,"mode":4,"inputs":[{"name":"frames","type":"IMAGE","link":104,"slot_index":0,"label":"frames"},{"name":"optional_interpolation_states","type":"INTERPOLATION_STATES","link":null,"label":"optional_interpolation_states"}],"outputs":[{"name":"IMAGE","type":"IMAGE","links":[137],"shape":3,"slot_index":0,"label":"IMAGE"}],"properties":{"Node name for S&R":"FILM VFI"},"widgets_values":["film_net_fp32.pt",10,2,true],"color":"#223","bgcolor":"#335"},{"id":57,"type":"UpscaleModelLoader","pos":[2050,-630],"size":{"0":309.73345947265625,"1":62.243003845214844},"flags":{"collapsed":false},"order":0,"mode":4,"outputs":[{"name":"UPSCALE_MODEL","type":"UPSCALE_MODEL","links":[112],"slot_index":0,"label":"放大模型"}],"properties":{"Node name for S&R":"UpscaleModelLoader"},"widgets_values":["4xUltrasharp_4xUltrasharpV10.pth"],"color":"#432","bgcolor":"#653"},{"id":67,"type":"VHS_VideoCombine","pos":[2436,-147],"size":{"0":613.4476928710938,"1":198},"flags":{},"order":22,"mode":4,"inputs":[{"name":"images","type":"IMAGE","link":137,"label":"图像"},{"name":"audio","type":"VHS_AUDIO","link":null}],"outputs":[{"name":"Filenames","type":"VHS_FILENAMES","links":null,"shape":3,"label":"文件名"}],"properties":{"Node name for S&R":"VHS_VideoCombine"},"widgets_values":{"frame_rate":24,"loop_count":0,"filename_prefix":"Final-SVD-","format":"image/gif","pingpong":false,"save_output":true,"videopreview":{"hidden":false,"paused":false,"params":{"filename":"Final-SVD-_00006.gif","subfolder":"","type":"output","format":"image/gif"}}},"color":"#233","bgcolor":"#355"},{"id":56,"type":"VAEDecode","pos":[2430,-480],"size":{"0":210,"1":46},"flags":{"collapsed":false},"order":20,"mode":4,"inputs":[{"name":"samples","type":"LATENT","link":110,"label":"Latent"},{"name":"vae","type":"VAE","link":145,"slot_index":1,"label":"VAE"}],"outputs":[{"name":"IMAGE","type":"IMAGE","links":[104],"slot_index":0,"label":"图像"}],"properties":{"Node name for S&R":"VAEDecode"},"color":"#322","bgcolor":"#533"},{"id":14,"type":"VideoLinearCFGGuidance","pos":[170,-380],"size":{"0":315,"1":58},"flags":{},"order":7,"mode":0,"inputs":[{"name":"model","type":"MODEL","link":134,"label":"模型"}],"outputs":[{"name":"MODEL","type":"MODEL","links":[66],"shape":3,"slot_index":0,"label":"模型"}],"properties":{"Node name for S&R":"VideoLinearCFGGuidance"},"widgets_values":[1],"color":"#223","bgcolor":"#335"},{"id":73,"type":"Reroute","pos":[940,-460],"size":[75,26],"flags":{},"order":8,"mode":0,"inputs":[{"name":"","type":"*","link":147}],"outputs":[{"name":"","type":"VAE","links":[144,145],"slot_index":0}],"properties":{"showOutputText":false,"horizontal":false}},{"id":23,"type":"LoadImage","pos":[-290,40],"size":{"0":410,"1":420},"flags":{},"order":1,"mode":0,"outputs":[{"name":"IMAGE","type":"IMAGE","links":[41],"shape":3,"slot_index":0,"label":"图像"},{"name":"MASK","type":"MASK","links":null,"shape":3,"label":"遮罩"}],"properties":{"Node name for S&R":"LoadImage"},"widgets_values":["010B07B57A5821A661844F98C3608EB7_1701956128755.jpeg","image"],"color":"#432","bgcolor":"#653"},{"id":55,"type":"KSampler","pos":[2095,-168],"size":{"0":279.02337646484375,"1":446},"flags":{},"order":19,"mode":4,"inputs":[{"name":"model","type":"MODEL","link":146,"slot_index":0,"label":"模型"},{"name":"positive","type":"CONDITIONING","link":141,"slot_index":1,"label":"正面条件"},{"name":"negative","type":"CONDITIONING","link":142,"slot_index":2,"label":"负面条件"},{"name":"latent_image","type":"LATENT","link":108,"label":"Latent"},{"name":"seed","type":"INT","link":128,"widget":{"name":"seed"},"slot_index":4,"label":"随机种"}],"outputs":[{"name":"LATENT","type":"LATENT","links":[110],"slot_index":0,"label":"Latent"}],"properties":{"Node name for S&R":"KSampler"},"widgets_values":[44444567,"increment",20,7.5,"euler_ancestral","simple",0.25],"color":"#233","bgcolor":"#355"},{"id":8,"type":"VAEDecode","pos":[1345,-384],"size":{"0":210,"1":46},"flags":{},"order":12,"mode":0,"inputs":[{"name":"samples","type":"LATENT","link":90,"label":"Latent"},{"name":"vae","type":"VAE","link":47,"label":"VAE"}],"outputs":[{"name":"IMAGE","type":"IMAGE","links":[116,155],"slot_index":0,"label":"图像"}],"properties":{"Node name for S&R":"VAEDecode"},"color":"#323","bgcolor":"#535"},{"id":63,"type":"Reroute","pos":[1836,-394],"size":[75,26],"flags":{},"order":15,"mode":0,"inputs":[{"name":"","type":"*","link":154}],"outputs":[{"name":"","type":"IMAGE","links":[113],"slot_index":0}],"properties":{"showOutputText":false,"horizontal":false},"color":"#222","bgcolor":"#000"},{"id":75,"type":"Reroute","pos":[1724,-544],"size":[75,26],"flags":{},"order":14,"mode":0,"inputs":[{"name":"","type":"*","link":155}],"outputs":[{"name":"","type":"IMAGE","links":[154],"slot_index":0}],"properties":{"showOutputText":false,"horizontal":false},"color":"#222","bgcolor":"#000"},{"id":15,"type":"ImageOnlyCheckpointLoader","pos":[-290,-110],"size":{"0":410,"1":100},"flags":{},"order":2,"mode":0,"outputs":[{"name":"MODEL","type":"MODEL","links":[134],"shape":3,"slot_index":0,"label":"模型"},{"name":"CLIP_VISION","type":"CLIP_VISION","links":[24],"shape":3,"slot_index":1,"label":"CLIP视觉"},{"name":"VAE","type":"VAE","links":[25,47,147],"shape":3,"slot_index":2,"label":"VAE"}],"properties":{"Node name for S&R":"ImageOnlyCheckpointLoader"},"widgets_values":["svd_xt_image_decoder.safetensors"],"color":"#432","bgcolor":"#653"},{"id":42,"type":"Note","pos":[2376,396],"size":{"0":310.79998779296875,"1":165.77197265625},"flags":{},"order":3,"mode":0,"properties":{"text":""},"widgets_values":["Credits:\nComfyUI Workflow by: MrLunk / #NeuraLunk \n\nFaceCrap page:\nhttps://www.facebook.com/NeuraLunk \n\n--->> FREE downloadable:\n300+ of my Workflows and art-pieces:\n\nLink:\nhttps://openart.ai/profile/neuralunk "],"color":"#148327","bgcolor":"#006f13"},{"id":38,"type":"KSampler","pos":[960,-150],"size":{"0":315,"1":446},"flags":{},"order":11,"mode":0,"inputs":[{"name":"model","type":"MODEL","link":89,"slot_index":0,"label":"模型"},{"name":"positive","type":"CONDITIONING","link":86,"slot_index":1,"label":"正面条件"},{"name":"negative","type":"CONDITIONING","link":87,"label":"负面条件"},{"name":"latent_image","type":"LATENT","link":88,"slot_index":3,"label":"Latent"},{"name":"seed","type":"INT","link":92,"widget":{"name":"seed"},"slot_index":4,"label":"随机种"}],"outputs":[{"name":"LATENT","type":"LATENT","links":[90],"shape":3,"slot_index":0,"label":"Latent"}],"properties":{"Node name for S&R":"KSampler"},"widgets_values":[549302628577690,"randomize",20,2.5,"dpmpp_2m_sde_gpu","karras",1],"color":"#233","bgcolor":"#355"},{"id":40,"type":"Seed (rgthree)","pos":[746,310],"size":{"0":210,"1":130},"flags":{},"order":4,"mode":0,"outputs":[{"name":"SEED","type":"INT","links":[92,128],"shape":3,"slot_index":0,"label":"随机种","dir":4}],"properties":{"Node name for S&R":"Seed (rgthree)"},"widgets_values":[266436004036471,null,null,null],"color":"#432","bgcolor":"#653"},{"id":71,"type":"PrimitiveNode","pos":[143,97],"size":{"0":210,"1":82},"flags":{},"order":5,"mode":0,"outputs":[{"name":"INT","type":"INT","links":[132],"widget":{"name":"width"}}],"properties":{"Run widget replace on values":false},"widgets_values":[576,"fixed"],"color":"#432","bgcolor":"#653"},{"id":72,"type":"PrimitiveNode","pos":[260,290],"size":{"0":210,"1":82},"flags":{},"order":6,"mode":0,"outputs":[{"name":"INT","type":"INT","links":[133],"widget":{"name":"height"}}],"properties":{"Run widget replace on values":false},"widgets_values":[1024,"fixed"],"color":"#432","bgcolor":"#653"},{"id":36,"type":"FreeU_V2","pos":[289,-242],"size":{"0":315,"1":130},"flags":{},"order":10,"mode":0,"inputs":[{"name":"model","type":"MODEL","link":66,"label":"模型"}],"outputs":[{"name":"MODEL","type":"MODEL","links":[89,146],"shape":3,"slot_index":0,"label":"模型"}],"properties":{"Node name for S&R":"FreeU_V2"},"widgets_values":[1.3,1.4,0.9,0.2],"color":"#323","bgcolor":"#535"},{"id":26,"type":"VHS_VideoCombine","pos":[1357,-53],"size":{"0":653.642822265625,"1":198},"flags":{},"order":13,"mode":0,"inputs":[{"name":"images","type":"IMAGE","link":116,"label":"图像"},{"name":"audio","type":"VHS_AUDIO","link":null}],"outputs":[{"name":"Filenames","type":"VHS_FILENAMES","links":null,"shape":3,"label":"文件名"}],"properties":{"Node name for S&R":"VHS_VideoCombine"},"widgets_values":{"frame_rate":25,"loop_count":0,"filename_prefix":"SVD-1st-","format":"image/gif","pingpong":true,"save_output":false,"videopreview":{"hidden":false,"paused":false,"params":{"filename":"SVD-1st-_00003.gif","subfolder":"","type":"temp","format":"image/gif"}}},"color":"#233","bgcolor":"#355"},{"id":12,"type":"SVD_img2vid_Conditioning","pos":[508,-59],"size":{"0":315,"1":218},"flags":{},"order":9,"mode":0,"inputs":[{"name":"clip_vision","type":"CLIP_VISION","link":24,"label":"CLIP视觉"},{"name":"init_image","type":"IMAGE","link":41,"slot_index":1,"label":"图像"},{"name":"vae","type":"VAE","link":25},{"name":"width","type":"INT","link":132,"widget":{"name":"width"},"slot_index":3,"label":"宽度"},{"name":"height","type":"INT","link":133,"widget":{"name":"height"},"slot_index":4,"label":"高度"}],"outputs":[{"name":"positive","type":"CONDITIONING","links":[86,141],"shape":3,"slot_index":0,"label":"正面条件"},{"name":"negative","type":"CONDITIONING","links":[87,142],"shape":3,"slot_index":1,"label":"负面条件"},{"name":"latent","type":"LATENT","links":[88],"shape":3,"slot_index":2,"label":"Latent"}],"properties":{"Node name for S&R":"SVD_img2vid_Conditioning"},"widgets_values":[576,1024,48,100,6,0.01],"color":"#223","bgcolor":"#335"}],"links":[[24,15,1,12,0,"CLIP_VISION"],[25,15,2,12,2,"VAE"],[41,23,0,12,1,"IMAGE"],[47,15,2,8,1,"VAE"],[66,14,0,36,0,"MODEL"],[86,12,0,38,1,"CONDITIONING"],[87,12,1,38,2,"CONDITIONING"],[88,12,2,38,3,"LATENT"],[89,36,0,38,0,"MODEL"],[90,38,0,8,0,"LATENT"],[92,40,0,38,4,"INT"],[104,56,0,52,0,"IMAGE"],[106,59,0,54,0,"IMAGE"],[108,54,0,55,3,"LATENT"],[110,55,0,56,0,"LATENT"],[112,57,0,58,0,"UPSCALE_MODEL"],[113,63,0,58,1,"IMAGE"],[114,58,0,59,0,"IMAGE"],[116,8,0,26,0,"IMAGE"],[128,40,0,55,4,"INT"],[132,71,0,12,3,"INT"],[133,72,0,12,4,"INT"],[134,15,0,14,0,"MODEL"],[137,52,0,67,0,"IMAGE"],[141,12,0,55,1,"CONDITIONING"],[142,12,1,55,2,"CONDITIONING"],[144,73,0,54,1,"VAE"],[145,73,0,56,1,"VAE"],[146,36,0,55,0,"MODEL"],[147,15,2,73,0,"*"],[154,75,0,63,0,"*"],[155,8,0,75,0,"*"]],"groups":[],"config":{},"extra":{"workspace_info":{"id":"45ef4109-8d49-49a1-839f-4efb81c7f930","name":"SVD"}},"version":0.4}