{"last_node_id":22,"last_link_id":40,"nodes":[{"id":14,"type":"VideoLinearCFGGuidance","pos":[1463.739995117188,366.55992248535165],"size":{"0":315,"1":58},"flags":{},"order":5,"mode":0,"inputs":[{"name":"model","type":"MODEL","link":23,"label":"模型"}],"outputs":[{"name":"MODEL","type":"MODEL","links":[39],"shape":3,"slot_index":0,"label":"模型"}],"properties":{"Node name for S&R":"VideoLinearCFGGuidance"},"widgets_values":[1]},{"id":12,"type":"SVD_img2vid_Conditioning","pos":[1463.739995117188,496.55992248535154],"size":{"0":315,"1":218},"flags":{},"order":8,"mode":0,"inputs":[{"name":"clip_vision","type":"CLIP_VISION","link":24,"label":"CLIP视觉"},{"name":"init_image","type":"IMAGE","link":35,"slot_index":1,"label":"图像"},{"name":"vae","type":"VAE","link":25}],"outputs":[{"name":"positive","type":"CONDITIONING","links":[40],"shape":3,"slot_index":0,"label":"正面条件"},{"name":"negative","type":"CONDITIONING","links":[17],"shape":3,"slot_index":1,"label":"负面条件"},{"name":"latent","type":"LATENT","links":[18],"shape":3,"slot_index":2,"label":"Latent"}],"properties":{"Node name for S&R":"SVD_img2vid_Conditioning"},"widgets_values":[1024,576,25,127,6,0]},{"id":3,"type":"KSampler","pos":[1843.7399951171883,476.55992248535154],"size":{"0":315,"1":262},"flags":{},"order":10,"mode":0,"inputs":[{"name":"model","type":"MODEL","link":39,"label":"模型"},{"name":"positive","type":"CONDITIONING","link":40,"label":"正面条件"},{"name":"negative","type":"CONDITIONING","link":17,"label":"负面条件"},{"name":"latent_image","type":"LATENT","link":18,"label":"Latent"}],"outputs":[{"name":"LATENT","type":"LATENT","links":[7],"slot_index":0,"label":"Latent"}],"properties":{"Node name for S&R":"KSampler"},"widgets_values":[237514639057514,"randomize",20,2.5,"euler","karras",1]},{"id":8,"type":"VAEDecode","pos":[2183.73999511719,476.55992248535154],"size":{"0":210,"1":46},"flags":{},"order":11,"mode":0,"inputs":[{"name":"samples","type":"LATENT","link":7,"label":"Latent"},{"name":"vae","type":"VAE","link":26,"label":"VAE"}],"outputs":[{"name":"IMAGE","type":"IMAGE","links":[10],"slot_index":0,"label":"图像"}],"properties":{"Node name for S&R":"VAEDecode"}},{"id":21,"type":"PreviewImage","pos":[1152.400012207032,656.4000274658205],"size":{"0":275.9453125,"1":246},"flags":{},"order":9,"mode":0,"inputs":[{"name":"images","type":"IMAGE","link":36,"label":"图像"}],"properties":{"Node name for S&R":"PreviewImage"}},{"id":20,"type":"VAEDecode","pos":[1172.400012207032,566.4000274658204],"size":{"0":210,"1":46},"flags":{},"order":7,"mode":0,"inputs":[{"name":"samples","type":"LATENT","link":33,"label":"Latent"},{"name":"vae","type":"VAE","link":34,"slot_index":1,"label":"VAE"}],"outputs":[{"name":"IMAGE","type":"IMAGE","links":[35,36],"shape":3,"slot_index":0,"label":"图像"}],"properties":{"Node name for S&R":"VAEDecode"}},{"id":17,"type":"KSampler","pos":[802.4000122070315,566.4000274658204],"size":{"0":315,"1":262},"flags":{},"order":6,"mode":0,"inputs":[{"name":"model","type":"MODEL","link":28,"label":"模型"},{"name":"positive","type":"CONDITIONING","link":30,"label":"正面条件"},{"name":"negative","type":"CONDITIONING","link":32,"label":"负面条件"},{"name":"latent_image","type":"LATENT","link":37,"slot_index":3,"label":"Latent"}],"outputs":[{"name":"LATENT","type":"LATENT","links":[33],"shape":3,"slot_index":0,"label":"Latent"}],"properties":{"Node name for S&R":"KSampler"},"widgets_values":[144698910769133,"randomize",15,8,"uni_pc_bh2","normal",1]},{"id":18,"type":"CLIPTextEncode","pos":[342.4000122070312,516.4000274658204],"size":{"0":390,"1":130},"flags":{},"order":3,"mode":0,"inputs":[{"name":"clip","type":"CLIP","link":29,"label":"CLIP"}],"outputs":[{"name":"CONDITIONING","type":"CONDITIONING","links":[30],"shape":3,"slot_index":0,"label":"条件"}],"properties":{"Node name for S&R":"CLIPTextEncode"},"widgets_values":["photograph beautiful scenery nature mountains alps river rapids snow sky cumulus clouds"]},{"id":22,"type":"EmptyLatentImage","pos":[422.4000122070312,866.4000274658204],"size":{"0":310,"1":110},"flags":{},"order":0,"mode":0,"outputs":[{"name":"LATENT","type":"LATENT","links":[37],"shape":3,"label":"Latent"}],"properties":{"Node name for S&R":"EmptyLatentImage"},"widgets_values":[1024,576,1]},{"id":19,"type":"CLIPTextEncode","pos":[342.4000122070312,696.4000274658205],"size":{"0":390,"1":130},"flags":{},"order":4,"mode":0,"inputs":[{"name":"clip","type":"CLIP","link":31,"label":"CLIP"}],"outputs":[{"name":"CONDITIONING","type":"CONDITIONING","links":[32],"shape":3,"slot_index":0,"label":"条件"}],"properties":{"Node name for S&R":"CLIPTextEncode"},"widgets_values":["text, watermark"]},{"id":16,"type":"CheckpointLoaderSimple","pos":[0,510],"size":{"0":315,"1":122},"flags":{},"order":1,"mode":0,"outputs":[{"name":"MODEL","type":"MODEL","links":[28],"shape":3,"slot_index":0,"label":"模型"},{"name":"CLIP","type":"CLIP","links":[29,31],"shape":3,"slot_index":1,"label":"CLIP"},{"name":"VAE","type":"VAE","links":[34],"shape":3,"label":"VAE"}],"properties":{"Node name for S&R":"CheckpointLoaderSimple"},"widgets_values":["sd_xl_1.0.safetensors",null]},{"id":15,"type":"ImageOnlyCheckpointLoader","pos":[1050,320],"size":{"0":369.6000061035156,"1":122},"flags":{},"order":2,"mode":0,"outputs":[{"name":"MODEL","type":"MODEL","links":[23],"shape":3,"slot_index":0,"label":"模型"},{"name":"CLIP_VISION","type":"CLIP_VISION","links":[24],"shape":3,"slot_index":1,"label":"CLIP视觉"},{"name":"VAE","type":"VAE","links":[25,26],"shape":3,"slot_index":2,"label":"VAE"}],"properties":{"Node name for S&R":"ImageOnlyCheckpointLoader"},"widgets_values":["svd_xt.safetensors",null]},{"id":10,"type":"SaveAnimatedWEBP","pos":[1654,829],"size":{"0":741.6685791015625,"1":564.5909423828125},"flags":{},"order":12,"mode":0,"inputs":[{"name":"images","type":"IMAGE","link":10,"label":"图像"}],"properties":{"Node name for S&R":"SaveAnimatedWEBP"},"widgets_values":["ComfyUI",10,false,85,"default"]}],"links":[[7,3,0,8,0,"LATENT"],[10,8,0,10,0,"IMAGE"],[17,12,1,3,2,"CONDITIONING"],[18,12,2,3,3,"LATENT"],[23,15,0,14,0,"MODEL"],[24,15,1,12,0,"CLIP_VISION"],[25,15,2,12,2,"VAE"],[26,15,2,8,1,"VAE"],[28,16,0,17,0,"MODEL"],[29,16,1,18,0,"CLIP"],[30,18,0,17,1,"CONDITIONING"],[31,16,1,19,0,"CLIP"],[32,19,0,17,2,"CONDITIONING"],[33,17,0,20,0,"LATENT"],[34,16,2,20,1,"VAE"],[35,20,0,12,1,"IMAGE"],[36,20,0,21,0,"IMAGE"],[37,22,0,17,3,"LATENT"],[39,14,0,3,0,"MODEL"],[40,12,0,3,1,"CONDITIONING"]],"groups":[{"title":"Image to Video","bounding":[1454,293,954,478],"color":"#8A8","font_size":24},{"title":"Text to Image","bounding":[332,442,1106,544],"color":"#3f789e","font_size":24}],"config":{},"extra":{"workspace_info":{"id":"67a240a1-2fad-46ab-a7c5-e145a715f1ff","name":"workflow_txt_to_img_to_video"}},"version":0.4}