{"last_node_id":33,"last_link_id":49,"nodes":[{"id":8,"type":"VAEDecode","pos":[1053,172],"size":{"0":210,"1":46},"flags":{},"order":8,"mode":0,"inputs":[{"name":"samples","type":"LATENT","link":7,"label":"Latent"},{"name":"vae","type":"VAE","link":49,"label":"VAE"}],"outputs":[{"name":"IMAGE","type":"IMAGE","links":[9],"slot_index":0,"label":"图像"}],"properties":{"Node name for S&R":"VAEDecode"}},{"id":5,"type":"EmptyLatentImage","pos":[259,463],"size":{"0":315,"1":106},"flags":{},"order":0,"mode":0,"outputs":[{"name":"LATENT","type":"LATENT","links":[2],"slot_index":0,"label":"Latent"}],"properties":{"Node name for S&R":"EmptyLatentImage"},"widgets_values":[832,384,1]},{"id":7,"type":"CLIPTextEncode","pos":[169,212],"size":{"0":425.27801513671875,"1":180.6060791015625},"flags":{},"order":4,"mode":0,"inputs":[{"name":"clip","type":"CLIP","link":47,"label":"CLIP"}],"outputs":[{"name":"CONDITIONING","type":"CONDITIONING","links":[6],"slot_index":0,"label":"条件"}],"properties":{"Node name for S&R":"CLIPTextEncode"},"widgets_values":["(hands), text, error, cropped, (worst quality:1.2), (low quality:1.2), normal quality, (jpeg artifacts:1.3), signature, watermark, username, blurry, artist name, monochrome, sketch, censorship, censor, (copyright:1.2)"]},{"id":9,"type":"SaveImage","pos":[1310,169],"size":{"0":516.0524291992188,"1":301.2359619140625},"flags":{},"order":9,"mode":0,"inputs":[{"name":"images","type":"IMAGE","link":9,"label":"图像"}],"properties":{},"widgets_values":["ComfyUI"]},{"id":3,"type":"KSampler","pos":[699,167],"size":{"0":315,"1":262},"flags":{},"order":7,"mode":0,"inputs":[{"name":"model","type":"MODEL","link":46,"label":"模型"},{"name":"positive","type":"CONDITIONING","link":40,"label":"正面条件"},{"name":"negative","type":"CONDITIONING","link":6,"label":"负面条件"},{"name":"latent_image","type":"LATENT","link":2,"label":"Latent"}],"outputs":[{"name":"LATENT","type":"LATENT","links":[7],"slot_index":0,"label":"Latent"}],"properties":{"Node name for S&R":"KSampler"},"widgets_values":[1099488769923793,"randomize",20,8,"uni_pc_bh2","normal",1]},{"id":23,"type":"ControlNetApply","pos":[553,-289],"size":{"0":317.4000244140625,"1":98},"flags":{},"order":6,"mode":0,"inputs":[{"name":"conditioning","type":"CONDITIONING","link":42,"label":"条件"},{"name":"control_net","type":"CONTROL_NET","link":44,"label":"ControlNet"},{"name":"image","type":"IMAGE","link":34,"label":"图像"}],"outputs":[{"name":"CONDITIONING","type":"CONDITIONING","links":[40],"slot_index":0,"label":"条件"}],"properties":{"Node name for S&R":"ControlNetApply"},"widgets_values":[1.0000000000000004]},{"id":20,"type":"LoadImage","pos":[88,-174],"size":[413,314],"flags":{},"order":1,"mode":0,"outputs":[{"name":"IMAGE","type":"IMAGE","links":[34],"slot_index":0,"label":"图像"},{"name":"MASK","type":"MASK","links":null,"label":"遮罩"}],"properties":{"Node name for S&R":"LoadImage"},"widgets_values":["shark_depthmap.png","image"]},{"id":24,"type":"CLIPTextEncode","pos":[-360,-261],"size":{"0":422.84503173828125,"1":164.31304931640625},"flags":{},"order":5,"mode":0,"inputs":[{"name":"clip","type":"CLIP","link":48,"label":"CLIP"}],"outputs":[{"name":"CONDITIONING","type":"CONDITIONING","links":[42],"slot_index":0,"label":"条件"}],"properties":{"Node name for S&R":"CLIPTextEncode"},"widgets_values":["underwater photograph shark\n\n\n\n"]},{"id":33,"type":"CheckpointLoaderSimple","pos":[-349,161],"size":{"0":315,"1":122},"flags":{},"order":2,"mode":0,"outputs":[{"name":"MODEL","type":"MODEL","links":[46],"slot_index":0,"label":"模型"},{"name":"CLIP","type":"CLIP","links":[47,48],"slot_index":1,"label":"CLIP"},{"name":"VAE","type":"VAE","links":[49],"slot_index":2,"label":"VAE"}],"properties":{"Node name for S&R":"CheckpointLoaderSimple"},"widgets_values":["3Guofeng3_v34.safetensors",null]},{"id":31,"type":"ControlNetLoader","pos":[168,-286],"size":{"0":345,"1":82},"flags":{},"order":3,"mode":0,"outputs":[{"name":"CONTROL_NET","type":"CONTROL_NET","links":[44],"slot_index":0,"label":"ControlNet"}],"properties":{"Node name for S&R":"ControlNetLoader"},"widgets_values":["control_v11f1p_sd15_depth_fp16.safetensors",null]}],"links":[[2,5,0,3,3,"LATENT"],[6,7,0,3,2,"CONDITIONING"],[7,3,0,8,0,"LATENT"],[9,8,0,9,0,"IMAGE"],[34,20,0,23,2,"IMAGE"],[40,23,0,3,1,"CONDITIONING"],[42,24,0,23,0,"CONDITIONING"],[44,31,0,23,1,"CONTROL_NET"],[46,33,0,3,0,"MODEL"],[47,33,1,7,0,"CLIP"],[48,33,1,24,0,"CLIP"],[49,33,2,8,1,"VAE"]],"groups":[{"title":"Apply Depth T2I-Adapter","bounding":[153,-378,739,336],"color":"#3f789e","font_size":24}],"config":{},"extra":{"workspace_info":{"id":"41037b49-ed76-4fd3-b442-1d4bc76e992c","name":"depth controlnet"}},"version":0.4}