{"last_node_id":14,"last_link_id":17,"nodes":[{"id":7,"type":"CLIPTextEncode","pos":[413,389],"size":{"0":425.27801513671875,"1":180.6060791015625},"flags":{},"order":3,"mode":0,"inputs":[{"name":"clip","type":"CLIP","link":15,"label":"CLIP"}],"outputs":[{"name":"CONDITIONING","type":"CONDITIONING","links":[6],"slot_index":0,"label":"条件"}],"properties":{"Node name for S&R":"CLIPTextEncode"},"widgets_values":["watermark, text\n"]},{"id":6,"type":"CLIPTextEncode","pos":[415,186],"size":{"0":422.84503173828125,"1":164.31304931640625},"flags":{},"order":2,"mode":0,"inputs":[{"name":"clip","type":"CLIP","link":14,"label":"CLIP"}],"outputs":[{"name":"CONDITIONING","type":"CONDITIONING","links":[4],"slot_index":0,"label":"条件"}],"properties":{"Node name for S&R":"CLIPTextEncode"},"widgets_values":["photograph of victorian woman with wings, sky clouds, meadow grass\n"]},{"id":8,"type":"VAEDecode","pos":[1209,188],"size":{"0":210,"1":46},"flags":{},"order":6,"mode":0,"inputs":[{"name":"samples","type":"LATENT","link":7,"label":"Latent"},{"name":"vae","type":"VAE","link":17,"label":"VAE"}],"outputs":[{"name":"IMAGE","type":"IMAGE","links":[9],"slot_index":0,"label":"图像"}],"properties":{"Node name for S&R":"VAEDecode"}},{"id":9,"type":"SaveImage","pos":[1451,189],"size":{"0":210,"1":58},"flags":{},"order":7,"mode":0,"inputs":[{"name":"images","type":"IMAGE","link":9,"label":"图像"}],"properties":{},"widgets_values":["ComfyUI"]},{"id":10,"type":"LoadImage","pos":[215.9799597167969,703.6800268554688],"size":{"0":315,"1":314.0000305175781},"flags":{},"order":0,"mode":0,"outputs":[{"name":"IMAGE","type":"IMAGE","links":[10],"slot_index":0,"label":"图像"},{"name":"MASK","type":"MASK","links":null,"shape":3,"label":"遮罩"}],"properties":{"Node name for S&R":"LoadImage"},"widgets_values":["example.png","image"]},{"id":12,"type":"VAEEncode","pos":[614.979959716797,707.6800268554688],"size":{"0":210,"1":46},"flags":{},"order":4,"mode":0,"inputs":[{"name":"pixels","type":"IMAGE","link":10,"label":"图像"},{"name":"vae","type":"VAE","link":16,"label":"VAE"}],"outputs":[{"name":"LATENT","type":"LATENT","links":[11],"slot_index":0,"label":"Latent"}],"properties":{"Node name for S&R":"VAEEncode"}},{"id":3,"type":"KSampler","pos":[863,186],"size":{"0":315,"1":262},"flags":{},"order":5,"mode":0,"inputs":[{"name":"model","type":"MODEL","link":13,"label":"模型"},{"name":"positive","type":"CONDITIONING","link":4,"label":"正面条件"},{"name":"negative","type":"CONDITIONING","link":6,"label":"负面条件"},{"name":"latent_image","type":"LATENT","link":11,"label":"Latent"}],"outputs":[{"name":"LATENT","type":"LATENT","links":[7],"slot_index":0,"label":"Latent"}],"properties":{"Node name for S&R":"KSampler"},"widgets_values":[280823642470253,"randomize",20,8,"dpmpp_2m","normal",0.8700000000000001]},{"id":14,"type":"CheckpointLoaderSimple","pos":[19,433],"size":{"0":315,"1":122},"flags":{},"order":1,"mode":0,"outputs":[{"name":"MODEL","type":"MODEL","links":[13],"shape":3,"slot_index":0,"label":"模型"},{"name":"CLIP","type":"CLIP","links":[14,15],"shape":3,"slot_index":1,"label":"CLIP"},{"name":"VAE","type":"VAE","links":[16,17],"shape":3,"slot_index":2,"label":"VAE"}],"properties":{"Node name for S&R":"CheckpointLoaderSimple"},"widgets_values":["v1-5-pruned-emaonly.ckpt",null]}],"links":[[4,6,0,3,1,"CONDITIONING"],[6,7,0,3,2,"CONDITIONING"],[7,3,0,8,0,"LATENT"],[9,8,0,9,0,"IMAGE"],[10,10,0,12,0,"IMAGE"],[11,12,0,3,3,"LATENT"],[13,14,0,3,0,"MODEL"],[14,14,1,6,0,"CLIP"],[15,14,1,7,0,"CLIP"],[16,14,2,12,1,"VAE"],[17,14,2,8,1,"VAE"]],"groups":[{"title":"Loading images","bounding":[150,630,726,171],"color":"#3f789e","font_size":24}],"config":{},"extra":{"workspace_info":{"id":"9e959443-4013-4453-a779-fc1b756feb09","name":"image2image"}},"version":0.4}