{"last_node_id":12,"last_link_id":24,"nodes":[{"id":7,"type":"CLIPTextEncode","pos":[413,389],"size":{"0":425.27801513671875,"1":180.6060791015625},"flags":{},"order":5,"mode":0,"inputs":[{"name":"clip","type":"CLIP","link":24,"label":"CLIP"}],"outputs":[{"name":"CONDITIONING","type":"CONDITIONING","links":[6],"slot_index":0,"label":"条件"}],"properties":{"Node name for S&R":"CLIPTextEncode"},"widgets_values":["text, watermark"]},{"id":8,"type":"VAEDecode","pos":[1209,188],"size":{"0":210,"1":46},"flags":{},"order":7,"mode":0,"inputs":[{"name":"samples","type":"LATENT","link":7,"label":"Latent"},{"name":"vae","type":"VAE","link":20,"slot_index":1,"label":"VAE"}],"outputs":[{"name":"IMAGE","type":"IMAGE","links":[9],"slot_index":0,"label":"图像"}],"properties":{"Node name for S&R":"VAEDecode"}},{"id":4,"type":"CheckpointLoaderSimple","pos":[-343,135],"size":{"0":315,"1":122},"flags":{},"order":0,"mode":0,"outputs":[{"name":"MODEL","type":"MODEL","links":[10],"slot_index":0,"label":"模型"},{"name":"CLIP","type":"CLIP","links":[11],"slot_index":1,"label":"CLIP"},{"name":"VAE","type":"VAE","links":[20],"slot_index":2,"label":"VAE"}],"properties":{"Node name for S&R":"CheckpointLoaderSimple"},"widgets_values":["sd_xl_1.0.safetensors",null]},{"id":11,"type":"ModelSamplingDiscrete","pos":[420,53],"size":{"0":315,"1":82},"flags":{},"order":3,"mode":0,"inputs":[{"name":"model","type":"MODEL","link":15,"label":"模型"}],"outputs":[{"name":"MODEL","type":"MODEL","links":[22],"shape":3,"slot_index":0}],"properties":{"Node name for S&R":"ModelSamplingDiscrete"},"widgets_values":["lcm",false]},{"id":10,"type":"LoraLoader","pos":[32,135],"size":{"0":315,"1":150},"flags":{},"order":2,"mode":0,"inputs":[{"name":"model","type":"MODEL","link":10,"label":"模型"},{"name":"clip","type":"CLIP","link":11,"label":"CLIP"}],"outputs":[{"name":"MODEL","type":"MODEL","links":[15],"shape":3,"slot_index":0,"label":"模型"},{"name":"CLIP","type":"CLIP","links":[23,24],"shape":3,"slot_index":1,"label":"CLIP"}],"properties":{"Node name for S&R":"LoraLoader"},"widgets_values":["lcm_lora_sdxl.safetensors",1,1,null]},{"id":5,"type":"EmptyLatentImage","pos":[518,613],"size":{"0":315,"1":106},"flags":{},"order":1,"mode":0,"outputs":[{"name":"LATENT","type":"LATENT","links":[2],"slot_index":0,"label":"Latent"}],"properties":{"Node name for S&R":"EmptyLatentImage"},"widgets_values":[1024,1024,1]},{"id":9,"type":"SaveImage","pos":[1456,190],"size":{"0":863.365478515625,"1":931.8978881835938},"flags":{},"order":8,"mode":0,"inputs":[{"name":"images","type":"IMAGE","link":9,"label":"图像"}],"properties":{},"widgets_values":["ComfyUI"]},{"id":6,"type":"CLIPTextEncode","pos":[415,186],"size":{"0":422.84503173828125,"1":164.31304931640625},"flags":{},"order":4,"mode":0,"inputs":[{"name":"clip","type":"CLIP","link":23,"label":"CLIP"}],"outputs":[{"name":"CONDITIONING","type":"CONDITIONING","links":[4],"slot_index":0,"label":"条件"}],"properties":{"Node name for S&R":"CLIPTextEncode"},"widgets_values":["evening sunset scenery blue sky nature, glass bottle with a galaxy in it"]},{"id":3,"type":"KSampler","pos":[863,186],"size":{"0":315,"1":262},"flags":{},"order":6,"mode":0,"inputs":[{"name":"model","type":"MODEL","link":22,"label":"模型"},{"name":"positive","type":"CONDITIONING","link":4,"label":"正面条件"},{"name":"negative","type":"CONDITIONING","link":6,"label":"负面条件"},{"name":"latent_image","type":"LATENT","link":2,"label":"Latent"}],"outputs":[{"name":"LATENT","type":"LATENT","links":[7],"slot_index":0,"label":"Latent"}],"properties":{"Node name for S&R":"KSampler"},"widgets_values":[167055194337639,"randomize",5,1.8,"lcm","sgm_uniform",1]}],"links":[[2,5,0,3,3,"LATENT"],[4,6,0,3,1,"CONDITIONING"],[6,7,0,3,2,"CONDITIONING"],[7,3,0,8,0,"LATENT"],[9,8,0,9,0,"IMAGE"],[10,4,0,10,0,"MODEL"],[11,4,1,10,1,"CLIP"],[15,10,0,11,0,"MODEL"],[20,4,2,8,1,"VAE"],[22,11,0,3,0,"MODEL"],[23,10,1,6,0,"CLIP"],[24,10,1,7,0,"CLIP"]],"groups":[],"config":{},"extra":{"workspace_info":{"id":"7230fce1-fa91-49df-bbf2-2d02268e72ca","name":"lcm"}},"version":0.4}