{"last_node_id":31,"last_link_id":43,"nodes":[{"id":7,"type":"CLIPTextEncode","pos":[180,203],"size":{"0":425.27801513671875,"1":180.6060791015625},"flags":{},"order":7,"mode":0,"inputs":[{"name":"clip","type":"CLIP","link":42,"label":"CLIP"}],"outputs":[{"name":"CONDITIONING","type":"CONDITIONING","links":[6],"slot_index":0,"label":"条件"}],"properties":{"Node name for S&R":"CLIPTextEncode"},"widgets_values":["(hands), text, error, cropped, (worst quality:1.2), (low quality:1.2), normal quality, (jpeg artifacts:1.3), signature, watermark, username, blurry, artist name, monochrome, sketch, censorship, censor, (copyright:1.2), extra legs, (forehead mark) (depth of field) (emotionless) (penis)"]},{"id":5,"type":"EmptyLatentImage","pos":[287,462],"size":{"0":315,"1":106},"flags":{},"order":0,"mode":0,"outputs":[{"name":"LATENT","type":"LATENT","links":[2],"slot_index":0,"label":"Latent"}],"properties":{"Node name for S&R":"EmptyLatentImage"},"widgets_values":[768,768,1]},{"id":8,"type":"VAEDecode","pos":[1053,172],"size":{"0":210,"1":46},"flags":{},"order":12,"mode":0,"inputs":[{"name":"samples","type":"LATENT","link":7,"label":"Latent"},{"name":"vae","type":"VAE","link":28,"label":"VAE"}],"outputs":[{"name":"IMAGE","type":"IMAGE","links":[9],"slot_index":0,"label":"图像"}],"properties":{"Node name for S&R":"VAEDecode"}},{"id":24,"type":"CLIPTextEncode","pos":[-823,-550],"size":{"0":422.84503173828125,"1":164.31304931640625},"flags":{},"order":8,"mode":0,"inputs":[{"name":"clip","type":"CLIP","link":43,"label":"CLIP"}],"outputs":[{"name":"CONDITIONING","type":"CONDITIONING","links":[37],"slot_index":0,"label":"条件"}],"properties":{"Node name for S&R":"CLIPTextEncode"},"widgets_values":["(solo) girl photograph realistic (flat chest:0.9), (fennec ears:1.0) (fox ears:1.0), (messy hair) blonde hair, blue eyes, standing, serafuku sweater, (brick house) (scenery HDR landscape) (sun clouds) sky, mountains,\n\n"]},{"id":21,"type":"LoadImage","pos":[-560,-144],"size":{"0":272.84295654296875,"1":372.2233581542969},"flags":{},"order":1,"mode":0,"outputs":[{"name":"IMAGE","type":"IMAGE","links":[33],"slot_index":0,"label":"图像"},{"name":"MASK","type":"MASK","links":null,"label":"遮罩"}],"properties":{"Node name for S&R":"LoadImage"},"widgets_values":["pose_present.png","image"]},{"id":31,"type":"CheckpointLoaderSimple","pos":[-1005,281],"size":{"0":315,"1":122},"flags":{},"order":2,"mode":0,"outputs":[{"name":"MODEL","type":"MODEL","links":[41],"slot_index":0,"label":"模型"},{"name":"CLIP","type":"CLIP","links":[42,43],"slot_index":1,"label":"CLIP"},{"name":"VAE","type":"VAE","links":null,"label":"VAE"}],"properties":{"Node name for S&R":"CheckpointLoaderSimple"},"widgets_values":["AOM3A1.safetensors",null]},{"id":15,"type":"VAELoader","pos":[720,506],"size":{"0":315,"1":82},"flags":{},"order":3,"mode":0,"outputs":[{"name":"VAE","type":"VAE","links":[28],"slot_index":0}],"properties":{"Node name for S&R":"VAELoader"},"widgets_values":["kl-f8-anime2.ckpt",null]},{"id":27,"type":"ControlNetLoader","pos":[-641,-245],"size":{"0":352.54541015625,"1":82},"flags":{},"order":4,"mode":0,"outputs":[{"name":"CONTROL_NET","type":"CONTROL_NET","links":[39],"slot_index":0,"label":"ControlNet"}],"properties":{"Node name for S&R":"ControlNetLoader"},"widgets_values":["control_openpose.safetensors",null]},{"id":26,"type":"ControlNetLoader","pos":[156,-339],"size":{"0":343.3163757324219,"1":82},"flags":{},"order":5,"mode":0,"outputs":[{"name":"CONTROL_NET","type":"CONTROL_NET","links":[38],"slot_index":0,"label":"ControlNet"}],"properties":{"Node name for S&R":"ControlNetLoader"},"widgets_values":["control_scribble.safetensors",null]},{"id":22,"type":"ControlNetApply","pos":[-204,-240],"size":{"0":317.4000244140625,"1":98},"flags":{},"order":9,"mode":0,"inputs":[{"name":"conditioning","type":"CONDITIONING","link":37,"label":"条件"},{"name":"control_net","type":"CONTROL_NET","link":39,"label":"ControlNet"},{"name":"image","type":"IMAGE","link":33,"label":"图像"}],"outputs":[{"name":"CONDITIONING","type":"CONDITIONING","links":[35],"slot_index":0,"label":"条件"}],"properties":{"Node name for S&R":"ControlNetApply"},"widgets_values":[1]},{"id":3,"type":"KSampler","pos":[699,167],"size":{"0":315,"1":262},"flags":{},"order":11,"mode":0,"inputs":[{"name":"model","type":"MODEL","link":41,"label":"模型"},{"name":"positive","type":"CONDITIONING","link":40,"label":"正面条件"},{"name":"negative","type":"CONDITIONING","link":6,"label":"负面条件"},{"name":"latent_image","type":"LATENT","link":2,"label":"Latent"}],"outputs":[{"name":"LATENT","type":"LATENT","links":[7],"slot_index":0,"label":"Latent"}],"properties":{"Node name for S&R":"KSampler"},"widgets_values":[894480165483805,"randomize",12,6,"dpmpp_sde","normal",1]},{"id":23,"type":"ControlNetApply","pos":[550.8099116806158,-385.59497549514134],"size":{"0":317.4000244140625,"1":98},"flags":{},"order":10,"mode":0,"inputs":[{"name":"conditioning","type":"CONDITIONING","link":35,"label":"条件"},{"name":"control_net","type":"CONTROL_NET","link":38,"label":"ControlNet"},{"name":"image","type":"IMAGE","link":34,"label":"图像"}],"outputs":[{"name":"CONDITIONING","type":"CONDITIONING","links":[40],"slot_index":0,"label":"条件"}],"properties":{"Node name for S&R":"ControlNetApply"},"widgets_values":[0.8000000000000003]},{"id":20,"type":"LoadImage","pos":[188,-217],"size":{"0":278.09918212890625,"1":361.8678283691406},"flags":{},"order":6,"mode":0,"outputs":[{"name":"IMAGE","type":"IMAGE","links":[34],"slot_index":0,"label":"图像"},{"name":"MASK","type":"MASK","links":null,"label":"遮罩"}],"properties":{"Node name for S&R":"LoadImage"},"widgets_values":["house_scribble.png","image"]},{"id":9,"type":"SaveImage","pos":[1310,169],"size":{"0":516.9498291015625,"1":567.6700439453125},"flags":{},"order":13,"mode":0,"inputs":[{"name":"images","type":"IMAGE","link":9,"label":"图像"}],"properties":{},"widgets_values":["ComfyUI"]}],"links":[[2,5,0,3,3,"LATENT"],[6,7,0,3,2,"CONDITIONING"],[7,3,0,8,0,"LATENT"],[9,8,0,9,0,"IMAGE"],[28,15,0,8,1,"VAE"],[33,21,0,22,2,"IMAGE"],[34,20,0,23,2,"IMAGE"],[35,22,0,23,0,"CONDITIONING"],[37,24,0,22,0,"CONDITIONING"],[38,26,0,23,1,"CONTROL_NET"],[39,27,0,22,1,"CONTROL_NET"],[40,23,0,3,1,"CONDITIONING"],[41,31,0,3,0,"MODEL"],[42,31,1,7,0,"CLIP"],[43,31,1,24,0,"CLIP"]],"groups":[{"title":"Apply Pose ControlNet","bounding":[-732,-355,859,323],"color":"#3f789e","font_size":24},{"title":"Apply Scribble ControlNet","bounding":[170,-480,739,336],"color":"#3f789e","font_size":24}],"config":{},"extra":{"workspace_info":{"id":"99e3b6ef-77fd-4502-a44c-7ba8ec4b5fb6","name":"open pose+scribble"}},"version":0.4}