{"last_node_id":42,"last_link_id":111,"nodes":[{"id":13,"type":"CLIPVisionEncode","pos":[135,-63],"size":{"0":253.60000610351562,"1":46},"flags":{},"order":6,"mode":0,"inputs":[{"name":"clip_vision","type":"CLIP_VISION","link":101,"label":"CLIP视觉"},{"name":"image","type":"IMAGE","link":95,"label":"图像"}],"outputs":[{"name":"CLIP_VISION_OUTPUT","type":"CLIP_VISION_OUTPUT","links":[24],"slot_index":0,"label":"CLIP视觉输出"}],"properties":{"Node name for S&R":"CLIPVisionEncode"}},{"id":36,"type":"CLIPVisionEncode","pos":[137,24],"size":{"0":253.60000610351562,"1":46},"flags":{},"order":7,"mode":0,"inputs":[{"name":"clip_vision","type":"CLIP_VISION","link":102,"label":"CLIP视觉"},{"name":"image","type":"IMAGE","link":98,"label":"图像"}],"outputs":[{"name":"CLIP_VISION_OUTPUT","type":"CLIP_VISION_OUTPUT","links":[100],"slot_index":0,"label":"CLIP视觉输出"}],"properties":{"Node name for S&R":"CLIPVisionEncode"}},{"id":8,"type":"VAEDecode","pos":[1277,-210],"size":{"0":210,"1":46},"flags":{},"order":12,"mode":0,"inputs":[{"name":"samples","type":"LATENT","link":7,"label":"Latent"},{"name":"vae","type":"VAE","link":106,"label":"VAE"}],"outputs":[{"name":"IMAGE","type":"IMAGE","links":[9],"slot_index":0,"label":"图像"}],"properties":{"Node name for S&R":"VAEDecode"}},{"id":34,"type":"LoadImage","pos":[-352,-29],"size":{"0":435.35137939453125,"1":377.5853576660156},"flags":{},"order":0,"mode":0,"outputs":[{"name":"IMAGE","type":"IMAGE","links":[95],"slot_index":0,"label":"图像"},{"name":"MASK","type":"MASK","links":null,"label":"遮罩"}],"properties":{"Node name for S&R":"LoadImage"},"widgets_values":["mountains.png","image"]},{"id":38,"type":"LoadImage","pos":[-341,412],"size":{"0":435.35137939453125,"1":377.5853576660156},"flags":{},"order":1,"mode":0,"outputs":[{"name":"IMAGE","type":"IMAGE","links":[98],"slot_index":0,"label":"图像"},{"name":"MASK","type":"MASK","links":null,"label":"遮罩"}],"properties":{"Node name for S&R":"LoadImage"},"widgets_values":["sunset.png","image"]},{"id":40,"type":"CheckpointLoaderSimple","pos":[-761,-275],"size":{"0":315,"1":122},"flags":{},"order":2,"mode":0,"outputs":[{"name":"MODEL","type":"MODEL","links":[103],"shape":3,"slot_index":0,"label":"模型"},{"name":"CLIP","type":"CLIP","links":[104],"shape":3,"slot_index":1,"label":"CLIP"},{"name":"VAE","type":"VAE","links":[106],"shape":3,"slot_index":2,"label":"VAE"}],"properties":{"Node name for S&R":"CheckpointLoaderSimple"},"widgets_values":["sd_xl_base_1.0.safetensors",null]},{"id":39,"type":"CLIPVisionLoader","pos":[-760,-120],"size":{"0":315,"1":82},"flags":{},"order":3,"mode":0,"outputs":[{"name":"CLIP_VISION","type":"CLIP_VISION","links":[101,102],"shape":3,"slot_index":0,"label":"CLIP视觉"}],"properties":{"Node name for S&R":"CLIPVisionLoader"},"widgets_values":["clip_vision_g.safetensors",null]},{"id":9,"type":"SaveImage","pos":[1542,-209],"size":{"0":635.19140625,"1":692.8153686523438},"flags":{},"order":13,"mode":0,"inputs":[{"name":"images","type":"IMAGE","link":9,"label":"图像"}],"properties":{},"widgets_values":["ComfyUI"]},{"id":3,"type":"KSampler","pos":[915,-218],"size":{"0":315,"1":262},"flags":{},"order":11,"mode":0,"inputs":[{"name":"model","type":"MODEL","link":103,"label":"模型"},{"name":"positive","type":"CONDITIONING","link":97,"label":"正面条件"},{"name":"negative","type":"CONDITIONING","link":111,"label":"负面条件"},{"name":"latent_image","type":"LATENT","link":2,"label":"Latent"}],"outputs":[{"name":"LATENT","type":"LATENT","links":[7],"slot_index":0,"label":"Latent"}],"properties":{"Node name for S&R":"KSampler"},"widgets_values":[133632471276133,"randomize",26,8,"dpmpp_3m_sde_gpu","exponential",1]},{"id":37,"type":"unCLIPConditioning","pos":[626,-205],"size":{"0":262,"1":102},"flags":{},"order":10,"mode":0,"inputs":[{"name":"conditioning","type":"CONDITIONING","link":96,"label":"条件"},{"name":"clip_vision_output","type":"CLIP_VISION_OUTPUT","link":100,"label":"CLIP视觉输出"}],"outputs":[{"name":"CONDITIONING","type":"CONDITIONING","links":[97],"slot_index":0,"label":"条件"}],"properties":{"Node name for S&R":"unCLIPConditioning"},"widgets_values":[0.7500000000000002,0]},{"id":5,"type":"EmptyLatentImage","pos":[534,214],"size":{"0":315,"1":106},"flags":{},"order":4,"mode":0,"outputs":[{"name":"LATENT","type":"LATENT","links":[2],"slot_index":0,"label":"Latent"}],"properties":{"Node name for S&R":"EmptyLatentImage"},"widgets_values":[1024,1024,1]},{"id":19,"type":"unCLIPConditioning","pos":[347,-207],"size":{"0":262,"1":102},"flags":{},"order":9,"mode":0,"inputs":[{"name":"conditioning","type":"CONDITIONING","link":110,"label":"条件"},{"name":"clip_vision_output","type":"CLIP_VISION_OUTPUT","link":24,"label":"CLIP视觉输出"}],"outputs":[{"name":"CONDITIONING","type":"CONDITIONING","links":[96],"slot_index":0,"label":"条件"}],"properties":{"Node name for S&R":"unCLIPConditioning"},"widgets_values":[0.7500000000000002,0]},{"id":42,"type":"ConditioningZeroOut","pos":[60,-211],"size":{"0":211.60000610351562,"1":26},"flags":{},"order":8,"mode":0,"inputs":[{"name":"conditioning","type":"CONDITIONING","link":109,"slot_index":0,"label":"条件"}],"outputs":[{"name":"CONDITIONING","type":"CONDITIONING","links":[110],"shape":3,"slot_index":0,"label":"条件"}],"properties":{"Node name for S&R":"ConditioningZeroOut"}},{"id":6,"type":"CLIPTextEncode","pos":[-182,-184],"size":{"0":422.84503173828125,"1":164.31304931640625},"flags":{"collapsed":true},"order":5,"mode":0,"inputs":[{"name":"clip","type":"CLIP","link":104,"label":"CLIP"}],"outputs":[{"name":"CONDITIONING","type":"CONDITIONING","links":[109,111],"slot_index":0,"label":"条件"}],"properties":{"Node name for S&R":"CLIPTextEncode"},"widgets_values":[""]}],"links":[[2,5,0,3,3,"LATENT"],[7,3,0,8,0,"LATENT"],[9,8,0,9,0,"IMAGE"],[24,13,0,19,1,"CLIP_VISION_OUTPUT"],[95,34,0,13,1,"IMAGE"],[96,19,0,37,0,"CONDITIONING"],[97,37,0,3,1,"CONDITIONING"],[98,38,0,36,1,"IMAGE"],[100,36,0,37,1,"CLIP_VISION_OUTPUT"],[101,39,0,13,0,"CLIP_VISION"],[102,39,0,36,0,"CLIP_VISION"],[103,40,0,3,0,"MODEL"],[104,40,1,6,0,"CLIP"],[106,40,2,8,1,"VAE"],[109,6,0,42,0,"CONDITIONING"],[110,42,0,19,0,"CONDITIONING"],[111,6,0,3,2,"CONDITIONING"]],"groups":[],"config":{},"extra":{"workspace_info":{"id":"4e20d467-b99a-4ba5-9f5f-1426d9cc7852","name":"sdxl图像融合"}},"version":0.4}