{"last_node_id":26,"last_link_id":55,"nodes":[{"id":8,"type":"VAEDecode","pos":[1207.799932861331,375.6999450683598],"size":{"0":210,"1":46},"flags":{},"order":4,"mode":0,"inputs":[{"name":"samples","type":"LATENT","link":7,"label":"Latent"},{"name":"vae","type":"VAE","link":26,"label":"VAE"}],"outputs":[{"name":"IMAGE","type":"IMAGE","links":[49],"slot_index":0,"label":"图像"}],"properties":{"Node name for S&R":"VAEDecode"}},{"id":3,"type":"KSampler","pos":[868,376],"size":{"0":315,"1":262},"flags":{},"order":3,"mode":0,"inputs":[{"name":"model","type":"MODEL","link":42,"label":"模型"},{"name":"positive","type":"CONDITIONING","link":53,"label":"正面条件"},{"name":"negative","type":"CONDITIONING","link":54,"label":"负面条件"},{"name":"latent_image","type":"LATENT","link":55,"label":"Latent"}],"outputs":[{"name":"LATENT","type":"LATENT","links":[7],"slot_index":0,"label":"Latent"}],"properties":{"Node name for S&R":"KSampler"},"widgets_values":[237514639057560,"fixed",20,5,"euler","sgm_uniform",1]},{"id":25,"type":"SaveImage","pos":[1459,378],"size":{"0":262.2880859375,"1":308.6523742675781},"flags":{},"order":5,"mode":0,"inputs":[{"name":"images","type":"IMAGE","link":49,"label":"图像"}],"properties":{},"widgets_values":["3d/ComfyUI"]},{"id":23,"type":"LoadImage","pos":[175,438],"size":{"0":316.5220947265625,"1":405.7098693847656},"flags":{},"order":0,"mode":0,"outputs":[{"name":"IMAGE","type":"IMAGE","links":[51],"shape":3,"slot_index":0,"label":"图像"},{"name":"MASK","type":"MASK","links":null,"shape":3,"label":"遮罩"}],"properties":{"Node name for S&R":"LoadImage"},"widgets_values":["hypernetwork_example_output.png","image"]},{"id":26,"type":"StableZero123_Conditioning","pos":[514,394],"size":{"0":315,"1":194},"flags":{},"order":2,"mode":0,"inputs":[{"name":"clip_vision","type":"CLIP_VISION","link":50,"label":"CLIP视觉"},{"name":"init_image","type":"IMAGE","link":51,"label":"图像"},{"name":"vae","type":"VAE","link":52}],"outputs":[{"name":"positive","type":"CONDITIONING","links":[53],"shape":3,"slot_index":0,"label":"正面条件"},{"name":"negative","type":"CONDITIONING","links":[54],"shape":3,"slot_index":1,"label":"负面条件"},{"name":"latent","type":"LATENT","links":[55],"shape":3,"slot_index":2,"label":"Latent"}],"properties":{"Node name for S&R":"StableZero123_Conditioning"},"widgets_values":[256,256,1,10,142]},{"id":15,"type":"ImageOnlyCheckpointLoader","pos":[89,290],"size":{"0":369.6000061035156,"1":122},"flags":{},"order":1,"mode":0,"outputs":[{"name":"MODEL","type":"MODEL","links":[42],"shape":3,"slot_index":0,"label":"模型"},{"name":"CLIP_VISION","type":"CLIP_VISION","links":[50],"shape":3,"slot_index":1,"label":"CLIP视觉"},{"name":"VAE","type":"VAE","links":[26,52],"shape":3,"slot_index":2,"label":"VAE"}],"properties":{"Node name for S&R":"ImageOnlyCheckpointLoader"},"widgets_values":["stable_zero123.ckpt",null]}],"links":[[7,3,0,8,0,"LATENT"],[26,15,2,8,1,"VAE"],[42,15,0,3,0,"MODEL"],[49,8,0,25,0,"IMAGE"],[50,15,1,26,0,"CLIP_VISION"],[51,23,0,26,1,"IMAGE"],[52,15,2,26,2,"VAE"],[53,26,0,3,1,"CONDITIONING"],[54,26,1,3,2,"CONDITIONING"],[55,26,2,3,3,"LATENT"]],"groups":[],"config":{},"extra":{"workspace_info":{"id":"fae17083-cd41-4d03-ae3d-29af2223b8a7","name":"stable zero123"}},"version":0.4}