{"last_node_id":14,"last_link_id":19,"nodes":[{"id":7,"type":"CLIPTextEncode","pos":[413,389],"size":{"0":425.27801513671875,"1":180.6060791015625},"flags":{},"order":4,"mode":0,"inputs":[{"name":"clip","type":"CLIP","link":18,"label":"CLIP"}],"outputs":[{"name":"CONDITIONING","type":"CONDITIONING","links":[6],"slot_index":0,"label":"条件"}],"properties":{"Node name for S&R":"CLIPTextEncode"},"widgets_values":["bad hands"]},{"id":6,"type":"CLIPTextEncode","pos":[415,186],"size":{"0":422.84503173828125,"1":164.31304931640625},"flags":{},"order":3,"mode":0,"inputs":[{"name":"clip","type":"CLIP","link":17,"label":"CLIP"}],"outputs":[{"name":"CONDITIONING","type":"CONDITIONING","links":[4],"slot_index":0,"label":"条件"}],"properties":{"Node name for S&R":"CLIPTextEncode"},"widgets_values":["masterpiece best quality girl standing in victorian clothing"]},{"id":8,"type":"VAEDecode","pos":[1209,188],"size":{"0":210,"1":46},"flags":{},"order":6,"mode":0,"inputs":[{"name":"samples","type":"LATENT","link":7,"label":"Latent"},{"name":"vae","type":"VAE","link":19,"label":"VAE"}],"outputs":[{"name":"IMAGE","type":"IMAGE","links":[15],"slot_index":0,"label":"图像"}],"properties":{"Node name for S&R":"VAEDecode"}},{"id":9,"type":"SaveImage","pos":[1791,169],"size":{"0":455.9945373535156,"1":553.0919189453125},"flags":{},"order":8,"mode":0,"inputs":[{"name":"images","type":"IMAGE","link":16,"label":"图像"}],"properties":{},"widgets_values":["ComfyUI"]},{"id":14,"type":"ImageUpscaleWithModel","pos":[1506,151],"size":{"0":241.79998779296875,"1":46},"flags":{},"order":7,"mode":0,"inputs":[{"name":"upscale_model","type":"UPSCALE_MODEL","link":14,"label":"放大模型"},{"name":"image","type":"IMAGE","link":15,"label":"图像"}],"outputs":[{"name":"IMAGE","type":"IMAGE","links":[16],"slot_index":0,"label":"图像"}],"properties":{"Node name for S&R":"ImageUpscaleWithModel"}},{"id":13,"type":"UpscaleModelLoader","pos":[1128,51],"size":{"0":315,"1":82},"flags":{},"order":0,"mode":0,"outputs":[{"name":"UPSCALE_MODEL","type":"UPSCALE_MODEL","links":[14],"slot_index":0,"label":"放大模型"}],"properties":{"Node name for S&R":"UpscaleModelLoader"},"widgets_values":["RealESRGAN_x2.pth",null]},{"id":3,"type":"KSampler","pos":[863,186],"size":{"0":315,"1":262},"flags":{},"order":5,"mode":0,"inputs":[{"name":"model","type":"MODEL","link":1,"label":"模型"},{"name":"positive","type":"CONDITIONING","link":4,"label":"正面条件"},{"name":"negative","type":"CONDITIONING","link":6,"label":"负面条件"},{"name":"latent_image","type":"LATENT","link":2,"label":"Latent"}],"outputs":[{"name":"LATENT","type":"LATENT","links":[7],"slot_index":0,"label":"Latent"}],"properties":{"Node name for S&R":"KSampler"},"widgets_values":[833543590226030,"randomize",20,8,"euler","normal",1]},{"id":4,"type":"CheckpointLoaderSimple","pos":[-11,307],"size":{"0":315,"1":122},"flags":{},"order":1,"mode":0,"outputs":[{"name":"MODEL","type":"MODEL","links":[1],"slot_index":0,"label":"模型"},{"name":"CLIP","type":"CLIP","links":[17,18],"slot_index":1,"label":"CLIP"},{"name":"VAE","type":"VAE","links":[19],"slot_index":2,"label":"VAE"}],"properties":{"Node name for S&R":"CheckpointLoaderSimple"},"widgets_values":["v1-5-pruned-emaonly.ckpt",null]},{"id":5,"type":"EmptyLatentImage","pos":[473,609],"size":{"0":315,"1":106},"flags":{},"order":2,"mode":0,"outputs":[{"name":"LATENT","type":"LATENT","links":[2],"slot_index":0,"label":"Latent"}],"properties":{"Node name for S&R":"EmptyLatentImage"},"widgets_values":[512,512,1]}],"links":[[1,4,0,3,0,"MODEL"],[2,5,0,3,3,"LATENT"],[4,6,0,3,1,"CONDITIONING"],[6,7,0,3,2,"CONDITIONING"],[7,3,0,8,0,"LATENT"],[14,13,0,14,0,"UPSCALE_MODEL"],[15,8,0,14,1,"IMAGE"],[16,14,0,9,0,"IMAGE"],[17,4,1,6,0,"CLIP"],[18,4,1,7,0,"CLIP"],[19,4,2,8,1,"VAE"]],"groups":[],"config":{},"extra":{"workspace_info":{"id":"4ac89b07-ccd3-4311-aa78-a71b36064ee5","name":"高清放大Upscale Model Examples"}},"version":0.4}