{"last_node_id":32,"last_link_id":62,"nodes":[{"id":4,"type":"CheckpointLoaderSimple","pos":[-60,229],"size":{"0":315,"1":122},"flags":{},"order":0,"mode":0,"outputs":[{"name":"MODEL","type":"MODEL","links":[54],"slot_index":0,"label":"模型"},{"name":"CLIP","type":"CLIP","links":[3,5],"slot_index":1,"label":"CLIP"},{"name":"VAE","type":"VAE","links":[8,31],"slot_index":2,"label":"VAE"}],"properties":{"Node name for S&R":"CheckpointLoaderSimple"},"widgets_values":["wd-illusion-fp16.safetensors",null]},{"id":13,"type":"CheckpointLoaderSimple","pos":[1296,-571],"size":{"0":315,"1":122},"flags":{},"order":1,"mode":0,"outputs":[{"name":"MODEL","type":"MODEL","links":[56],"slot_index":0,"label":"模型"},{"name":"CLIP","type":"CLIP","links":[27],"slot_index":1,"label":"CLIP"},{"name":"VAE","type":"VAE","links":null,"label":"VAE"}],"properties":{"Node name for S&R":"CheckpointLoaderSimple"},"widgets_values":["cardosAnime_v10.safetensors",null]},{"id":6,"type":"CLIPTextEncode","pos":[370,40],"size":{"0":510,"1":220},"flags":{},"order":3,"mode":0,"inputs":[{"name":"clip","type":"CLIP","link":3,"label":"CLIP"}],"outputs":[{"name":"CONDITIONING","type":"CONDITIONING","links":[4],"slot_index":0,"label":"条件"}],"properties":{"Node name for S&R":"CLIPTextEncode"},"widgets_values":["anime happy girl (fennec:1.2) (ears:1.3) blonde long (messy hair:1.1) blue eyes, wearing serafuku jeans (sitting on rock:1.15) (spread legs:1.15) (sneakers:0.95) in lake rural swiss village on the mountain side sky clouds HDR sunset\n(exceptional, best aesthetic, new, newest, best quality, masterpiece, extremely detailed, anime:1.05)\n"]},{"id":7,"type":"CLIPTextEncode","pos":[370,300],"size":{"0":510,"1":190},"flags":{},"order":4,"mode":0,"inputs":[{"name":"clip","type":"CLIP","link":5,"label":"CLIP"}],"outputs":[{"name":"CONDITIONING","type":"CONDITIONING","links":[6],"slot_index":0,"label":"条件"}],"properties":{"Node name for S&R":"CLIPTextEncode"},"widgets_values":["lowres, bad anatomy, bad hands, (text:1.1), blurry, mutated hands and fingers, mutation, deformed face, ugly, (logo:1.1), cropped, worst quality, jpeg, (jpeg artifacts), deleted, old, oldest, (censored), (bad aesthetic), (mosaic censoring, bar censor, blur censor) earphones"]},{"id":5,"type":"EmptyLatentImage","pos":[560,540],"size":{"0":315,"1":106},"flags":{},"order":2,"mode":0,"outputs":[{"name":"LATENT","type":"LATENT","links":[2],"slot_index":0,"label":"Latent"}],"properties":{"Node name for S&R":"EmptyLatentImage"},"widgets_values":[1368,768,1]},{"id":8,"type":"VAEDecode","pos":[1280,140],"size":{"0":210,"1":46},"flags":{},"order":9,"mode":0,"inputs":[{"name":"samples","type":"LATENT","link":7,"label":"Latent"},{"name":"vae","type":"VAE","link":8,"label":"VAE"}],"outputs":[{"name":"IMAGE","type":"IMAGE","links":[10],"slot_index":0,"label":"图像"}],"properties":{"Node name for S&R":"VAEDecode"}},{"id":10,"type":"SaveImage","pos":[1540,140],"size":{"0":1174.1312255859375,"1":734.1587524414062},"flags":{},"order":11,"mode":0,"inputs":[{"name":"images","type":"IMAGE","link":10,"label":"图像"}],"properties":{},"widgets_values":["ComfyUI"]},{"id":22,"type":"CLIPSetLastLayer","pos":[1670,-550],"size":{"0":315,"1":58},"flags":{},"order":5,"mode":0,"inputs":[{"name":"clip","type":"CLIP","link":27,"label":"CLIP"}],"outputs":[{"name":"CLIP","type":"CLIP","links":[13,14],"slot_index":0,"label":"CLIP"}],"properties":{"Node name for S&R":"CLIPSetLastLayer"},"widgets_values":[-2]},{"id":15,"type":"CLIPTextEncode","pos":[2060,-920],"size":{"0":662.3788452148438,"1":313.10162353515625},"flags":{},"order":8,"mode":0,"inputs":[{"name":"clip","type":"CLIP","link":14,"label":"CLIP"}],"outputs":[{"name":"CONDITIONING","type":"CONDITIONING","links":[57],"slot_index":0,"label":"条件"}],"properties":{"Node name for S&R":"CLIPTextEncode"},"widgets_values":["from far away anime happy girl (fennec ears:0.95) long (messy hair:1.3) blue eyes, wearing serafuku jeans sitting on rock spread legs (sneakers:0.95) in lake rural swiss village on the mountain side sky clouds HDR sunset\n"]},{"id":14,"type":"CLIPTextEncode","pos":[2060,-550],"size":{"0":660,"1":300},"flags":{},"order":7,"mode":0,"inputs":[{"name":"clip","type":"CLIP","link":13,"label":"CLIP"}],"outputs":[{"name":"CONDITIONING","type":"CONDITIONING","links":[58],"slot_index":0,"label":"条件"}],"properties":{"Node name for S&R":"CLIPTextEncode"},"widgets_values":["(hands), (text:1.1), letters, numbers, error, cropped, (jpeg artifacts:1.2), (signature:1.1), (watermark:1.1), username, blurry, artist name, monochrome, sketch, censorship, censor, (copyright:1.1), extra legs, (forehead mark)  (penis)"]},{"id":11,"type":"VAEDecode","pos":[3240,-750],"size":{"0":210,"1":46},"flags":{},"order":13,"mode":0,"inputs":[{"name":"samples","type":"LATENT","link":60,"label":"Latent"},{"name":"vae","type":"VAE","link":31,"label":"VAE"}],"outputs":[{"name":"IMAGE","type":"IMAGE","links":[12],"slot_index":0,"label":"图像"}],"properties":{"Node name for S&R":"VAEDecode"}},{"id":12,"type":"SaveImage","pos":[3540,-750],"size":{"0":1868.09375,"1":1101.470947265625},"flags":{},"order":14,"mode":0,"inputs":[{"name":"images","type":"IMAGE","link":12,"label":"图像"}],"properties":{},"widgets_values":["ComfyUI"]},{"id":32,"type":"KSampler","pos":[2830,-750],"size":{"0":315,"1":262},"flags":{},"order":12,"mode":0,"inputs":[{"name":"model","type":"MODEL","link":56,"label":"模型"},{"name":"positive","type":"CONDITIONING","link":57,"label":"正面条件"},{"name":"negative","type":"CONDITIONING","link":58,"label":"负面条件"},{"name":"latent_image","type":"LATENT","link":59,"label":"Latent"}],"outputs":[{"name":"LATENT","type":"LATENT","links":[60],"shape":3,"slot_index":0,"label":"Latent"}],"properties":{"Node name for S&R":"KSampler"},"widgets_values":[417682270866800,"randomize",8,13,"dpmpp_sde","simple",0.4999999999999999]},{"id":27,"type":"LatentUpscaleBy","pos":[1510,-160],"size":{"0":325.412841796875,"1":82},"flags":{},"order":10,"mode":0,"inputs":[{"name":"samples","type":"LATENT","link":62,"slot_index":0,"label":"Latent"}],"outputs":[{"name":"LATENT","type":"LATENT","links":[59],"shape":3,"slot_index":0,"label":"Latent"}],"properties":{"Node name for S&R":"LatentUpscaleBy"},"widgets_values":["bislerp",1.5]},{"id":3,"type":"KSampler","pos":[920,140],"size":{"0":318.5013427734375,"1":262},"flags":{},"order":6,"mode":0,"inputs":[{"name":"model","type":"MODEL","link":54,"label":"模型"},{"name":"positive","type":"CONDITIONING","link":4,"label":"正面条件"},{"name":"negative","type":"CONDITIONING","link":6,"label":"负面条件"},{"name":"latent_image","type":"LATENT","link":2,"label":"Latent"}],"outputs":[{"name":"LATENT","type":"LATENT","links":[7,62],"slot_index":0,"label":"Latent"}],"properties":{"Node name for S&R":"KSampler"},"widgets_values":[758448896326830,"randomize",14,8,"dpmpp_sde","simple",1]}],"links":[[2,5,0,3,3,"LATENT"],[3,4,1,6,0,"CLIP"],[4,6,0,3,1,"CONDITIONING"],[5,4,1,7,0,"CLIP"],[6,7,0,3,2,"CONDITIONING"],[7,3,0,8,0,"LATENT"],[8,4,2,8,1,"VAE"],[10,8,0,10,0,"IMAGE"],[12,11,0,12,0,"IMAGE"],[13,22,0,14,0,"CLIP"],[14,22,0,15,0,"CLIP"],[27,13,1,22,0,"CLIP"],[31,4,2,11,1,"VAE"],[54,4,0,3,0,"MODEL"],[56,13,0,32,0,"MODEL"],[57,15,0,32,1,"CONDITIONING"],[58,14,0,32,2,"CONDITIONING"],[59,27,0,32,3,"LATENT"],[60,32,0,11,0,"LATENT"],[62,3,0,27,0,"LATENT"]],"groups":[],"config":{},"extra":{"workspace_info":{"id":"4c9168c9-1727-4ab9-86ce-252dba83763f","name":"潜在空间复杂放大"}},"version":0.4}