{"last_node_id":27,"last_link_id":79,"nodes":[{"id":8,"type":"VAEDecode","pos":[1209,188],"size":{"0":210,"1":46},"flags":{},"order":8,"mode":0,"inputs":[{"name":"samples","type":"LATENT","link":7,"label":"Latent"},{"name":"vae","type":"VAE","link":79,"label":"VAE"}],"outputs":[{"name":"IMAGE","type":"IMAGE","links":[9],"slot_index":0,"label":"图像"}],"properties":{"Node name for S&R":"VAEDecode"}},{"id":3,"type":"KSampler","pos":[863,186],"size":{"0":315,"1":262},"flags":{},"order":7,"mode":0,"inputs":[{"name":"model","type":"MODEL","link":1,"label":"模型"},{"name":"positive","type":"CONDITIONING","link":77,"label":"正面条件"},{"name":"negative","type":"CONDITIONING","link":57,"label":"负面条件"},{"name":"latent_image","type":"LATENT","link":2,"label":"Latent"}],"outputs":[{"name":"LATENT","type":"LATENT","links":[7],"slot_index":0,"label":"Latent"}],"properties":{"Node name for S&R":"KSampler"},"widgets_values":[1023216319780679,"randomize",20,8,"uni_pc_bh2","normal",1]},{"id":24,"type":"CLIPTextEncode","pos":[-260,-340],"size":{"0":422.84503173828125,"1":164.31304931640625},"flags":{},"order":4,"mode":0,"inputs":[{"name":"clip","type":"CLIP","link":67,"label":"CLIP"}],"outputs":[{"name":"CONDITIONING","type":"CONDITIONING","links":[69],"slot_index":0,"label":"条件"}],"properties":{"Node name for S&R":"CLIPTextEncode"},"widgets_values":["photograph scenery landscape, snow beautiful scenery mountain, glass bottle; purple galaxy bottle; sun"]},{"id":7,"type":"CLIPTextEncode","pos":[300,230],"size":{"0":425.27801513671875,"1":180.6060791015625},"flags":{},"order":3,"mode":0,"inputs":[{"name":"clip","type":"CLIP","link":5,"label":"CLIP"}],"outputs":[{"name":"CONDITIONING","type":"CONDITIONING","links":[57],"slot_index":0,"label":"条件"}],"properties":{"Node name for S&R":"CLIPTextEncode"},"widgets_values":["text, watermark"]},{"id":9,"type":"SaveImage","pos":[1495,167],"size":{"0":493.6289978027344,"1":561.5360717773438},"flags":{},"order":9,"mode":0,"inputs":[{"name":"images","type":"IMAGE","link":9,"label":"图像"}],"properties":{},"widgets_values":["gligen/testing"]},{"id":5,"type":"EmptyLatentImage","pos":[410,460],"size":{"0":315,"1":106},"flags":{},"order":0,"mode":0,"outputs":[{"name":"LATENT","type":"LATENT","links":[2],"slot_index":0,"label":"Latent"}],"properties":{"Node name for S&R":"EmptyLatentImage"},"widgets_values":[768,768,1]},{"id":21,"type":"GLIGENTextBoxApply","pos":[270,-340],"size":{"0":437.21990966796875,"1":382.67840576171875},"flags":{},"order":5,"mode":0,"inputs":[{"name":"conditioning_to","type":"CONDITIONING","link":69,"label":"条件"},{"name":"clip","type":"CLIP","link":53,"label":"CLIP"},{"name":"gligen_textbox_model","type":"GLIGEN","link":54,"label":"GLIGEN模型"}],"outputs":[{"name":"CONDITIONING","type":"CONDITIONING","links":[65,78],"slot_index":0,"label":"条件"}],"properties":{"Node name for S&R":"GLIGENTextBoxApply"},"widgets_values":["purple galaxy bottle",192,304,176,272]},{"id":4,"type":"CheckpointLoaderSimple","pos":[-220,130],"size":{"0":315,"1":122},"flags":{},"order":2,"mode":0,"outputs":[{"name":"MODEL","type":"MODEL","links":[1],"slot_index":0,"label":"模型"},{"name":"CLIP","type":"CLIP","links":[5,53,67,74],"slot_index":1,"label":"CLIP"},{"name":"VAE","type":"VAE","links":[79],"slot_index":2,"label":"VAE"}],"properties":{"Node name for S&R":"CheckpointLoaderSimple"},"widgets_values":["v1-5-pruned-emaonly.ckpt",null]},{"id":27,"type":"GLIGENTextBoxApply","pos":[770,-340],"size":{"0":437.21990966796875,"1":382.67840576171875},"flags":{},"order":6,"mode":0,"inputs":[{"name":"conditioning_to","type":"CONDITIONING","link":78,"label":"条件"},{"name":"clip","type":"CLIP","link":74,"label":"CLIP"},{"name":"gligen_textbox_model","type":"GLIGEN","link":75,"label":"GLIGEN模型"}],"outputs":[{"name":"CONDITIONING","type":"CONDITIONING","links":[77],"slot_index":0,"label":"条件"}],"properties":{"Node name for S&R":"GLIGENTextBoxApply"},"widgets_values":["sun",144,144,416,16]},{"id":10,"type":"GLIGENLoader","pos":[-216,-87],"size":{"0":390,"1":82},"flags":{},"order":1,"mode":0,"outputs":[{"name":"GLIGEN","type":"GLIGEN","links":[54,75],"slot_index":0,"label":"GLIGEN模型"}],"properties":{"Node name for S&R":"GLIGENLoader"},"widgets_values":["gligen_sd14_textbox_pruned.safetensors",null]}],"links":[[1,4,0,3,0,"MODEL"],[2,5,0,3,3,"LATENT"],[5,4,1,7,0,"CLIP"],[7,3,0,8,0,"LATENT"],[9,8,0,9,0,"IMAGE"],[53,4,1,21,1,"CLIP"],[54,10,0,21,2,"GLIGEN"],[57,7,0,3,2,"CONDITIONING"],[67,4,1,24,0,"CLIP"],[69,24,0,21,0,"CONDITIONING"],[74,4,1,27,1,"CLIP"],[75,10,0,27,2,"GLIGEN"],[77,27,0,3,1,"CONDITIONING"],[78,21,0,27,0,"CONDITIONING"],[79,4,2,8,1,"VAE"]],"groups":[{"title":"Base Prompt","bounding":[-310,-462,518,302],"color":"#3f789e","font_size":24},{"title":"GLIGEN (for best results the elements should match some elements in the base prompt)","bounding":[250,-460,980,529],"color":"#A88","font_size":24}],"config":{},"extra":{"workspace_info":{"id":"38e08029-3faa-42db-97b9-c4aecf89fb5c","name":"文本框生图Text box GLIGEN"}},"version":0.4}