{"last_node_id":15,"last_link_id":23,"nodes":[{"id":7,"type":"CLIPTextEncode","pos":[413,389],"size":{"0":425.27801513671875,"1":180.6060791015625},"flags":{},"order":8,"mode":0,"inputs":[{"name":"clip","type":"CLIP","link":23,"label":"CLIP"}],"outputs":[{"name":"CONDITIONING","type":"CONDITIONING","links":[6],"slot_index":0,"label":"条件"}],"properties":{"Node name for S&R":"CLIPTextEncode"},"widgets_values":["text, watermark"]},{"id":8,"type":"VAEDecode","pos":[1209,188],"size":{"0":210,"1":46},"flags":{},"order":10,"mode":0,"inputs":[{"name":"samples","type":"LATENT","link":7,"label":"Latent"},{"name":"vae","type":"VAE","link":8,"label":"VAE"}],"outputs":[{"name":"IMAGE","type":"IMAGE","links":[9],"slot_index":0,"label":"图像"}],"properties":{"Node name for S&R":"VAEDecode"}},{"id":13,"type":"CLIPVisionLoader","pos":[244,859],"size":{"0":315,"1":82},"flags":{},"order":0,"mode":0,"outputs":[{"name":"CLIP_VISION","type":"CLIP_VISION","links":[14],"shape":3,"label":"CLIP视觉"}],"properties":{"Node name for S&R":"CLIPVisionLoader"},"widgets_values":["SD1.5\\model.safetensors",null]},{"id":3,"type":"KSampler","pos":[1213,481],"size":{"0":315,"1":262},"flags":{},"order":9,"mode":0,"inputs":[{"name":"model","type":"MODEL","link":11,"label":"模型"},{"name":"positive","type":"CONDITIONING","link":4,"label":"正面条件"},{"name":"negative","type":"CONDITIONING","link":6,"label":"负面条件"},{"name":"latent_image","type":"LATENT","link":2,"label":"Latent"}],"outputs":[{"name":"LATENT","type":"LATENT","links":[7],"slot_index":0,"label":"Latent"}],"properties":{"Node name for S&R":"KSampler"},"widgets_values":[766678796746116,"randomize",20,8,"euler","normal",1]},{"id":9,"type":"SaveImage","pos":[1590,359],"size":{"0":467.9842834472656,"1":788.3739013671875},"flags":{},"order":11,"mode":0,"inputs":[{"name":"images","type":"IMAGE","link":9,"label":"图像"}],"properties":{},"widgets_values":["ComfyUI"]},{"id":12,"type":"IPAdapterModelLoader","pos":[100,631],"size":{"0":315,"1":58},"flags":{},"order":1,"mode":0,"outputs":[{"name":"IPADAPTER","type":"IPADAPTER","links":[13],"shape":3,"label":"IP适配"}],"properties":{"Node name for S&R":"IPAdapterModelLoader"},"widgets_values":["ip-adapter-faceid-plus_sd15.bin"]},{"id":11,"type":"InsightFaceLoader","pos":[131,741],"size":{"0":315,"1":58},"flags":{"collapsed":false},"order":2,"mode":0,"outputs":[{"name":"INSIGHTFACE","type":"INSIGHTFACE","links":[10],"shape":3}],"properties":{"Node name for S&R":"InsightFaceLoader"},"widgets_values":["CUDA"]},{"id":14,"type":"LoadImage","pos":[227,1041],"size":{"0":315,"1":314},"flags":{},"order":3,"mode":0,"outputs":[{"name":"IMAGE","type":"IMAGE","links":[15],"shape":3,"label":"图像"},{"name":"MASK","type":"MASK","links":null,"shape":3,"label":"遮罩"}],"properties":{"Node name for S&R":"LoadImage"},"widgets_values":["wlop (230).jpg","image"]},{"id":6,"type":"CLIPTextEncode","pos":[415,186],"size":{"0":422.84503173828125,"1":164.31304931640625},"flags":{},"order":7,"mode":0,"inputs":[{"name":"clip","type":"CLIP","link":22,"label":"CLIP"}],"outputs":[{"name":"CONDITIONING","type":"CONDITIONING","links":[4],"slot_index":0,"label":"条件"}],"properties":{"Node name for S&R":"CLIPTextEncode"},"widgets_values":["1girl, high quality  "]},{"id":5,"type":"EmptyLatentImage","pos":[703,622],"size":{"0":315,"1":106},"flags":{},"order":4,"mode":0,"outputs":[{"name":"LATENT","type":"LATENT","links":[2],"slot_index":0,"label":"Latent"}],"properties":{"Node name for S&R":"EmptyLatentImage"},"widgets_values":[512,512,1]},{"id":10,"type":"IPAdapterApplyFaceID","pos":[733,845],"size":{"0":315,"1":326},"flags":{},"order":6,"mode":0,"inputs":[{"name":"ipadapter","type":"IPADAPTER","link":13,"label":"IP适配","slot_index":0},{"name":"clip_vision","type":"CLIP_VISION","link":14,"label":"CLIP视觉","slot_index":1},{"name":"insightface","type":"INSIGHTFACE","link":10,"label":"InsightFace","slot_index":2},{"name":"image","type":"IMAGE","link":15,"label":"图像","slot_index":3},{"name":"model","type":"MODEL","link":21,"label":"模型","slot_index":4},{"name":"attn_mask","type":"MASK","link":null,"label":"关注层遮罩"}],"outputs":[{"name":"MODEL","type":"MODEL","links":[11],"shape":3,"label":"模型","slot_index":0}],"properties":{"Node name for S&R":"IPAdapterApplyFaceID"},"widgets_values":[0.9,0,"original",0,1,false,1,false]},{"id":4,"type":"CheckpointLoaderSimple","pos":[-346,703],"size":{"0":315,"1":122},"flags":{},"order":5,"mode":0,"outputs":[{"name":"MODEL","type":"MODEL","links":[21],"slot_index":0,"label":"模型"},{"name":"CLIP","type":"CLIP","links":[22,23],"slot_index":1,"label":"CLIP"},{"name":"VAE","type":"VAE","links":[8],"slot_index":2,"label":"VAE"}],"properties":{"Node name for S&R":"CheckpointLoaderSimple"},"widgets_values":["majicmixRealistic_v7.safetensors",null]}],"links":[[2,5,0,3,3,"LATENT"],[4,6,0,3,1,"CONDITIONING"],[6,7,0,3,2,"CONDITIONING"],[7,3,0,8,0,"LATENT"],[8,4,2,8,1,"VAE"],[9,8,0,9,0,"IMAGE"],[10,11,0,10,2,"INSIGHTFACE"],[11,10,0,3,0,"MODEL"],[13,12,0,10,0,"IPADAPTER"],[14,13,0,10,1,"CLIP_VISION"],[15,14,0,10,3,"IMAGE"],[21,4,0,10,4,"MODEL"],[22,4,1,6,0,"CLIP"],[23,4,1,7,0,"CLIP"]],"groups":[],"config":{},"extra":{"workspace_info":{"id":"14a3fd0b-fab0-46e8-8dc0-fa740a310e35","name":"insightface换脸"}},"version":0.4}