{"last_node_id":56,"last_link_id":78,"nodes":[{"id":39,"type":"KSampler","pos":[877.5985960999856,-1277.8900633381952],"size":{"0":315,"1":262},"flags":{},"order":10,"mode":4,"inputs":[{"name":"model","type":"MODEL","link":52,"label":"模型"},{"name":"positive","type":"CONDITIONING","link":53,"label":"正面条件"},{"name":"negative","type":"CONDITIONING","link":54,"label":"负面条件"},{"name":"latent_image","type":"LATENT","link":55,"label":"Latent"}],"outputs":[{"name":"LATENT","type":"LATENT","links":[58],"slot_index":0,"label":"Latent"}],"properties":{"Node name for S&R":"KSampler"},"widgets_values":[585936021095047,"randomize",20,8,"euler","normal",1]},{"id":40,"type":"CheckpointLoaderSimple","pos":[-469.40140390001443,-1073.8900633381952],"size":{"0":315,"1":122},"flags":{},"order":0,"mode":4,"outputs":[{"name":"MODEL","type":"MODEL","links":[61],"slot_index":0,"label":"模型"},{"name":"CLIP","type":"CLIP","links":[62],"slot_index":1,"label":"CLIP"},{"name":"VAE","type":"VAE","links":[59],"slot_index":2,"label":"VAE"}],"properties":{"Node name for S&R":"CheckpointLoaderSimple"},"widgets_values":["wlopSTYLEXL_v2.safetensors",null]},{"id":41,"type":"EmptyLatentImage","pos":[497.59859609998557,-647.8900633381952],"size":{"0":315,"1":106},"flags":{},"order":1,"mode":4,"outputs":[{"name":"LATENT","type":"LATENT","links":[55],"slot_index":0,"label":"Latent"}],"properties":{"Node name for S&R":"EmptyLatentImage"},"widgets_values":[1024,1024,1]},{"id":42,"type":"CLIPTextEncode","pos":[276.59859609998557,-1257.8900633381952],"size":{"0":422.84503173828125,"1":164.31304931640625},"flags":{},"order":7,"mode":4,"inputs":[{"name":"clip","type":"CLIP","link":56,"label":"CLIP"}],"outputs":[{"name":"CONDITIONING","type":"CONDITIONING","links":[53],"slot_index":0,"label":"条件"}],"properties":{"Node name for S&R":"CLIPTextEncode"},"widgets_values":[" 1girl wlop，"]},{"id":43,"type":"CLIPTextEncode","pos":[283.59859609998557,-1052.8900633381952],"size":{"0":425.27801513671875,"1":180.6060791015625},"flags":{},"order":8,"mode":4,"inputs":[{"name":"clip","type":"CLIP","link":57,"label":"CLIP"}],"outputs":[{"name":"CONDITIONING","type":"CONDITIONING","links":[54],"slot_index":0,"label":"条件"}],"properties":{"Node name for S&R":"CLIPTextEncode"},"widgets_values":["Low quality, low resolution, deformed, ugly"]},{"id":44,"type":"VAEDecode","pos":[1259.5985960999856,-1097.8900633381952],"size":{"0":210,"1":46},"flags":{},"order":12,"mode":4,"inputs":[{"name":"samples","type":"LATENT","link":58,"label":"Latent"},{"name":"vae","type":"VAE","link":59,"label":"VAE"}],"outputs":[{"name":"IMAGE","type":"IMAGE","links":[60,63],"slot_index":0,"label":"图像"}],"properties":{"Node name for S&R":"VAEDecode"}},{"id":47,"type":"PreviewImage","pos":[-711.4014039000144,-836.8900633381952],"size":{"0":210,"1":246},"flags":{},"order":16,"mode":4,"inputs":[{"name":"images","type":"IMAGE","link":63,"label":"图像"}],"properties":{"Node name for S&R":"PreviewImage"}},{"id":48,"type":"KSampler","pos":[-1160.310013701394,-176.71629517212364],"size":{"0":315,"1":262},"flags":{},"order":9,"mode":0,"inputs":[{"name":"model","type":"MODEL","link":76,"label":"模型"},{"name":"positive","type":"CONDITIONING","link":65,"label":"正面条件"},{"name":"negative","type":"CONDITIONING","link":66,"label":"负面条件"},{"name":"latent_image","type":"LATENT","link":67,"label":"Latent"}],"outputs":[{"name":"LATENT","type":"LATENT","links":[70],"slot_index":0,"label":"Latent"}],"properties":{"Node name for S&R":"KSampler"},"widgets_values":[566849746943265,"randomize",20,8,"euler","normal",1]},{"id":50,"type":"EmptyLatentImage","pos":[-1540.310013701394,453.28370482787636],"size":{"0":315,"1":106},"flags":{},"order":2,"mode":0,"outputs":[{"name":"LATENT","type":"LATENT","links":[67],"slot_index":0,"label":"Latent"}],"properties":{"Node name for S&R":"EmptyLatentImage"},"widgets_values":[1024,1024,1]},{"id":53,"type":"VAEDecode","pos":[-778.3100137013939,3.283704827876363],"size":{"0":210,"1":46},"flags":{},"order":11,"mode":0,"inputs":[{"name":"samples","type":"LATENT","link":70,"label":"Latent"},{"name":"vae","type":"VAE","link":71,"label":"VAE"}],"outputs":[{"name":"IMAGE","type":"IMAGE","links":[72,75],"slot_index":0,"label":"图像"}],"properties":{"Node name for S&R":"VAEDecode"}},{"id":46,"type":"LoraLoader","pos":[-96.40140390001443,-1204.8900633381952],"size":{"0":210,"1":150},"flags":{},"order":4,"mode":4,"inputs":[{"name":"model","type":"MODEL","link":61,"label":"模型"},{"name":"clip","type":"CLIP","link":62,"label":"CLIP"}],"outputs":[{"name":"MODEL","type":"MODEL","links":[52],"shape":3,"label":"模型","slot_index":0},{"name":"CLIP","type":"CLIP","links":[56,57],"shape":3,"label":"CLIP","slot_index":1}],"properties":{"Node name for S&R":"LoraLoader"},"widgets_values":["wlop-style-000002XL.safetensors",0.75,1,null]},{"id":54,"type":"SaveImage","pos":[-1087,192],"size":{"0":909.02001953125,"1":735.1756591796875},"flags":{},"order":13,"mode":0,"inputs":[{"name":"images","type":"IMAGE","link":72,"label":"图像"}],"properties":{},"widgets_values":["ComfyUI"]},{"id":45,"type":"SaveImage","pos":[1039,-890],"size":{"0":909.02001953125,"1":735.1756591796875},"flags":{},"order":15,"mode":4,"inputs":[{"name":"images","type":"IMAGE","link":60,"label":"图像"}],"properties":{},"widgets_values":["ComfyUI"]},{"id":49,"type":"CheckpointLoaderSimple","pos":[-815,-185],"size":{"0":315,"1":122},"flags":{},"order":3,"mode":0,"outputs":[{"name":"MODEL","type":"MODEL","links":[76],"slot_index":0,"label":"模型"},{"name":"CLIP","type":"CLIP","links":[77,78],"slot_index":1,"label":"CLIP"},{"name":"VAE","type":"VAE","links":[71],"slot_index":2,"label":"VAE"}],"properties":{"Node name for S&R":"CheckpointLoaderSimple"},"widgets_values":["wlopSTYLEXL_v2.safetensors",null]},{"id":51,"type":"CLIPTextEncode","pos":[-512,-33],"size":{"0":422.84503173828125,"1":164.31304931640625},"flags":{},"order":5,"mode":0,"inputs":[{"name":"clip","type":"CLIP","link":77,"label":"CLIP"}],"outputs":[{"name":"CONDITIONING","type":"CONDITIONING","links":[65],"slot_index":0,"label":"条件"}],"properties":{"Node name for S&R":"CLIPTextEncode"},"widgets_values":["Realistic   ，Red Chinese dragon with a side face"]},{"id":52,"type":"CLIPTextEncode","pos":[-1754.310013701394,48.28370482787636],"size":{"0":425.27801513671875,"1":180.6060791015625},"flags":{},"order":6,"mode":0,"inputs":[{"name":"clip","type":"CLIP","link":78,"label":"CLIP"}],"outputs":[{"name":"CONDITIONING","type":"CONDITIONING","links":[66],"slot_index":0,"label":"条件"}],"properties":{"Node name for S&R":"CLIPTextEncode"},"widgets_values":["A girl gently strokes a dragon with a green dragon on its back"]},{"id":56,"type":"PreviewImage","pos":[-1321,130],"size":{"0":210,"1":246},"flags":{},"order":14,"mode":0,"inputs":[{"name":"images","type":"IMAGE","link":75,"label":"图像"}],"properties":{"Node name for S&R":"PreviewImage"}}],"links":[[52,46,0,39,0,"MODEL"],[53,42,0,39,1,"CONDITIONING"],[54,43,0,39,2,"CONDITIONING"],[55,41,0,39,3,"LATENT"],[56,46,1,42,0,"CLIP"],[57,46,1,43,0,"CLIP"],[58,39,0,44,0,"LATENT"],[59,40,2,44,1,"VAE"],[60,44,0,45,0,"IMAGE"],[61,40,0,46,0,"MODEL"],[62,40,1,46,1,"CLIP"],[63,44,0,47,0,"IMAGE"],[65,51,0,48,1,"CONDITIONING"],[66,52,0,48,2,"CONDITIONING"],[67,50,0,48,3,"LATENT"],[70,48,0,53,0,"LATENT"],[71,49,2,53,1,"VAE"],[72,53,0,54,0,"IMAGE"],[75,53,0,56,0,"IMAGE"],[76,49,0,48,0,"MODEL"],[77,49,1,51,0,"CLIP"],[78,49,1,52,0,"CLIP"]],"groups":[],"config":{},"extra":{"workspace_info":{"id":"813f52c7-8deb-4bdc-8190-36961f2509e6","name":"lora 文生面部细化"}},"version":0.4}