{"last_node_id":56,"last_link_id":86,"nodes":[{"id":40,"type":"VAEEncode","pos":[3278.928906154029,1156.2956719083372],"size":{"0":210,"1":46},"flags":{},"order":28,"mode":4,"inputs":[{"name":"pixels","type":"IMAGE","link":50,"label":"图像"},{"name":"vae","type":"VAE","link":57,"label":"VAE"}],"outputs":[{"name":"LATENT","type":"LATENT","links":[51],"shape":3,"label":"Latent","slot_index":0}],"properties":{"Node name for S&R":"VAEEncode"}},{"id":10,"type":"IPAdapterApply","pos":[1202.3648309515918,457.52694516366694],"size":{"0":315,"1":258},"flags":{},"order":12,"mode":4,"inputs":[{"name":"ipadapter","type":"IPADAPTER","link":10,"label":"IP适配","slot_index":0},{"name":"clip_vision","type":"CLIP_VISION","link":12,"label":"CLIP视觉","slot_index":1},{"name":"image","type":"IMAGE","link":13,"label":"图像","slot_index":2},{"name":"model","type":"MODEL","link":14,"label":"模型","slot_index":3},{"name":"attn_mask","type":"MASK","link":null,"label":"关注层遮罩"}],"outputs":[{"name":"MODEL","type":"MODEL","links":[],"shape":3,"label":"模型","slot_index":0}],"properties":{"Node name for S&R":"IPAdapterApply"},"widgets_values":[1,0,"original",0,1,false]},{"id":16,"type":"ControlNetApply","pos":[2316.6723744198016,203.8080459226985],"size":{"0":317.4000244140625,"1":98},"flags":{},"order":17,"mode":4,"inputs":[{"name":"conditioning","type":"CONDITIONING","link":16,"label":"条件","slot_index":0},{"name":"control_net","type":"CONTROL_NET","link":19,"label":"ControlNet","slot_index":1},{"name":"image","type":"IMAGE","link":72,"label":"图像"}],"outputs":[{"name":"CONDITIONING","type":"CONDITIONING","links":[17],"shape":3,"label":"条件","slot_index":0}],"properties":{"Node name for S&R":"ControlNetApply"},"widgets_values":[1]},{"id":35,"type":"VAEDecode","pos":[2458.92890615403,1316.2956719083368],"size":{"0":210,"1":46},"flags":{},"order":21,"mode":4,"inputs":[{"name":"samples","type":"LATENT","link":45,"label":"Latent"},{"name":"vae","type":"VAE","link":55,"label":"VAE"}],"outputs":[{"name":"IMAGE","type":"IMAGE","links":[46],"shape":3,"label":"图像","slot_index":0}],"properties":{"Node name for S&R":"VAEDecode"}},{"id":42,"type":"VAEDecode","pos":[3698.9289061540294,1166.2956719083372],"size":{"0":210,"1":46},"flags":{},"order":30,"mode":4,"inputs":[{"name":"samples","type":"LATENT","link":52,"label":"Latent"},{"name":"vae","type":"VAE","link":56,"label":"VAE"}],"outputs":[{"name":"IMAGE","type":"IMAGE","links":[53],"shape":3,"label":"图像","slot_index":0}],"properties":{"Node name for S&R":"VAEDecode"}},{"id":11,"type":"IPAdapterModelLoader","pos":[1205.3648309515918,241.5269451636667],"size":{"0":315,"1":58},"flags":{},"order":0,"mode":4,"outputs":[{"name":"IPADAPTER","type":"IPADAPTER","links":[10],"shape":3,"label":"IP适配"}],"properties":{"Node name for S&R":"IPAdapterModelLoader"},"widgets_values":["ip-adapter-faceid-plus_sd15.bin"]},{"id":13,"type":"CLIPVisionLoader","pos":[1212.3648309515918,345.5269451636668],"size":{"0":315,"1":82},"flags":{},"order":1,"mode":4,"outputs":[{"name":"CLIP_VISION","type":"CLIP_VISION","links":[12],"shape":3,"label":"CLIP视觉"}],"properties":{"Node name for S&R":"CLIPVisionLoader"},"widgets_values":["SD1.5\\model.safetensors",null]},{"id":18,"type":"ControlNetLoader","pos":[2292.3391820743464,342.78072001559286],"size":{"0":315,"1":82},"flags":{},"order":2,"mode":4,"outputs":[{"name":"CONTROL_NET","type":"CONTROL_NET","links":[19],"shape":3,"label":"ControlNet"}],"properties":{"Node name for S&R":"ControlNetLoader"},"widgets_values":["control_lora_rank128_v11f1e_sd15_tile_fp16.safetensors",null]},{"id":19,"type":"LoadImage","pos":[1952.3391820743473,201.78072001559298],"size":{"0":315,"1":314},"flags":{},"order":3,"mode":4,"outputs":[{"name":"IMAGE","type":"IMAGE","links":[70],"shape":3,"label":"图像","slot_index":0},{"name":"MASK","type":"MASK","links":null,"shape":3,"label":"遮罩"}],"properties":{"Node name for S&R":"LoadImage"},"widgets_values":["fc819beeb7664c18a5fb90c59759925f.jpg","image"]},{"id":49,"type":"OpenposePreprocessor","pos":[2021.3391820743473,585.7807200155929],"size":{"0":315,"1":150},"flags":{},"order":11,"mode":4,"inputs":[{"name":"image","type":"IMAGE","link":70,"label":"图像"}],"outputs":[{"name":"IMAGE","type":"IMAGE","links":[71,72],"shape":3,"label":"图像","slot_index":0},{"name":"POSE_KEYPOINT","type":"POSE_KEYPOINT","links":null,"shape":3,"label":"姿态关键点"}],"properties":{"Node name for S&R":"OpenposePreprocessor"},"widgets_values":["enable","enable","enable",512]},{"id":20,"type":"PreviewImage","pos":[2397.3391820743464,459.7807200155928],"size":{"0":210,"1":246},"flags":{},"order":14,"mode":4,"inputs":[{"name":"images","type":"IMAGE","link":71,"label":"图像","slot_index":0}],"properties":{"Node name for S&R":"PreviewImage"}},{"id":14,"type":"LoadImage","pos":[1538.8952822769772,268.55010212339766],"size":[315,314.00000762939453],"flags":{},"order":4,"mode":4,"outputs":[{"name":"IMAGE","type":"IMAGE","links":[13],"shape":3,"label":"图像"},{"name":"MASK","type":"MASK","links":null,"shape":3,"label":"遮罩"}],"properties":{"Node name for S&R":"LoadImage"},"widgets_values":["wlop-49se.jpg","image"]},{"id":32,"type":"VAEDecode","pos":[3450,367],"size":{"0":210,"1":46},"flags":{},"order":25,"mode":4,"inputs":[{"name":"samples","type":"LATENT","link":69,"label":"Latent","slot_index":0},{"name":"vae","type":"VAE","link":44,"label":"VAE"}],"outputs":[{"name":"IMAGE","type":"IMAGE","links":[39],"shape":3,"label":"图像","slot_index":0}],"properties":{"Node name for S&R":"VAEDecode"}},{"id":29,"type":"LatentUpscale","pos":[2716.746919488404,648],"size":{"0":315,"1":130},"flags":{},"order":20,"mode":4,"inputs":[{"name":"samples","type":"LATENT","link":35,"label":"Latent"}],"outputs":[{"name":"LATENT","type":"LATENT","links":[37],"shape":3,"label":"Latent","slot_index":0}],"properties":{"Node name for S&R":"LatentUpscale"},"widgets_values":["nearest-exact",2048,2048,"disabled"]},{"id":7,"type":"CLIPTextEncode","pos":[1274,1249],"size":{"0":425.27801513671875,"1":180.6060791015625},"flags":{},"order":16,"mode":0,"inputs":[{"name":"clip","type":"CLIP","link":77,"label":"CLIP"}],"outputs":[{"name":"CONDITIONING","type":"CONDITIONING","links":[6,43,61],"slot_index":0,"label":"条件"}],"properties":{"Node name for S&R":"CLIPTextEncode"},"widgets_values":["Low quality, ugly, deformed  "]},{"id":8,"type":"VAEDecode","pos":[1425,850],"size":{"0":210,"1":46},"flags":{},"order":19,"mode":0,"inputs":[{"name":"samples","type":"LATENT","link":7,"label":"Latent"},{"name":"vae","type":"VAE","link":8,"label":"VAE"}],"outputs":[{"name":"IMAGE","type":"IMAGE","links":[9],"slot_index":0,"label":"图像"}],"properties":{"Node name for S&R":"VAEDecode"}},{"id":9,"type":"SaveImage","pos":[1706,783],"size":{"0":210,"1":270},"flags":{},"order":22,"mode":0,"inputs":[{"name":"images","type":"IMAGE","link":9,"label":"图像"}],"properties":{},"widgets_values":["ComfyUI"]},{"id":53,"type":"CLIPTextEncode","pos":[765,991],"size":{"0":422.84503173828125,"1":164.31304931640625},"flags":{},"order":5,"mode":0,"inputs":[{"name":"clip","type":"CLIP","link":null,"label":"CLIP"}],"outputs":[{"name":"CONDITIONING","type":"CONDITIONING","links":[],"slot_index":0,"label":"条件"}],"properties":{"Node name for S&R":"CLIPTextEncode"},"widgets_values":["Face the shot, sketch, very beautiful, high quality, high resolution, monochrome, black and white, perfect art, great work"]},{"id":6,"type":"CLIPTextEncode","pos":[1279,1022],"size":{"0":422.84503173828125,"1":164.31304931640625},"flags":{},"order":15,"mode":0,"inputs":[{"name":"clip","type":"CLIP","link":76,"label":"CLIP"}],"outputs":[{"name":"CONDITIONING","type":"CONDITIONING","links":[16,42,60],"slot_index":0,"label":"条件"}],"properties":{"Node name for S&R":"CLIPTextEncode"},"widgets_values":["1girl，sktch，Face the shot, sketch, very beautiful, high quality, high resolution, monochrome, black and white, perfect art, great work"]},{"id":5,"type":"EmptyLatentImage","pos":[1620,1392],"size":{"0":315,"1":106},"flags":{},"order":6,"mode":0,"outputs":[{"name":"LATENT","type":"LATENT","links":[85],"slot_index":0,"label":"Latent"}],"properties":{"Node name for S&R":"EmptyLatentImage"},"widgets_values":[1024,1024,1]},{"id":52,"type":"Seed (rgthree)","pos":[1669,1614],"size":{"0":210,"1":130},"flags":{},"order":7,"mode":0,"outputs":[{"name":"SEED","type":"INT","links":[81,82,86],"shape":3,"label":"随机种","dir":4,"slot_index":0}],"properties":{"Node name for S&R":"Seed (rgthree)"},"widgets_values":[938960373230180,null,null,null]},{"id":39,"type":"ImageScale","pos":[2998.92890615403,1426.2956719083368],"size":{"0":315,"1":130},"flags":{},"order":26,"mode":4,"inputs":[{"name":"image","type":"IMAGE","link":49,"label":"图像"}],"outputs":[{"name":"IMAGE","type":"IMAGE","links":[50],"shape":3,"label":"图像","slot_index":0}],"properties":{"Node name for S&R":"ImageScale"},"widgets_values":["nearest-exact",2048,2048,"disabled"]},{"id":37,"type":"ImageUpscaleWithModel","pos":[2796,1276],"size":{"0":241.79998779296875,"1":46},"flags":{},"order":24,"mode":4,"inputs":[{"name":"upscale_model","type":"UPSCALE_MODEL","link":47,"label":"放大模型","slot_index":0},{"name":"image","type":"IMAGE","link":46,"label":"图像"}],"outputs":[{"name":"IMAGE","type":"IMAGE","links":[49],"shape":3,"label":"图像","slot_index":0}],"properties":{"Node name for S&R":"ImageUpscaleWithModel"}},{"id":3,"type":"KSampler","pos":[1962,1138],"size":{"0":315,"1":474},"flags":{},"order":18,"mode":0,"inputs":[{"name":"model","type":"MODEL","link":78,"label":"模型"},{"name":"positive","type":"CONDITIONING","link":17,"label":"正面条件"},{"name":"negative","type":"CONDITIONING","link":6,"label":"负面条件"},{"name":"latent_image","type":"LATENT","link":85,"label":"Latent"},{"name":"seed","type":"INT","link":86,"widget":{"name":"seed"},"label":"随机种","slot_index":4}],"outputs":[{"name":"LATENT","type":"LATENT","links":[7,35,45],"slot_index":0,"label":"Latent"}],"properties":{"Node name for S&R":"KSampler"},"widgets_values":[180505959517647,"randomize",30,8,"euler","normal",1]},{"id":36,"type":"UpscaleModelLoader","pos":[2648.92890615403,1106.295671908337],"size":{"0":315,"1":82},"flags":{},"order":8,"mode":4,"outputs":[{"name":"UPSCALE_MODEL","type":"UPSCALE_MODEL","links":[47],"shape":3,"label":"放大模型"}],"properties":{"Node name for S&R":"UpscaleModelLoader"},"widgets_values":["OmniSR_X2_DIV2K.safetensors",null]},{"id":31,"type":"KSampler","pos":[3087,415],"size":{"0":315,"1":474},"flags":{},"order":23,"mode":4,"inputs":[{"name":"model","type":"MODEL","link":75,"label":"模型"},{"name":"positive","type":"CONDITIONING","link":42,"label":"正面条件"},{"name":"negative","type":"CONDITIONING","link":43,"label":"负面条件"},{"name":"latent_image","type":"LATENT","link":37,"label":"Latent"},{"name":"seed","type":"INT","link":81,"widget":{"name":"seed"},"label":"随机种"}],"outputs":[{"name":"LATENT","type":"LATENT","links":[69],"shape":3,"label":"Latent","slot_index":0}],"properties":{"Node name for S&R":"KSampler"},"widgets_values":[185894626787715,"randomize",30,5,"euler","normal",0.3]},{"id":41,"type":"KSampler","pos":[3459,1286],"size":{"0":315,"1":474.0000305175781},"flags":{},"order":29,"mode":4,"inputs":[{"name":"model","type":"MODEL","link":83,"label":"模型","slot_index":0},{"name":"positive","type":"CONDITIONING","link":60,"label":"正面条件"},{"name":"negative","type":"CONDITIONING","link":61,"label":"负面条件"},{"name":"latent_image","type":"LATENT","link":51,"label":"Latent"},{"name":"seed","type":"INT","link":82,"widget":{"name":"seed"},"label":"随机种"}],"outputs":[{"name":"LATENT","type":"LATENT","links":[52],"shape":3,"label":"Latent","slot_index":0}],"properties":{"Node name for S&R":"KSampler"},"widgets_values":[1060254545797695,"randomize",30,5,"euler","normal",0.6]},{"id":33,"type":"SaveImage","pos":[2247,778],"size":{"0":315,"1":270},"flags":{},"order":27,"mode":4,"inputs":[{"name":"images","type":"IMAGE","link":39,"label":"图像"}],"properties":{},"widgets_values":["ComfyUI"]},{"id":4,"type":"CheckpointLoaderSimple","pos":[535,608],"size":{"0":315,"1":122},"flags":{},"order":9,"mode":0,"outputs":[{"name":"MODEL","type":"MODEL","links":[14,73],"slot_index":0,"label":"模型"},{"name":"CLIP","type":"CLIP","links":[74],"slot_index":1,"label":"CLIP"},{"name":"VAE","type":"VAE","links":[8,44,55,56,57],"slot_index":2,"label":"VAE"}],"properties":{"Node name for S&R":"CheckpointLoaderSimple"},"widgets_values":["dreamshaperXL_turboDpmppSDE.safetensors",null]},{"id":56,"type":"UltimateSDUpscale","pos":[2588,867],"size":{"0":315,"1":590},"flags":{},"order":10,"mode":0,"inputs":[{"name":"image","type":"IMAGE","link":null,"label":"图像"},{"name":"model","type":"MODEL","link":null,"label":"模型"},{"name":"positive","type":"CONDITIONING","link":null,"label":"正面条件"},{"name":"negative","type":"CONDITIONING","link":null,"label":"负面条件"},{"name":"vae","type":"VAE","link":null,"label":"VAE"},{"name":"upscale_model","type":"UPSCALE_MODEL","link":null,"label":"放大模型"}],"outputs":[{"name":"IMAGE","type":"IMAGE","links":null,"shape":3,"label":"图像"}],"properties":{"Node name for S&R":"UltimateSDUpscale"},"widgets_values":[2,971877686010413,"randomize",20,8,"euler","normal",1,"Linear",512,512,8,32,"None",1,64,8,16,"enable"]},{"id":50,"type":"LoraLoader","pos":[934,789],"size":{"0":210,"1":150},"flags":{},"order":13,"mode":0,"inputs":[{"name":"model","type":"MODEL","link":73,"label":"模型"},{"name":"clip","type":"CLIP","link":74,"label":"CLIP"}],"outputs":[{"name":"MODEL","type":"MODEL","links":[75,78,83],"shape":3,"label":"模型","slot_index":0},{"name":"CLIP","type":"CLIP","links":[76,77],"shape":3,"label":"CLIP","slot_index":1}],"properties":{"Node name for S&R":"LoraLoader"},"widgets_values":["sketchXL.safetensors",0.7000000000000001,1,null]},{"id":43,"type":"SaveImage","pos":[1919,783],"size":{"0":315,"1":270.0000305175781},"flags":{},"order":31,"mode":0,"inputs":[{"name":"images","type":"IMAGE","link":53,"label":"图像"}],"properties":{},"widgets_values":["ComfyUI"]}],"links":[[6,7,0,3,2,"CONDITIONING"],[7,3,0,8,0,"LATENT"],[8,4,2,8,1,"VAE"],[9,8,0,9,0,"IMAGE"],[10,11,0,10,0,"IPADAPTER"],[12,13,0,10,1,"CLIP_VISION"],[13,14,0,10,2,"IMAGE"],[14,4,0,10,3,"MODEL"],[16,6,0,16,0,"CONDITIONING"],[17,16,0,3,1,"CONDITIONING"],[19,18,0,16,1,"CONTROL_NET"],[35,3,0,29,0,"LATENT"],[37,29,0,31,3,"LATENT"],[39,32,0,33,0,"IMAGE"],[42,6,0,31,1,"CONDITIONING"],[43,7,0,31,2,"CONDITIONING"],[44,4,2,32,1,"VAE"],[45,3,0,35,0,"LATENT"],[46,35,0,37,1,"IMAGE"],[47,36,0,37,0,"UPSCALE_MODEL"],[49,37,0,39,0,"IMAGE"],[50,39,0,40,0,"IMAGE"],[51,40,0,41,3,"LATENT"],[52,41,0,42,0,"LATENT"],[53,42,0,43,0,"IMAGE"],[55,4,2,35,1,"VAE"],[56,4,2,42,1,"VAE"],[57,4,2,40,1,"VAE"],[60,6,0,41,1,"CONDITIONING"],[61,7,0,41,2,"CONDITIONING"],[69,31,0,32,0,"LATENT"],[70,19,0,49,0,"IMAGE"],[71,49,0,20,0,"IMAGE"],[72,49,0,16,2,"IMAGE"],[73,4,0,50,0,"MODEL"],[74,4,1,50,1,"CLIP"],[75,50,0,31,0,"MODEL"],[76,50,1,6,0,"CLIP"],[77,50,1,7,0,"CLIP"],[78,50,0,3,0,"MODEL"],[81,52,0,31,4,"INT"],[82,52,0,41,4,"INT"],[83,50,0,41,0,"MODEL"],[85,5,0,3,3,"LATENT"],[86,52,0,3,4,"INT"]],"groups":[{"title":"潜空间放大","bounding":[2689,349,1083,541],"color":"#3f789e","font_size":24},{"title":"非潜空间放大","bounding":[2379,1000,1835,604],"color":"#3f789e","font_size":24},{"title":"提示词输入","bounding":[780,906,1122,514],"color":"#3f789e","font_size":24},{"title":"画风迁移","bounding":[1187,164,673,479],"color":"#3f789e","font_size":24},{"title":"controlnet","bounding":[1932,125,706,641],"color":"#3f789e","font_size":24},{"title":"文生图","bounding":[2683,-16,586,323],"color":"#3f789e","font_size":24}],"config":{},"extra":{"workspace_info":{"id":"d51a48f5-6642-4666-a7f3-b82fcdda0b73","name":"SDXL放大与风格迁移"}},"version":0.4}