{"last_node_id":11,"last_link_id":15,"nodes":[{"id":7,"type":"CLIPTextEncode","pos":[413,389],"size":{"0":425.27801513671875,"1":180.6060791015625},"flags":{},"order":4,"mode":0,"inputs":[{"name":"clip","type":"CLIP","link":12,"label":"CLIP"}],"outputs":[{"name":"CONDITIONING","type":"CONDITIONING","links":[6],"slot_index":0,"label":"条件"}],"properties":{"Node name for S&R":"CLIPTextEncode"},"widgets_values":["text, watermark"]},{"id":5,"type":"EmptyLatentImage","pos":[473,609],"size":{"0":315,"1":106},"flags":{},"order":0,"mode":0,"outputs":[{"name":"LATENT","type":"LATENT","links":[2],"slot_index":0,"label":"Latent"}],"properties":{"Node name for S&R":"EmptyLatentImage"},"widgets_values":[1024,1024,1]},{"id":8,"type":"VAEDecode","pos":[130,231],"size":{"0":210,"1":46},"flags":{},"order":7,"mode":0,"inputs":[{"name":"samples","type":"LATENT","link":7,"label":"Latent"},{"name":"vae","type":"VAE","link":8,"label":"VAE"}],"outputs":[{"name":"IMAGE","type":"IMAGE","links":[9],"slot_index":0,"label":"图像"}],"properties":{"Node name for S&R":"VAEDecode"}},{"id":3,"type":"KSampler","pos":[853,269],"size":{"0":315,"1":262},"flags":{},"order":6,"mode":0,"inputs":[{"name":"model","type":"MODEL","link":13,"label":"模型"},{"name":"positive","type":"CONDITIONING","link":4,"label":"正面条件"},{"name":"negative","type":"CONDITIONING","link":6,"label":"负面条件"},{"name":"latent_image","type":"LATENT","link":2,"label":"Latent"}],"outputs":[{"name":"LATENT","type":"LATENT","links":[7],"slot_index":0,"label":"Latent"}],"properties":{"Node name for S&R":"KSampler"},"widgets_values":[575271469494891,"randomize",20,8,"euler","normal",1]},{"id":11,"type":"CLIPTextEncode","pos":[409,-12],"size":{"0":422.84503173828125,"1":164.31304931640625},"flags":{},"order":1,"mode":0,"inputs":[{"name":"clip","type":"CLIP","link":null,"label":"CLIP"}],"outputs":[{"name":"CONDITIONING","type":"CONDITIONING","links":[],"slot_index":0,"label":"条件"}],"properties":{"Node name for S&R":"CLIPTextEncode"},"widgets_values":["Realistic"]},{"id":6,"type":"CLIPTextEncode","pos":[416,184],"size":{"0":422.84503173828125,"1":164.31304931640625},"flags":{},"order":5,"mode":0,"inputs":[{"name":"clip","type":"CLIP","link":14,"label":"CLIP"}],"outputs":[{"name":"CONDITIONING","type":"CONDITIONING","links":[4],"slot_index":0,"label":"条件"}],"properties":{"Node name for S&R":"CLIPTextEncode"},"widgets_values":["1girl,Very clear,    sketch, monochrome, beauty, highest quality, very good-looking, beauty, standing on top of the world，Realistic\n"]},{"id":10,"type":"LoraLoader","pos":[-150,123],"size":{"0":210,"1":150},"flags":{},"order":3,"mode":0,"inputs":[{"name":"model","type":"MODEL","link":15,"label":"模型"},{"name":"clip","type":"CLIP","link":11,"label":"CLIP"}],"outputs":[{"name":"MODEL","type":"MODEL","links":[13],"shape":3,"label":"模型","slot_index":0},{"name":"CLIP","type":"CLIP","links":[12,14],"shape":3,"label":"CLIP","slot_index":1}],"properties":{"Node name for S&R":"LoraLoader"},"widgets_values":["sketchXL.safetensors",0.8,1,null]},{"id":9,"type":"SaveImage","pos":[79,346],"size":{"0":285.9076232910156,"1":334.6064147949219},"flags":{},"order":8,"mode":0,"inputs":[{"name":"images","type":"IMAGE","link":9,"label":"图像"}],"properties":{},"widgets_values":["ComfyUI"]},{"id":4,"type":"CheckpointLoaderSimple","pos":[-560,232],"size":{"0":315,"1":122},"flags":{},"order":2,"mode":0,"outputs":[{"name":"MODEL","type":"MODEL","links":[15],"slot_index":0,"label":"模型"},{"name":"CLIP","type":"CLIP","links":[11],"slot_index":1,"label":"CLIP"},{"name":"VAE","type":"VAE","links":[8],"slot_index":2,"label":"VAE"}],"properties":{"Node name for S&R":"CheckpointLoaderSimple"},"widgets_values":["sd_xl_base_1.0.safetensors",null]}],"links":[[2,5,0,3,3,"LATENT"],[4,6,0,3,1,"CONDITIONING"],[6,7,0,3,2,"CONDITIONING"],[7,3,0,8,0,"LATENT"],[8,4,2,8,1,"VAE"],[9,8,0,9,0,"IMAGE"],[11,4,1,10,1,"CLIP"],[12,10,1,7,0,"CLIP"],[13,10,0,3,0,"MODEL"],[14,10,1,6,0,"CLIP"],[15,4,0,10,0,"MODEL"]],"groups":[],"config":{},"extra":{"workspace_info":{"id":"4a37f8b3-4d5d-47ca-8e4f-87f9ea1a373a","name":"sdxl lora"}},"version":0.4}