{"last_node_id":11,"last_link_id":18,"nodes":[{"id":7,"type":"CLIPTextEncode","pos":[413,389],"size":{"0":425.27801513671875,"1":180.6060791015625},"flags":{},"order":5,"mode":0,"inputs":[{"name":"clip","type":"CLIP","link":14,"label":"CLIP"}],"outputs":[{"name":"CONDITIONING","type":"CONDITIONING","links":[6],"slot_index":0,"label":"条件"}],"properties":{"Node name for S&R":"CLIPTextEncode"},"widgets_values":["bad hands"]},{"id":6,"type":"CLIPTextEncode","pos":[415,186],"size":{"0":422.84503173828125,"1":164.31304931640625},"flags":{},"order":4,"mode":0,"inputs":[{"name":"clip","type":"CLIP","link":13,"label":"CLIP"}],"outputs":[{"name":"CONDITIONING","type":"CONDITIONING","links":[4],"slot_index":0,"label":"条件"}],"properties":{"Node name for S&R":"CLIPTextEncode"},"widgets_values":["masterpiece best quality girl"]},{"id":5,"type":"EmptyLatentImage","pos":[473,609],"size":{"0":315,"1":106},"flags":{},"order":0,"mode":0,"outputs":[{"name":"LATENT","type":"LATENT","links":[2],"slot_index":0,"label":"Latent"}],"properties":{"Node name for S&R":"EmptyLatentImage"},"widgets_values":[512,512,1]},{"id":3,"type":"KSampler","pos":[863,186],"size":{"0":315,"1":262},"flags":{},"order":6,"mode":0,"inputs":[{"name":"model","type":"MODEL","link":12,"label":"模型"},{"name":"positive","type":"CONDITIONING","link":4,"label":"正面条件"},{"name":"negative","type":"CONDITIONING","link":6,"label":"负面条件"},{"name":"latent_image","type":"LATENT","link":2,"label":"Latent"}],"outputs":[{"name":"LATENT","type":"LATENT","links":[7],"slot_index":0,"label":"Latent"}],"properties":{"Node name for S&R":"KSampler"},"widgets_values":[513173432917412,"randomize",20,8,"euler","normal",1]},{"id":8,"type":"VAEDecode","pos":[1209,188],"size":{"0":210,"1":46},"flags":{},"order":7,"mode":0,"inputs":[{"name":"samples","type":"LATENT","link":7,"label":"Latent"},{"name":"vae","type":"VAE","link":8,"label":"VAE"}],"outputs":[{"name":"IMAGE","type":"IMAGE","links":[9],"slot_index":0,"label":"图像"}],"properties":{"Node name for S&R":"VAEDecode"}},{"id":9,"type":"SaveImage","pos":[1451,189],"size":{"0":210,"1":250},"flags":{},"order":8,"mode":0,"inputs":[{"name":"images","type":"IMAGE","link":9,"label":"图像"}],"properties":{},"widgets_values":["ComfyUI"]},{"id":10,"type":"LoraLoader","pos":[-27,160],"size":{"0":315,"1":150},"flags":{},"order":3,"mode":0,"inputs":[{"name":"model","type":"MODEL","link":15,"label":"模型"},{"name":"clip","type":"CLIP","link":16,"label":"CLIP"}],"outputs":[{"name":"MODEL","type":"MODEL","links":[12],"slot_index":0,"label":"模型"},{"name":"CLIP","type":"CLIP","links":[13,14],"slot_index":1,"label":"CLIP"}],"properties":{"Node name for S&R":"LoraLoader"},"widgets_values":["epiNoiseoffset_v2.safetensors",1,1,null]},{"id":11,"type":"LoraLoader","pos":[-379,160],"size":{"0":315,"1":150},"flags":{},"order":2,"mode":0,"inputs":[{"name":"model","type":"MODEL","link":17,"label":"模型"},{"name":"clip","type":"CLIP","link":18,"label":"CLIP"}],"outputs":[{"name":"MODEL","type":"MODEL","links":[15],"slot_index":0,"label":"模型"},{"name":"CLIP","type":"CLIP","links":[16],"slot_index":1,"label":"CLIP"}],"properties":{"Node name for S&R":"LoraLoader"},"widgets_values":["theovercomer8sContrastFix_sd15.safetensors",1,1,null]},{"id":4,"type":"CheckpointLoaderSimple","pos":[-780,284],"size":{"0":315,"1":122},"flags":{},"order":1,"mode":0,"outputs":[{"name":"MODEL","type":"MODEL","links":[17],"slot_index":0,"label":"模型"},{"name":"CLIP","type":"CLIP","links":[18],"slot_index":1,"label":"CLIP"},{"name":"VAE","type":"VAE","links":[8],"slot_index":2,"label":"VAE"}],"properties":{"Node name for S&R":"CheckpointLoaderSimple"},"widgets_values":["v1-5-pruned-emaonly.ckpt",null]}],"links":[[2,5,0,3,3,"LATENT"],[4,6,0,3,1,"CONDITIONING"],[6,7,0,3,2,"CONDITIONING"],[7,3,0,8,0,"LATENT"],[8,4,2,8,1,"VAE"],[9,8,0,9,0,"IMAGE"],[12,10,0,3,0,"MODEL"],[13,10,1,6,0,"CLIP"],[14,10,1,7,0,"CLIP"],[15,11,0,10,0,"MODEL"],[16,11,1,10,1,"CLIP"],[17,4,0,11,0,"MODEL"],[18,4,1,11,1,"CLIP"]],"groups":[],"config":{},"extra":{"workspace_info":{"id":"e68275ca-a5ab-4b6b-afcb-1e9f56649192","name":"Lora2"}},"version":0.4}