{"last_node_id":39,"last_link_id":38,"nodes":[{"id":8,"type":"VAEDecode","pos":[1209,188],"size":{"0":210,"1":46},"flags":{},"order":14,"mode":0,"inputs":[{"name":"samples","type":"LATENT","link":7,"label":"Latent"},{"name":"vae","type":"VAE","link":14,"label":"VAE"}],"outputs":[{"name":"IMAGE","type":"IMAGE","links":[9],"slot_index":0,"label":"图像"}],"properties":{"Node name for S&R":"VAEDecode"}},{"id":10,"type":"ControlNetApply","pos":[340,267],"size":{"0":317.4000244140625,"1":98},"flags":{},"order":12,"mode":0,"inputs":[{"name":"conditioning","type":"CONDITIONING","link":10,"label":"条件"},{"name":"control_net","type":"CONTROL_NET","link":11,"label":"ControlNet"},{"name":"image","type":"IMAGE","link":12,"label":"图像"}],"outputs":[{"name":"CONDITIONING","type":"CONDITIONING","links":[13],"slot_index":0,"label":"条件"}],"properties":{"Node name for S&R":"ControlNetApply"},"widgets_values":[1]},{"id":5,"type":"EmptyLatentImage","pos":[473,609],"size":{"0":315,"1":106},"flags":{},"order":0,"mode":0,"outputs":[{"name":"LATENT","type":"LATENT","links":[2],"slot_index":0,"label":"Latent"}],"properties":{"Node name for S&R":"EmptyLatentImage"},"widgets_values":[1280,704,1]},{"id":17,"type":"VAEDecode","pos":[2527,369],"size":{"0":210,"1":46},"flags":{},"order":18,"mode":0,"inputs":[{"name":"samples","type":"LATENT","link":18,"label":"Latent"},{"name":"vae","type":"VAE","link":20,"label":"VAE"}],"outputs":[{"name":"IMAGE","type":"IMAGE","links":[19],"slot_index":0,"label":"图像"}],"properties":{"Node name for S&R":"VAEDecode"}},{"id":7,"type":"CLIPTextEncode","pos":[-8,607],"size":{"0":425.27801513671875,"1":180.6060791015625},"flags":{},"order":10,"mode":0,"inputs":[{"name":"clip","type":"CLIP","link":35,"label":"CLIP"}],"outputs":[{"name":"CONDITIONING","type":"CONDITIONING","links":[6],"slot_index":0,"label":"条件"}],"properties":{"Node name for S&R":"CLIPTextEncode"},"widgets_values":["(hands), text, error, cropped, (worst quality:1.2), (low quality:1.2), normal quality, (jpeg artifacts:1.3), signature, watermark, username, blurry, artist name, monochrome, sketch, censorship, censor, (copyright:1.2), extra legs, (forehead mark) (depth of field) (emotionless) (penis) (pumpkin)"]},{"id":3,"type":"KSampler","pos":[863,186],"size":{"0":315,"1":262},"flags":{},"order":13,"mode":0,"inputs":[{"name":"model","type":"MODEL","link":38,"label":"模型"},{"name":"positive","type":"CONDITIONING","link":13,"label":"正面条件"},{"name":"negative","type":"CONDITIONING","link":6,"label":"负面条件"},{"name":"latent_image","type":"LATENT","link":2,"label":"Latent"}],"outputs":[{"name":"LATENT","type":"LATENT","links":[7,16],"slot_index":0,"label":"Latent"}],"properties":{"Node name for S&R":"KSampler"},"widgets_values":[1071823866653712,"randomize",10,8,"dpmpp_sde","normal",1]},{"id":35,"type":"CLIPTextEncode","pos":[1310,-72],"size":{"0":425.27801513671875,"1":180.6060791015625},"flags":{},"order":9,"mode":0,"inputs":[{"name":"clip","type":"CLIP","link":33,"label":"CLIP"}],"outputs":[{"name":"CONDITIONING","type":"CONDITIONING","links":[28],"slot_index":0,"label":"条件"}],"properties":{"Node name for S&R":"CLIPTextEncode"},"widgets_values":["(hands), text, error, cropped, (worst quality:1.2), (low quality:1.2), normal quality, (jpeg artifacts:1.3), signature, watermark, username, blurry, artist name, monochrome, sketch, censorship, censor, (copyright:1.2), extra legs, (forehead mark) (depth of field) (emotionless) (penis) (pumpkin)"]},{"id":6,"type":"CLIPTextEncode","pos":[-223,-93],"size":{"0":422.84503173828125,"1":164.31304931640625},"flags":{},"order":11,"mode":0,"inputs":[{"name":"clip","type":"CLIP","link":36,"label":"CLIP"}],"outputs":[{"name":"CONDITIONING","type":"CONDITIONING","links":[10],"slot_index":0,"label":"条件"}],"properties":{"Node name for S&R":"CLIPTextEncode"},"widgets_values":["(solo) girl (flat chest:0.9), (fennec ears:1.0)  (fox ears:1.0), (messy hair), eyes, standing (school uniform sweater) sky clouds nature national park beautiful winter snow (scenery HDR landscape)\n(sunset)\n"]},{"id":12,"type":"LoadImage","pos":[-280,287],"size":{"0":365,"1":314},"flags":{},"order":1,"mode":0,"outputs":[{"name":"IMAGE","type":"IMAGE","links":[12],"slot_index":0,"label":"图像"},{"name":"MASK","type":"MASK","links":null,"label":"遮罩"}],"properties":{"Node name for S&R":"LoadImage"},"widgets_values":["pose_worship.png","image"]},{"id":13,"type":"VAELoader","pos":[1098,599],"size":{"0":315,"1":82},"flags":{},"order":2,"mode":0,"outputs":[{"name":"VAE","type":"VAE","links":[14,20],"slot_index":0}],"properties":{"Node name for S&R":"VAELoader"},"widgets_values":["kl-f8-anime2.ckpt",null]},{"id":15,"type":"CLIPTextEncode","pos":[1321,-395],"size":{"0":400,"1":200},"flags":{},"order":8,"mode":0,"inputs":[{"name":"clip","type":"CLIP","link":32,"label":"CLIP"}],"outputs":[{"name":"CONDITIONING","type":"CONDITIONING","links":[21],"slot_index":0,"label":"条件"}],"properties":{"Node name for S&R":"CLIPTextEncode"},"widgets_values":["girl (flat chest:0.9), (fennec ears:0.8)  (fox ears:0.8), (messy hair), (highlights), (realistic starry eyes pupil:1.1), standing (school uniform sweater)\nsky clouds nature national park beautiful winter snow scenery HDR landscape\n\n(sunset)\n\n"]},{"id":36,"type":"CheckpointLoaderSimple","pos":[570,-206],"size":{"0":315,"1":122},"flags":{},"order":3,"mode":0,"outputs":[{"name":"MODEL","type":"MODEL","links":[29],"slot_index":0,"label":"模型"},{"name":"CLIP","type":"CLIP","links":[34],"slot_index":1,"label":"CLIP"},{"name":"VAE","type":"VAE","links":null,"label":"VAE"}],"properties":{"Node name for S&R":"CheckpointLoaderSimple"},"widgets_values":["AOM3A3.safetensors",null]},{"id":37,"type":"CLIPSetLastLayer","pos":[933,-183],"size":{"0":315,"1":58},"flags":{},"order":6,"mode":0,"inputs":[{"name":"clip","type":"CLIP","link":34,"slot_index":0,"label":"CLIP"}],"outputs":[{"name":"CLIP","type":"CLIP","links":[32,33],"slot_index":0,"label":"CLIP"}],"properties":{"Node name for S&R":"CLIPSetLastLayer"},"widgets_values":[-2]},{"id":38,"type":"CLIPSetLastLayer","pos":[-733,375],"size":{"0":315,"1":58},"flags":{},"order":7,"mode":0,"inputs":[{"name":"clip","type":"CLIP","link":37,"label":"CLIP"}],"outputs":[{"name":"CLIP","type":"CLIP","links":[35,36],"slot_index":0,"label":"CLIP"}],"properties":{"Node name for S&R":"CLIPSetLastLayer"},"widgets_values":[-2]},{"id":39,"type":"CheckpointLoaderSimple","pos":[-1100,302],"size":{"0":315,"1":122},"flags":{},"order":4,"mode":0,"outputs":[{"name":"MODEL","type":"MODEL","links":[38],"slot_index":0,"label":"模型"},{"name":"CLIP","type":"CLIP","links":[37],"slot_index":1,"label":"CLIP"},{"name":"VAE","type":"VAE","links":null,"label":"VAE"}],"properties":{"Node name for S&R":"CheckpointLoaderSimple"},"widgets_values":["Anything-V3.0.ckpt",null]},{"id":14,"type":"LatentUpscale","pos":[1486,494],"size":{"0":315,"1":130},"flags":{},"order":15,"mode":0,"inputs":[{"name":"samples","type":"LATENT","link":16,"label":"Latent"}],"outputs":[{"name":"LATENT","type":"LATENT","links":[17],"slot_index":0,"label":"Latent"}],"properties":{"Node name for S&R":"LatentUpscale"},"widgets_values":["nearest-exact",1920,1088,"disabled"]},{"id":18,"type":"SaveImage","pos":[2769,370],"size":{"0":357.8576965332031,"1":262.24237060546875},"flags":{},"order":19,"mode":0,"inputs":[{"name":"images","type":"IMAGE","link":19,"label":"图像"}],"properties":{},"widgets_values":["ComfyUI"]},{"id":16,"type":"KSampler","pos":[2011,248],"size":{"0":315,"1":262},"flags":{},"order":17,"mode":0,"inputs":[{"name":"model","type":"MODEL","link":29,"label":"模型"},{"name":"positive","type":"CONDITIONING","link":21,"label":"正面条件"},{"name":"negative","type":"CONDITIONING","link":28,"label":"负面条件"},{"name":"latent_image","type":"LATENT","link":17,"label":"Latent"}],"outputs":[{"name":"LATENT","type":"LATENT","links":[18],"slot_index":0,"label":"Latent"}],"properties":{"Node name for S&R":"KSampler"},"widgets_values":[284006177305237,"randomize",8,5,"dpmpp_sde","simple",0.52]},{"id":9,"type":"SaveImage","pos":[1451,189],"size":{"0":353.0706787109375,"1":252.5731964111328},"flags":{},"order":16,"mode":0,"inputs":[{"name":"images","type":"IMAGE","link":9,"label":"图像"}],"properties":{},"widgets_values":["ComfyUI"]},{"id":11,"type":"ControlNetLoader","pos":[-250,151],"size":{"0":450.8984069824219,"1":82},"flags":{},"order":5,"mode":0,"outputs":[{"name":"CONTROL_NET","type":"CONTROL_NET","links":[11],"slot_index":0,"label":"ControlNet"}],"properties":{"Node name for S&R":"ControlNetLoader"},"widgets_values":["control_openpose.safetensors",null]}],"links":[[2,5,0,3,3,"LATENT"],[6,7,0,3,2,"CONDITIONING"],[7,3,0,8,0,"LATENT"],[9,8,0,9,0,"IMAGE"],[10,6,0,10,0,"CONDITIONING"],[11,11,0,10,1,"CONTROL_NET"],[12,12,0,10,2,"IMAGE"],[13,10,0,3,1,"CONDITIONING"],[14,13,0,8,1,"VAE"],[16,3,0,14,0,"LATENT"],[17,14,0,16,3,"LATENT"],[18,16,0,17,0,"LATENT"],[19,17,0,18,0,"IMAGE"],[20,13,0,17,1,"VAE"],[21,15,0,16,1,"CONDITIONING"],[28,35,0,16,2,"CONDITIONING"],[29,36,0,16,0,"MODEL"],[32,37,0,15,0,"CLIP"],[33,37,0,35,0,"CLIP"],[34,36,1,37,0,"CLIP"],[35,38,0,7,0,"CLIP"],[36,38,0,6,0,"CLIP"],[37,39,1,38,0,"CLIP"],[38,39,0,3,0,"MODEL"]],"groups":[],"config":{},"extra":{"workspace_info":{"id":"12ed521f-df68-409e-84b7-bf12dd2f2703","name":"open pose"}},"version":0.4}