{"last_node_id":14,"last_link_id":21,"nodes":[{"id":8,"type":"VAEDecode","pos":[1210,250],"size":{"0":210,"1":46},"flags":{},"order":9,"mode":0,"inputs":[{"name":"samples","type":"LATENT","link":7,"label":"Latent"},{"name":"vae","type":"VAE","link":14,"label":"VAE"}],"outputs":[{"name":"IMAGE","type":"IMAGE","links":[9],"slot_index":0,"label":"图像"}],"properties":{"Node name for S&R":"VAEDecode"}},{"id":6,"type":"CLIPTextEncode","pos":[-42,-147],"size":{"0":422.84503173828125,"1":164.31304931640625},"flags":{},"order":6,"mode":0,"inputs":[{"name":"clip","type":"CLIP","link":21,"label":"CLIP"}],"outputs":[{"name":"CONDITIONING","type":"CONDITIONING","links":[10],"slot_index":0,"label":"条件"}],"properties":{"Node name for S&R":"CLIPTextEncode"},"widgets_values":["(solo) girl (flat chest:0.9), (fennec ears:1.1)  (fox ears:1.1), (blonde hair:1.0), messy hair, sky clouds, standing in a grass field, (chibi), blue eyes"]},{"id":7,"type":"CLIPTextEncode","pos":[355,213],"size":{"0":425.27801513671875,"1":180.6060791015625},"flags":{},"order":5,"mode":0,"inputs":[{"name":"clip","type":"CLIP","link":20,"label":"CLIP"}],"outputs":[{"name":"CONDITIONING","type":"CONDITIONING","links":[16],"slot_index":0,"label":"条件"}],"properties":{"Node name for S&R":"CLIPTextEncode"},"widgets_values":["(hands), text, error, cropped, (worst quality:1.2), (low quality:1.2), normal quality, (jpeg artifacts:1.3), signature, watermark, username, blurry, artist name, monochrome, sketch, censorship, censor, (copyright:1.2), extra legs, (forehead mark) (depth of field) (emotionless) (penis)"]},{"id":5,"type":"EmptyLatentImage","pos":[439,446],"size":{"0":315,"1":106},"flags":{},"order":1,"mode":0,"outputs":[{"name":"LATENT","type":"LATENT","links":[2],"slot_index":0,"label":"Latent"}],"properties":{"Node name for S&R":"EmptyLatentImage"},"widgets_values":[512,512,1]},{"id":13,"type":"VAELoader","pos":[833,484],"size":{"0":315,"1":82},"flags":{},"order":2,"mode":0,"outputs":[{"name":"VAE","type":"VAE","links":[14],"slot_index":0}],"properties":{"Node name for S&R":"VAELoader"},"widgets_values":["vae-ft-mse-840000-ema-pruned.safetensors",null]},{"id":10,"type":"ControlNetApply","pos":[459,51],"size":{"0":317.4000244140625,"1":98},"flags":{},"order":7,"mode":0,"inputs":[{"name":"conditioning","type":"CONDITIONING","link":10,"label":"条件"},{"name":"control_net","type":"CONTROL_NET","link":13,"label":"ControlNet"},{"name":"image","type":"IMAGE","link":12,"label":"图像"}],"outputs":[{"name":"CONDITIONING","type":"CONDITIONING","links":[18],"slot_index":0,"label":"条件"}],"properties":{"Node name for S&R":"ControlNetApply"},"widgets_values":[0.8999999999999999]},{"id":14,"type":"CheckpointLoaderSimple","pos":[-448,231],"size":{"0":315,"1":122},"flags":{},"order":4,"mode":0,"outputs":[{"name":"MODEL","type":"MODEL","links":[19],"slot_index":0,"label":"模型"},{"name":"CLIP","type":"CLIP","links":[20,21],"slot_index":1,"label":"CLIP"},{"name":"VAE","type":"VAE","links":null,"label":"VAE"}],"properties":{"Node name for S&R":"CheckpointLoaderSimple"},"widgets_values":["Anything-V3.0.ckpt",null]},{"id":9,"type":"SaveImage","pos":[1453,247],"size":{"0":393.6202087402344,"1":449.1610107421875},"flags":{},"order":10,"mode":0,"inputs":[{"name":"images","type":"IMAGE","link":9,"label":"图像"}],"properties":{},"widgets_values":["ComfyUI"]},{"id":3,"type":"KSampler","pos":[842,150],"size":{"0":315,"1":262},"flags":{},"order":8,"mode":0,"inputs":[{"name":"model","type":"MODEL","link":19,"label":"模型"},{"name":"positive","type":"CONDITIONING","link":18,"label":"正面条件"},{"name":"negative","type":"CONDITIONING","link":16,"label":"负面条件"},{"name":"latent_image","type":"LATENT","link":2,"label":"Latent"}],"outputs":[{"name":"LATENT","type":"LATENT","links":[7],"slot_index":0,"label":"Latent"}],"properties":{"Node name for S&R":"KSampler"},"widgets_values":[1002496614778823,"randomize",16,6,"uni_pc","normal",1]},{"id":11,"type":"LoadImage","pos":[-114,313],"size":{"0":387.97003173828125,"1":465.5097961425781},"flags":{},"order":3,"mode":0,"outputs":[{"name":"IMAGE","type":"IMAGE","links":[12],"slot_index":0,"label":"图像"},{"name":"MASK","type":"MASK","links":null,"label":"遮罩"}],"properties":{"Node name for S&R":"LoadImage"},"widgets_values":["input_scribble_example.png","image"]},{"id":12,"type":"ControlNetLoader","pos":[-50,69],"size":{"0":422,"1":82},"flags":{},"order":0,"mode":0,"outputs":[{"name":"CONTROL_NET","type":"CONTROL_NET","links":[13],"slot_index":0,"label":"ControlNet"}],"properties":{"Node name for S&R":"ControlNetLoader"},"widgets_values":["control_scribble.safetensors",null]}],"links":[[2,5,0,3,3,"LATENT"],[7,3,0,8,0,"LATENT"],[9,8,0,9,0,"IMAGE"],[10,6,0,10,0,"CONDITIONING"],[12,11,0,10,2,"IMAGE"],[13,12,0,10,1,"CONTROL_NET"],[14,13,0,8,1,"VAE"],[16,7,0,3,2,"CONDITIONING"],[18,10,0,3,1,"CONDITIONING"],[19,14,0,3,0,"MODEL"],[20,14,1,7,0,"CLIP"],[21,14,1,6,0,"CLIP"]],"groups":[],"config":{},"extra":{"workspace_info":{"id":"fb3a15c8-2af2-43a8-b978-a01f3f56b411","name":"scribble controlnet"}},"version":0.4}