{"last_node_id":11,"last_link_id":23,"nodes":[{"id":7,"type":"CLIPTextEncode","pos":[413,389],"size":{"0":425.27801513671875,"1":180.6060791015625},"flags":{},"order":4,"mode":0,"inputs":[{"name":"clip","type":"CLIP","link":5,"label":"CLIP"}],"outputs":[{"name":"CONDITIONING","type":"CONDITIONING","links":[6],"slot_index":0,"label":"条件"}],"properties":{"Node name for S&R":"CLIPTextEncode"},"widgets_values":["text, watermark"]},{"id":6,"type":"CLIPTextEncode","pos":[415,186],"size":{"0":422.84503173828125,"1":164.31304931640625},"flags":{},"order":3,"mode":0,"inputs":[{"name":"clip","type":"CLIP","link":3,"label":"CLIP"}],"outputs":[{"name":"CONDITIONING","type":"CONDITIONING","links":[4],"slot_index":0,"label":"条件"}],"properties":{"Node name for S&R":"CLIPTextEncode"},"widgets_values":["woman (fennec ears fox ears:1.1), marble statue, museum"]},{"id":5,"type":"EmptyLatentImage","pos":[473,609],"size":{"0":315,"1":106},"flags":{},"order":0,"mode":0,"outputs":[{"name":"LATENT","type":"LATENT","links":[2],"slot_index":0,"label":"Latent"}],"properties":{"Node name for S&R":"EmptyLatentImage"},"widgets_values":[512,512,1]},{"id":9,"type":"SaveImage","pos":[1451,188],"size":{"0":379.9637145996094,"1":416.0732421875},"flags":{},"order":7,"mode":0,"inputs":[{"name":"images","type":"IMAGE","link":9,"label":"图像"}],"properties":{},"widgets_values":["ComfyUI"]},{"id":3,"type":"KSampler","pos":[863,186],"size":{"0":315,"1":262},"flags":{},"order":5,"mode":0,"inputs":[{"name":"model","type":"MODEL","link":22,"label":"模型"},{"name":"positive","type":"CONDITIONING","link":4,"label":"正面条件"},{"name":"negative","type":"CONDITIONING","link":6,"label":"负面条件"},{"name":"latent_image","type":"LATENT","link":2,"label":"Latent"}],"outputs":[{"name":"LATENT","type":"LATENT","links":[7],"slot_index":0,"label":"Latent"}],"properties":{"Node name for S&R":"KSampler"},"widgets_values":[572636856966402,"randomize",20,8,"uni_pc_bh2","normal",1]},{"id":8,"type":"VAEDecode","pos":[1209,188],"size":{"0":210,"1":46},"flags":{},"order":6,"mode":0,"inputs":[{"name":"samples","type":"LATENT","link":7,"label":"Latent"},{"name":"vae","type":"VAE","link":23,"slot_index":1,"label":"VAE"}],"outputs":[{"name":"IMAGE","type":"IMAGE","links":[9],"slot_index":0,"label":"图像"}],"properties":{"Node name for S&R":"VAEDecode"}},{"id":4,"type":"CheckpointLoaderSimple","pos":[-330,286],"size":{"0":315,"1":122},"flags":{},"order":1,"mode":0,"outputs":[{"name":"MODEL","type":"MODEL","links":[10],"slot_index":0,"label":"模型"},{"name":"CLIP","type":"CLIP","links":[3,5],"slot_index":1,"label":"CLIP"},{"name":"VAE","type":"VAE","links":[23],"slot_index":2,"label":"VAE"}],"properties":{"Node name for S&R":"CheckpointLoaderSimple"},"widgets_values":["v1-5-pruned-emaonly.ckpt",null]},{"id":10,"type":"HypernetworkLoader","pos":[30,137],"size":{"0":360.8767395019531,"1":106},"flags":{},"order":2,"mode":0,"inputs":[{"name":"model","type":"MODEL","link":10,"label":"模型"}],"outputs":[{"name":"MODEL","type":"MODEL","links":[22],"slot_index":0,"label":"模型"}],"properties":{"Node name for S&R":"HypernetworkLoader"},"widgets_values":["dantionMarbleStatues_10.pt",1,null]}],"links":[[2,5,0,3,3,"LATENT"],[3,4,1,6,0,"CLIP"],[4,6,0,3,1,"CONDITIONING"],[5,4,1,7,0,"CLIP"],[6,7,0,3,2,"CONDITIONING"],[7,3,0,8,0,"LATENT"],[9,8,0,9,0,"IMAGE"],[10,4,0,10,0,"MODEL"],[22,10,0,3,0,"MODEL"],[23,4,2,8,1,"VAE"]],"groups":[],"config":{},"extra":{"workspace_info":{"id":"ac8375e5-1c84-45b3-8f11-e08bd05144f0","name":"超网络Hypernetwork Examples"}},"version":0.4}