{"last_node_id":52,"last_link_id":116,"nodes":[{"id":8,"type":"VAEDecode","pos":[1320,302],"size":{"0":210,"1":46},"flags":{},"order":15,"mode":0,"inputs":[{"name":"samples","type":"LATENT","link":7,"label":"Latent"},{"name":"vae","type":"VAE","link":36,"label":"VAE"}],"outputs":[{"name":"IMAGE","type":"IMAGE","links":[49],"slot_index":0,"label":"图像"}],"properties":{"Node name for S&R":"VAEDecode"}},{"id":7,"type":"CLIPTextEncode","pos":[175,496],"size":{"0":425.27801513671875,"1":180.6060791015625},"flags":{},"order":5,"mode":0,"inputs":[{"name":"clip","type":"CLIP","link":110,"label":"CLIP"}],"outputs":[{"name":"CONDITIONING","type":"CONDITIONING","links":[6],"slot_index":0,"label":"条件"}],"properties":{"Node name for S&R":"CLIPTextEncode"},"widgets_values":["(hands), text, error, cropped, (worst quality:1.2), (low quality:1.2), normal quality, (jpeg artifacts:1.3), signature, watermark, username, blurry, artist name, monochrome, sketch, censorship, censor, (copyright:1.2), extra legs, (forehead mark) (depth of field) (emotionless) (penis) (pumpkin)"]},{"id":27,"type":"CLIPTextEncode","pos":[1570,-336],"size":{"0":400,"1":200},"flags":{},"order":6,"mode":0,"inputs":[{"name":"clip","type":"CLIP","link":111,"label":"CLIP"}],"outputs":[{"name":"CONDITIONING","type":"CONDITIONING","links":[47],"slot_index":0,"label":"条件"}],"properties":{"Node name for S&R":"CLIPTextEncode"},"widgets_values":["(hands), text, error, cropped, (worst quality:1.2), (low quality:1.2), normal quality, (jpeg artifacts:1.3), signature, watermark, username, blurry, artist name, monochrome, sketch, censorship, censor, (copyright:1.2), extra legs, (forehead mark) (depth of field) (emotionless) (penis) (pumpkin)"]},{"id":22,"type":"LatentUpscale","pos":[1412,79],"size":{"0":315,"1":130},"flags":{},"order":16,"mode":0,"inputs":[{"name":"samples","type":"LATENT","link":41,"label":"Latent"}],"outputs":[{"name":"LATENT","type":"LATENT","links":[42],"slot_index":0,"label":"Latent"}],"properties":{"Node name for S&R":"LatentUpscale"},"widgets_values":["nearest-exact",1920,1088,"disabled"]},{"id":5,"type":"EmptyLatentImage","pos":[695,531],"size":{"0":315,"1":106},"flags":{"collapsed":false},"order":0,"mode":0,"outputs":[{"name":"LATENT","type":"LATENT","links":[2],"slot_index":0,"label":"Latent"}],"properties":{"Node name for S&R":"EmptyLatentImage"},"widgets_values":[1280,704,1]},{"id":9,"type":"SaveImage","pos":[1556,303],"size":{"0":210,"1":250},"flags":{},"order":17,"mode":0,"inputs":[{"name":"images","type":"IMAGE","link":49,"label":"图像"}],"properties":{},"widgets_values":["ComfyUI"]},{"id":6,"type":"CLIPTextEncode","pos":[156,269],"size":{"0":422.84503173828125,"1":164.31304931640625},"flags":{"collapsed":false},"order":4,"mode":0,"inputs":[{"name":"clip","type":"CLIP","link":109,"label":"CLIP"}],"outputs":[{"name":"CONDITIONING","type":"CONDITIONING","links":[98],"slot_index":0,"label":"条件"}],"properties":{"Node name for S&R":"CLIPTextEncode"},"widgets_values":["(best quality) (HDR:1.0) colourful, nature wilderness snow mountain peak, (winter:1.2), on landscape mountain in Switzerland alps sunset, aerial view (cityscape:1.3) skyscrapers modern city satellite view, (sunset)\ngirl with (fennec ears fox ears:0.9), sweater, sitting\n"]},{"id":47,"type":"ConditioningCombine","pos":[530,71],"size":{"0":342.5999755859375,"1":46},"flags":{},"order":13,"mode":0,"inputs":[{"name":"conditioning_1","type":"CONDITIONING","link":105,"label":"条件1"},{"name":"conditioning_2","type":"CONDITIONING","link":98,"label":"条件2"}],"outputs":[{"name":"CONDITIONING","type":"CONDITIONING","links":[99],"slot_index":0,"label":"条件"}],"properties":{"Node name for S&R":"ConditioningCombine"}},{"id":45,"type":"CLIPTextEncode","pos":[-88,-224],"size":{"0":400,"1":200},"flags":{},"order":8,"mode":0,"inputs":[{"name":"clip","type":"CLIP","link":113,"slot_index":0,"label":"CLIP"}],"outputs":[{"name":"CONDITIONING","type":"CONDITIONING","links":[93],"slot_index":0,"label":"条件"}],"properties":{"Node name for S&R":"CLIPTextEncode"},"widgets_values":["(best quality) (HDR:1.0) girl colourful of (flat chest:0.9), (fennec ears:1.0)  (fox ears:1.0), blonde twintails medium (messy hair:1.2), (eyes:1.0), sweater, (pink:0.8) , long sleeves, sweatpants (pants), gloves, nature wilderness (sitting:1.3) on snow mountain peak, (:d:0.5) (blush:0.9), (winter:1.2), on landscape mountain in Switzerland alps sunset, comfortable, (spread legs:1.1), aerial view (cityscape:1.3) skyscrapers modern city satellite view, (sunset)"]},{"id":26,"type":"CLIPTextEncode","pos":[1573,-583],"size":{"0":400,"1":200},"flags":{},"order":7,"mode":0,"inputs":[{"name":"clip","type":"CLIP","link":112,"label":"CLIP"}],"outputs":[{"name":"CONDITIONING","type":"CONDITIONING","links":[46],"slot_index":0,"label":"条件"}],"properties":{"Node name for S&R":"CLIPTextEncode"},"widgets_values":["masterpiece (realistic) (best quality) (HDR:1.0) girl colourful of (flat chest:0.9), (fox ears:0.9), twintails messy hair, (eyes:1.0), sweater, long sleeves, sweatpants pants, gloves, nature wilderness sitting on snow mountain peak aerial view, (:d:0.5) (blush:0.9), (winter:0.9), mountain in Switzerland, comfortable, aerial view (cityscape:1.2) skyscrapers modern city satellite view, (sunset)\n"]},{"id":3,"type":"KSampler","pos":[885,136],"size":{"0":315,"1":262},"flags":{},"order":14,"mode":0,"inputs":[{"name":"model","type":"MODEL","link":115,"label":"模型"},{"name":"positive","type":"CONDITIONING","link":99,"label":"正面条件"},{"name":"negative","type":"CONDITIONING","link":6,"label":"负面条件"},{"name":"latent_image","type":"LATENT","link":2,"label":"Latent"}],"outputs":[{"name":"LATENT","type":"LATENT","links":[7,41],"slot_index":0,"label":"Latent"}],"properties":{"Node name for S&R":"KSampler"},"widgets_values":[397826772266080,"randomize",13,7,"dpmpp_sde","normal",1]},{"id":20,"type":"VAELoader","pos":[1086,563],"size":{"0":315,"1":82},"flags":{},"order":1,"mode":0,"outputs":[{"name":"VAE","type":"VAE","links":[36,51],"slot_index":0}],"properties":{"Node name for S&R":"VAELoader"},"widgets_values":["vae-ft-mse-840000-ema-pruned.safetensors",null]},{"id":48,"type":"CLIPTextEncode","pos":[-79,-532],"size":{"0":400,"1":200},"flags":{},"order":9,"mode":0,"inputs":[{"name":"clip","type":"CLIP","link":114,"slot_index":0,"label":"CLIP"}],"outputs":[{"name":"CONDITIONING","type":"CONDITIONING","links":[102],"slot_index":0,"label":"条件"}],"properties":{"Node name for S&R":"CLIPTextEncode"},"widgets_values":["(best quality) (HDR:1.0) girl colourful of (flat chest:0.9), (fennec ears:1.0)  (fox ears:1.0), (red hair) long (messy hair:1.2), (black eyes:1.0), sweater, long sleeves, sweatpants (pants), gloves, nature wilderness (sitting:1.3) on snow mountain peak, (:d:0.5) (blush:0.9), (winter:1.2), on landscape mountain in Switzerland alps sunset, comfortable, (spread legs:1.1), aerial view (cityscape:1.3) skyscrapers modern city satellite view, sunset"]},{"id":50,"type":"ConditioningCombine","pos":[701,-348],"size":{"0":342.5999755859375,"1":46},"flags":{},"order":12,"mode":0,"inputs":[{"name":"conditioning_1","type":"CONDITIONING","link":103,"label":"条件1"},{"name":"conditioning_2","type":"CONDITIONING","link":104,"label":"条件2"}],"outputs":[{"name":"CONDITIONING","type":"CONDITIONING","links":[105],"slot_index":0,"label":"条件"}],"properties":{"Node name for S&R":"ConditioningCombine"}},{"id":49,"type":"ConditioningSetArea","pos":[352.75657400450785,-534.5469571750563],"size":{"0":317.4000244140625,"1":154},"flags":{},"order":11,"mode":0,"inputs":[{"name":"conditioning","type":"CONDITIONING","link":102,"label":"条件"}],"outputs":[{"name":"CONDITIONING","type":"CONDITIONING","links":[103],"slot_index":0,"label":"条件"}],"properties":{"Node name for S&R":"ConditioningSetArea"},"widgets_values":[640,640,640,64,1]},{"id":31,"type":"VAEDecode","pos":[2419,10],"size":{"0":210,"1":46},"flags":{},"order":19,"mode":0,"inputs":[{"name":"samples","type":"LATENT","link":50,"label":"Latent"},{"name":"vae","type":"VAE","link":51,"label":"VAE"}],"outputs":[{"name":"IMAGE","type":"IMAGE","links":[107],"slot_index":0,"label":"图像"}],"properties":{"Node name for S&R":"VAEDecode"}},{"id":32,"type":"SaveImage","pos":[2648,-11],"size":{"0":210,"1":250},"flags":{},"order":20,"mode":0,"inputs":[{"name":"images","type":"IMAGE","link":107,"label":"图像"}],"properties":{},"widgets_values":["ComfyUI"]},{"id":46,"type":"ConditioningSetArea","pos":[344,-227],"size":{"0":317.4000244140625,"1":154},"flags":{},"order":10,"mode":0,"inputs":[{"name":"conditioning","type":"CONDITIONING","link":93,"label":"条件"}],"outputs":[{"name":"CONDITIONING","type":"CONDITIONING","links":[104],"slot_index":0,"label":"条件"}],"properties":{"Node name for S&R":"ConditioningSetArea"},"widgets_values":[640,640,0,64,1]},{"id":24,"type":"KSampler","pos":[2047,-270],"size":{"0":315,"1":262},"flags":{},"order":18,"mode":0,"inputs":[{"name":"model","type":"MODEL","link":116,"label":"模型"},{"name":"positive","type":"CONDITIONING","link":46,"label":"正面条件"},{"name":"negative","type":"CONDITIONING","link":47,"label":"负面条件"},{"name":"latent_image","type":"LATENT","link":42,"label":"Latent"}],"outputs":[{"name":"LATENT","type":"LATENT","links":[50],"slot_index":0,"label":"Latent"}],"properties":{"Node name for S&R":"KSampler"},"widgets_values":[240926604602097,"randomize",8,5,"dpmpp_sde","simple",0.52]},{"id":52,"type":"CLIPSetLastLayer","pos":[-229,395],"size":{"0":315,"1":58},"flags":{},"order":3,"mode":0,"inputs":[{"name":"clip","type":"CLIP","link":108,"label":"CLIP"}],"outputs":[{"name":"CLIP","type":"CLIP","links":[109,110,111,112,113,114],"slot_index":0,"label":"CLIP"}],"properties":{"Node name for S&R":"CLIPSetLastLayer"},"widgets_values":[-2]},{"id":51,"type":"CheckpointLoaderSimple","pos":[-607,359],"size":{"0":315,"1":122},"flags":{},"order":2,"mode":0,"outputs":[{"name":"MODEL","type":"MODEL","links":[115,116],"slot_index":0,"label":"模型"},{"name":"CLIP","type":"CLIP","links":[108],"slot_index":1,"label":"CLIP"},{"name":"VAE","type":"VAE","links":null,"label":"VAE"}],"properties":{"Node name for S&R":"CheckpointLoaderSimple"},"widgets_values":["Anything-V3.0.ckpt",null]}],"links":[[2,5,0,3,3,"LATENT"],[6,7,0,3,2,"CONDITIONING"],[7,3,0,8,0,"LATENT"],[36,20,0,8,1,"VAE"],[41,3,0,22,0,"LATENT"],[42,22,0,24,3,"LATENT"],[46,26,0,24,1,"CONDITIONING"],[47,27,0,24,2,"CONDITIONING"],[49,8,0,9,0,"IMAGE"],[50,24,0,31,0,"LATENT"],[51,20,0,31,1,"VAE"],[93,45,0,46,0,"CONDITIONING"],[98,6,0,47,1,"CONDITIONING"],[99,47,0,3,1,"CONDITIONING"],[102,48,0,49,0,"CONDITIONING"],[103,49,0,50,0,"CONDITIONING"],[104,46,0,50,1,"CONDITIONING"],[105,50,0,47,0,"CONDITIONING"],[107,31,0,32,0,"IMAGE"],[108,51,1,52,0,"CLIP"],[109,52,0,6,0,"CLIP"],[110,52,0,7,0,"CLIP"],[111,52,0,27,0,"CLIP"],[112,52,0,26,0,"CLIP"],[113,52,0,45,0,"CLIP"],[114,52,0,48,0,"CLIP"],[115,51,0,3,0,"MODEL"],[116,51,0,24,0,"MODEL"]],"groups":[],"config":{},"extra":{"workspace_info":{"id":"79fe413a-8bf2-45e9-94c7-2fa606524bbb","name":"区域构成Area Composition Examples5"}},"version":0.4}