{"last_node_id":47,"last_link_id":113,"nodes":[{"id":8,"type":"VAEDecode","pos":[1320,302],"size":{"0":210,"1":46},"flags":{},"order":23,"mode":0,"inputs":[{"name":"samples","type":"LATENT","link":7,"label":"Latent"},{"name":"vae","type":"VAE","link":36,"label":"VAE"}],"outputs":[{"name":"IMAGE","type":"IMAGE","links":[49],"slot_index":0,"label":"图像"}],"properties":{"Node name for S&R":"VAEDecode"}},{"id":9,"type":"SaveImage","pos":[1575,350],"size":{"0":210,"1":250},"flags":{},"order":25,"mode":0,"inputs":[{"name":"images","type":"IMAGE","link":49,"label":"图像"}],"properties":{},"widgets_values":["ComfyUI"]},{"id":7,"type":"CLIPTextEncode","pos":[175,496],"size":{"0":425.27801513671875,"1":180.6060791015625},"flags":{},"order":7,"mode":0,"inputs":[{"name":"clip","type":"CLIP","link":100,"label":"CLIP"}],"outputs":[{"name":"CONDITIONING","type":"CONDITIONING","links":[6],"slot_index":0,"label":"条件"}],"properties":{"Node name for S&R":"CLIPTextEncode"},"widgets_values":["(hands), text, error, cropped, (worst quality:1.2), (low quality:1.2), normal quality, (jpeg artifacts:1.3), signature, watermark, username, blurry, artist name, monochrome, sketch, censorship, censor, (copyright:1.2), extra legs, (forehead mark) (depth of field) (emotionless) (penis) (pumpkin)"]},{"id":12,"type":"ConditioningCombine","pos":[834,-246],"size":{"0":342.5999755859375,"1":46},"flags":{"collapsed":false},"order":20,"mode":0,"inputs":[{"name":"conditioning_1","type":"CONDITIONING","link":63,"label":"条件1"},{"name":"conditioning_2","type":"CONDITIONING","link":57,"label":"条件2"}],"outputs":[{"name":"CONDITIONING","type":"CONDITIONING","links":[58],"slot_index":0,"label":"条件"}],"properties":{"Node name for S&R":"ConditioningCombine"}},{"id":20,"type":"VAELoader","pos":[1041,544],"size":{"0":315,"1":82},"flags":{},"order":0,"mode":0,"outputs":[{"name":"VAE","type":"VAE","links":[36,51],"slot_index":0}],"properties":{"Node name for S&R":"VAELoader"},"widgets_values":["vae-ft-mse-840000-ema-pruned.safetensors",null]},{"id":35,"type":"ConditioningCombine","pos":[873,-705],"size":{"0":342.5999755859375,"1":46},"flags":{},"order":19,"mode":0,"inputs":[{"name":"conditioning_1","type":"CONDITIONING","link":61,"label":"条件1"},{"name":"conditioning_2","type":"CONDITIONING","link":62,"label":"条件2"}],"outputs":[{"name":"CONDITIONING","type":"CONDITIONING","links":[63],"slot_index":0,"label":"条件"}],"properties":{"Node name for S&R":"ConditioningCombine"}},{"id":5,"type":"EmptyLatentImage","pos":[695,531],"size":{"0":315,"1":106},"flags":{"collapsed":false},"order":1,"mode":0,"outputs":[{"name":"LATENT","type":"LATENT","links":[2],"slot_index":0,"label":"Latent"}],"properties":{"Node name for S&R":"EmptyLatentImage"},"widgets_values":[704,1280,1]},{"id":22,"type":"LatentUpscale","pos":[1412,79],"size":{"0":315,"1":130},"flags":{},"order":24,"mode":0,"inputs":[{"name":"samples","type":"LATENT","link":41,"label":"Latent"}],"outputs":[{"name":"LATENT","type":"LATENT","links":[42],"slot_index":0,"label":"Latent"}],"properties":{"Node name for S&R":"LatentUpscale"},"widgets_values":["nearest-exact",1088,1920,"disabled"]},{"id":14,"type":"CLIPTextEncode","pos":[-4,-994],"size":{"0":400,"1":200},"flags":{},"order":11,"mode":0,"inputs":[{"name":"clip","type":"CLIP","link":104,"label":"CLIP"}],"outputs":[{"name":"CONDITIONING","type":"CONDITIONING","links":[95],"slot_index":0,"label":"条件"}],"properties":{"Node name for S&R":"CLIPTextEncode"},"widgets_values":["(best quality) (night:1.3) (darkness) sky (black) (stars:1.2) (galaxy:1.2) (space) (universe)"]},{"id":18,"type":"ConditioningSetArea","pos":[482,-709],"size":{"0":312,"1":154},"flags":{},"order":16,"mode":0,"inputs":[{"name":"conditioning","type":"CONDITIONING","link":96,"label":"条件"}],"outputs":[{"name":"CONDITIONING","type":"CONDITIONING","links":[62],"slot_index":0,"label":"条件"}],"properties":{"Node name for S&R":"ConditioningSetArea"},"widgets_values":[704,384,0,320,1]},{"id":31,"type":"VAEDecode","pos":[2783.3000000000015,-41.000000000000014],"size":{"0":210,"1":46},"flags":{},"order":27,"mode":0,"inputs":[{"name":"samples","type":"LATENT","link":50,"label":"Latent"},{"name":"vae","type":"VAE","link":51,"label":"VAE"}],"outputs":[{"name":"IMAGE","type":"IMAGE","links":[87],"slot_index":0,"label":"图像"}],"properties":{"Node name for S&R":"VAEDecode"}},{"id":32,"type":"SaveImage","pos":[3012.3000000000015,-42.000000000000014],"size":{"0":315,"1":250},"flags":{},"order":28,"mode":0,"inputs":[{"name":"images","type":"IMAGE","link":87,"label":"图像"}],"properties":{},"widgets_values":["ComfyUI"]},{"id":24,"type":"KSampler","pos":[2421.3000000000015,-389.0000000000001],"size":{"0":315,"1":262},"flags":{},"order":26,"mode":0,"inputs":[{"name":"model","type":"MODEL","link":108,"label":"模型"},{"name":"positive","type":"CONDITIONING","link":46,"label":"正面条件"},{"name":"negative","type":"CONDITIONING","link":47,"label":"负面条件"},{"name":"latent_image","type":"LATENT","link":42,"label":"Latent"}],"outputs":[{"name":"LATENT","type":"LATENT","links":[50],"slot_index":0,"label":"Latent"}],"properties":{"Node name for S&R":"KSampler"},"widgets_values":[1122440447966177,"randomize",14,7,"dpmpp_2m","simple",0.5]},{"id":6,"type":"CLIPTextEncode","pos":[152,265],"size":{"0":422.84503173828125,"1":164.31304931640625},"flags":{"collapsed":false},"order":6,"mode":0,"inputs":[{"name":"clip","type":"CLIP","link":99,"label":"CLIP"}],"outputs":[{"name":"CONDITIONING","type":"CONDITIONING","links":[93],"slot_index":0,"label":"条件"}],"properties":{"Node name for S&R":"CLIPTextEncode"},"widgets_values":["(masterpiece) (best quality) beautiful landscape breathtaking amazing view nature photograph forest mountains ocean (sky) national park scenery"]},{"id":3,"type":"KSampler","pos":[885,136],"size":{"0":315,"1":262},"flags":{},"order":22,"mode":0,"inputs":[{"name":"model","type":"MODEL","link":107,"label":"模型"},{"name":"positive","type":"CONDITIONING","link":54,"label":"正面条件"},{"name":"negative","type":"CONDITIONING","link":6,"label":"负面条件"},{"name":"latent_image","type":"LATENT","link":2,"label":"Latent"}],"outputs":[{"name":"LATENT","type":"LATENT","links":[7,41],"slot_index":0,"label":"Latent"}],"properties":{"Node name for S&R":"KSampler"},"widgets_values":[335608130539327,"randomize",13,8.5,"dpmpp_sde","normal",1]},{"id":11,"type":"ConditioningSetArea","pos":[479,-454],"size":{"0":314,"1":154},"flags":{},"order":15,"mode":0,"inputs":[{"name":"conditioning","type":"CONDITIONING","link":97,"slot_index":0,"label":"条件"}],"outputs":[{"name":"CONDITIONING","type":"CONDITIONING","links":[57],"slot_index":0,"label":"条件"}],"properties":{"Node name for S&R":"ConditioningSetArea"},"widgets_values":[704,384,0,512,1]},{"id":19,"type":"ConditioningCombine","pos":[1180,-151],"size":{"0":342.5999755859375,"1":46},"flags":{},"order":21,"mode":0,"inputs":[{"name":"conditioning_1","type":"CONDITIONING","link":58,"label":"条件1"},{"name":"conditioning_2","type":"CONDITIONING","link":94,"label":"条件2"}],"outputs":[{"name":"CONDITIONING","type":"CONDITIONING","links":[54],"slot_index":0,"label":"条件"}],"properties":{"Node name for S&R":"ConditioningCombine"}},{"id":10,"type":"ConditioningCombine","pos":[803,-149],"size":{"0":342.5999755859375,"1":46},"flags":{},"order":18,"mode":0,"inputs":[{"name":"conditioning_1","type":"CONDITIONING","link":40,"label":"条件1"},{"name":"conditioning_2","type":"CONDITIONING","link":93,"label":"条件2"}],"outputs":[{"name":"CONDITIONING","type":"CONDITIONING","links":[94],"slot_index":0,"label":"条件"}],"properties":{"Node name for S&R":"ConditioningCombine"}},{"id":15,"type":"ConditioningSetArea","pos":[466,-233],"size":{"0":299,"1":154},"flags":{},"order":14,"mode":0,"inputs":[{"name":"conditioning","type":"CONDITIONING","link":98,"label":"条件"}],"outputs":[{"name":"CONDITIONING","type":"CONDITIONING","links":[40],"slot_index":0,"label":"条件"}],"properties":{"Node name for S&R":"ConditioningSetArea"},"widgets_values":[704,384,0,704,1]},{"id":13,"type":"CLIPTextEncode","pos":[-5,-729],"size":{"0":400,"1":200},"flags":{},"order":10,"mode":0,"inputs":[{"name":"clip","type":"CLIP","link":103,"label":"CLIP"}],"outputs":[{"name":"CONDITIONING","type":"CONDITIONING","links":[96],"slot_index":0,"label":"条件"}],"properties":{"Node name for S&R":"CLIPTextEncode"},"widgets_values":["(best quality) (evening:1.2) (sky:1.2) (clouds) (colorful) (HDR:1.2) (sunset:1.3)\n"]},{"id":17,"type":"CLIPTextEncode","pos":[11,-455],"size":{"0":400,"1":200},"flags":{},"order":9,"mode":0,"inputs":[{"name":"clip","type":"CLIP","link":102,"label":"CLIP"}],"outputs":[{"name":"CONDITIONING","type":"CONDITIONING","links":[97],"slot_index":0,"label":"条件"}],"properties":{"Node name for S&R":"CLIPTextEncode"},"widgets_values":["(best quality) (daytime:1.2) sky (blue)\n"]},{"id":33,"type":"CLIPTextEncode","pos":[16,-217],"size":{"0":400,"1":200},"flags":{},"order":8,"mode":0,"inputs":[{"name":"clip","type":"CLIP","link":101,"label":"CLIP"}],"outputs":[{"name":"CONDITIONING","type":"CONDITIONING","links":[98],"slot_index":0,"label":"条件"}],"properties":{"Node name for S&R":"CLIPTextEncode"},"widgets_values":["(masterpiece) (best quality) morning sky\n\n"]},{"id":34,"type":"ConditioningSetArea","pos":[476,-932],"size":{"0":312,"1":154},"flags":{},"order":17,"mode":0,"inputs":[{"name":"conditioning","type":"CONDITIONING","link":95,"slot_index":0,"label":"条件"}],"outputs":[{"name":"CONDITIONING","type":"CONDITIONING","links":[61],"slot_index":0,"label":"条件"}],"properties":{"Node name for S&R":"ConditioningSetArea"},"widgets_values":[704,384,0,0,1.2000000000000002]},{"id":44,"type":"CLIPSetLastLayer","pos":[-363,453],"size":{"0":315,"1":58},"flags":{},"order":4,"mode":0,"inputs":[{"name":"clip","type":"CLIP","link":106,"label":"CLIP"}],"outputs":[{"name":"CLIP","type":"CLIP","links":[99,100,101,102,103,104],"slot_index":0,"label":"CLIP"}],"properties":{"Node name for S&R":"CLIPSetLastLayer"},"widgets_values":[-2]},{"id":45,"type":"CheckpointLoaderSimple","pos":[-849,429],"size":{"0":315,"1":122},"flags":{},"order":2,"mode":0,"outputs":[{"name":"MODEL","type":"MODEL","links":[107],"slot_index":0,"label":"模型"},{"name":"CLIP","type":"CLIP","links":[106],"slot_index":1,"label":"CLIP"},{"name":"VAE","type":"VAE","links":null,"label":"VAE"}],"properties":{"Node name for S&R":"CheckpointLoaderSimple"},"widgets_values":["Anything-V3.0.ckpt",null]},{"id":27,"type":"CLIPTextEncode","pos":[1969.2999999999995,-336.0000000000001],"size":{"0":400,"1":200},"flags":{},"order":13,"mode":0,"inputs":[{"name":"clip","type":"CLIP","link":113,"label":"CLIP"}],"outputs":[{"name":"CONDITIONING","type":"CONDITIONING","links":[47],"slot_index":0,"label":"条件"}],"properties":{"Node name for S&R":"CLIPTextEncode"},"widgets_values":["(hands), text, error, cropped, (worst quality:1.2), (low quality:1.2), normal quality, (jpeg artifacts:1.3), signature, watermark, username, blurry, artist name, monochrome, sketch, censorship, censor, (copyright:1.2), extra legs, (forehead mark) (depth of field) (emotionless) (penis) (pumpkin)"]},{"id":26,"type":"CLIPTextEncode","pos":[1965,-580],"size":{"0":400,"1":200},"flags":{},"order":12,"mode":0,"inputs":[{"name":"clip","type":"CLIP","link":112,"label":"CLIP"}],"outputs":[{"name":"CONDITIONING","type":"CONDITIONING","links":[46],"slot_index":0,"label":"条件"}],"properties":{"Node name for S&R":"CLIPTextEncode"},"widgets_values":["(best quality) beautiful (HDR:1.2) (realistic:1.2) landscape breathtaking amazing view nature scenery photograph forest mountains ocean daytime night evening morning, (sky:1.2)\n"]},{"id":47,"type":"CLIPSetLastLayer","pos":[1569,-403],"size":{"0":315,"1":58},"flags":{},"order":5,"mode":0,"inputs":[{"name":"clip","type":"CLIP","link":111,"label":"CLIP"}],"outputs":[{"name":"CLIP","type":"CLIP","links":[112,113],"slot_index":0,"label":"CLIP"}],"properties":{"Node name for S&R":"CLIPSetLastLayer"},"widgets_values":[-2]},{"id":46,"type":"CheckpointLoaderSimple","pos":[1217,-496],"size":{"0":315,"1":122},"flags":{},"order":3,"mode":0,"outputs":[{"name":"MODEL","type":"MODEL","links":[108],"slot_index":0,"label":"模型"},{"name":"CLIP","type":"CLIP","links":[111],"slot_index":1,"label":"CLIP"},{"name":"VAE","type":"VAE","links":null,"label":"VAE"}],"properties":{"Node name for S&R":"CheckpointLoaderSimple"},"widgets_values":["AbyssOrangeMix2_hard.safetensors",null]}],"links":[[2,5,0,3,3,"LATENT"],[6,7,0,3,2,"CONDITIONING"],[7,3,0,8,0,"LATENT"],[36,20,0,8,1,"VAE"],[40,15,0,10,0,"CONDITIONING"],[41,3,0,22,0,"LATENT"],[42,22,0,24,3,"LATENT"],[46,26,0,24,1,"CONDITIONING"],[47,27,0,24,2,"CONDITIONING"],[49,8,0,9,0,"IMAGE"],[50,24,0,31,0,"LATENT"],[51,20,0,31,1,"VAE"],[54,19,0,3,1,"CONDITIONING"],[57,11,0,12,1,"CONDITIONING"],[58,12,0,19,0,"CONDITIONING"],[61,34,0,35,0,"CONDITIONING"],[62,18,0,35,1,"CONDITIONING"],[63,35,0,12,0,"CONDITIONING"],[87,31,0,32,0,"IMAGE"],[93,6,0,10,1,"CONDITIONING"],[94,10,0,19,1,"CONDITIONING"],[95,14,0,34,0,"CONDITIONING"],[96,13,0,18,0,"CONDITIONING"],[97,17,0,11,0,"CONDITIONING"],[98,33,0,15,0,"CONDITIONING"],[99,44,0,6,0,"CLIP"],[100,44,0,7,0,"CLIP"],[101,44,0,33,0,"CLIP"],[102,44,0,17,0,"CLIP"],[103,44,0,13,0,"CLIP"],[104,44,0,14,0,"CLIP"],[106,45,1,44,0,"CLIP"],[107,45,0,3,0,"MODEL"],[108,46,0,24,0,"MODEL"],[111,46,1,47,0,"CLIP"],[112,47,0,26,0,"CLIP"],[113,47,0,27,0,"CLIP"]],"groups":[],"config":{},"extra":{"workspace_info":{"id":"3adfb169-128f-4bb6-9336-9185be56e8b7","name":"区域构成Area Composition Examples"}},"version":0.4}