{"last_node_id":51,"last_link_id":131,"nodes":[{"id":8,"type":"VAEDecode","pos":[1277,-210],"size":{"0":210,"1":46},"flags":{},"order":15,"mode":0,"inputs":[{"name":"samples","type":"LATENT","link":7,"label":"Latent"},{"name":"vae","type":"VAE","link":125,"label":"VAE"}],"outputs":[{"name":"IMAGE","type":"IMAGE","links":[9],"slot_index":0,"label":"图像"}],"properties":{"Node name for S&R":"VAEDecode"}},{"id":7,"type":"CLIPTextEncode","pos":[405,-154],"size":{"0":425.27801513671875,"1":180.6060791015625},"flags":{},"order":9,"mode":0,"inputs":[{"name":"clip","type":"CLIP","link":68,"label":"CLIP"}],"outputs":[{"name":"CONDITIONING","type":"CONDITIONING","links":[106],"slot_index":0,"label":"条件"}],"properties":{"Node name for S&R":"CLIPTextEncode"},"widgets_values":["lowres, (bad anatomy), (bad hands), text, missing finger, extra digits, fewer digits, blurry, (mutated hands and fingers), (poorly drawn face), (mutation), (deformed face), (ugly), ((bad proportions)), (extra limbs), extra face, (double head), (extra head), (extra feet), monster, logo, cropped, worst quality, jpeg, humpbacked, long body, long neck, (jpeg artifacts), deleted, old, oldest, (censored), (bad aesthetic), (mosaic censoring, bar censor, blur censor)"]},{"id":5,"type":"EmptyLatentImage","pos":[512,75],"size":{"0":315,"1":106},"flags":{},"order":0,"mode":0,"outputs":[{"name":"LATENT","type":"LATENT","links":[2],"slot_index":0,"label":"Latent"}],"properties":{"Node name for S&R":"EmptyLatentImage"},"widgets_values":[1280,704,1]},{"id":3,"type":"KSampler","pos":[909,-218],"size":{"0":315,"1":262},"flags":{},"order":14,"mode":0,"inputs":[{"name":"model","type":"MODEL","link":66,"label":"模型"},{"name":"positive","type":"CONDITIONING","link":123,"slot_index":1,"label":"正面条件"},{"name":"negative","type":"CONDITIONING","link":106,"label":"负面条件"},{"name":"latent_image","type":"LATENT","link":2,"label":"Latent"}],"outputs":[{"name":"LATENT","type":"LATENT","links":[7,131],"slot_index":0,"label":"Latent"}],"properties":{"Node name for S&R":"KSampler"},"widgets_values":[1106257833005336,"randomize",26,8,"uni_pc_bh2","normal",1]},{"id":19,"type":"unCLIPConditioning","pos":[247,-530],"size":{"0":262,"1":102},"flags":{},"order":12,"mode":0,"inputs":[{"name":"conditioning","type":"CONDITIONING","link":23,"label":"条件"},{"name":"clip_vision_output","type":"CLIP_VISION_OUTPUT","link":24,"label":"CLIP视觉输出"}],"outputs":[{"name":"CONDITIONING","type":"CONDITIONING","links":[96],"slot_index":0,"label":"条件"}],"properties":{"Node name for S&R":"unCLIPConditioning"},"widgets_values":[0.5,0.4000000000000002]},{"id":45,"type":"CheckpointLoaderSimple","pos":[991,-970],"size":{"0":315,"1":122},"flags":{},"order":1,"mode":0,"outputs":[{"name":"MODEL","type":"MODEL","links":[124],"slot_index":0,"label":"模型"},{"name":"CLIP","type":"CLIP","links":[126,128],"slot_index":1,"label":"CLIP"},{"name":"VAE","type":"VAE","links":null,"label":"VAE"}],"properties":{"Node name for S&R":"CheckpointLoaderSimple"},"widgets_values":["cardosAnimated_v20.safetensors",null]},{"id":47,"type":"CLIPTextEncode","pos":[1314,-704],"size":{"0":400,"1":200},"flags":{},"order":6,"mode":0,"inputs":[{"name":"clip","type":"CLIP","link":126,"label":"CLIP"}],"outputs":[{"name":"CONDITIONING","type":"CONDITIONING","links":[127],"slot_index":0,"label":"条件"}],"properties":{"Node name for S&R":"CLIPTextEncode"},"widgets_values":["(hands), text, error, cropped, (jpeg artifacts:1.3), signature, watermark, username, blurry, artist name, monochrome, sketch, censorship, censor, (copyright:1.2), extra legs, (forehead mark)  (penis)"]},{"id":49,"type":"CLIPTextEncode","pos":[1336,-995.8872884114584],"size":{"0":400,"1":200},"flags":{},"order":7,"mode":0,"inputs":[{"name":"clip","type":"CLIP","link":128,"label":"CLIP"}],"outputs":[{"name":"CONDITIONING","type":"CONDITIONING","links":[129],"slot_index":0,"label":"条件"}],"properties":{"Node name for S&R":"CLIPTextEncode"},"widgets_values":["beautiful scenery landscape outdoors mountains"]},{"id":46,"type":"VAELoader","pos":[860,210],"size":{"0":315,"1":82},"flags":{},"order":2,"mode":0,"outputs":[{"name":"VAE","type":"VAE","links":[125,130],"slot_index":0}],"properties":{"Node name for S&R":"VAELoader"},"widgets_values":["kl-f8-anime2.ckpt",null]},{"id":40,"type":"LatentUpscale","pos":[1311,-445],"size":{"0":315,"1":130},"flags":{},"order":16,"mode":0,"inputs":[{"name":"samples","type":"LATENT","link":131,"slot_index":0,"label":"Latent"}],"outputs":[{"name":"LATENT","type":"LATENT","links":[109],"slot_index":0,"label":"Latent"}],"properties":{"Node name for S&R":"LatentUpscale"},"widgets_values":["nearest-exact",1920,1088,"disabled"]},{"id":37,"type":"unCLIPConditioning","pos":[542,-371],"size":{"0":262,"1":102},"flags":{},"order":13,"mode":0,"inputs":[{"name":"conditioning","type":"CONDITIONING","link":96,"label":"条件"},{"name":"clip_vision_output","type":"CLIP_VISION_OUTPUT","link":100,"label":"CLIP视觉输出"}],"outputs":[{"name":"CONDITIONING","type":"CONDITIONING","links":[123],"slot_index":0,"label":"条件"}],"properties":{"Node name for S&R":"unCLIPConditioning"},"widgets_values":[0.5,0.4000000000000002]},{"id":41,"type":"KSampler","pos":[1815,-793],"size":{"0":315,"1":262},"flags":{},"order":18,"mode":0,"inputs":[{"name":"model","type":"MODEL","link":124,"label":"模型"},{"name":"positive","type":"CONDITIONING","link":129,"label":"正面条件"},{"name":"negative","type":"CONDITIONING","link":127,"label":"负面条件"},{"name":"latent_image","type":"LATENT","link":109,"label":"Latent"}],"outputs":[{"name":"LATENT","type":"LATENT","links":[113],"slot_index":0,"label":"Latent"}],"properties":{"Node name for S&R":"KSampler"},"widgets_values":[119080905858220,"randomize",8,9,"dpmpp_sde","normal",0.5199999999999996]},{"id":42,"type":"VAEDecode","pos":[2174,-764],"size":{"0":210,"1":46},"flags":{},"order":19,"mode":0,"inputs":[{"name":"samples","type":"LATENT","link":113,"label":"Latent"},{"name":"vae","type":"VAE","link":130,"label":"VAE"}],"outputs":[{"name":"IMAGE","type":"IMAGE","links":[114],"slot_index":0,"label":"图像"}],"properties":{"Node name for S&R":"VAEDecode"}},{"id":43,"type":"SaveImage","pos":[2408,-760],"size":{"0":1176.060791015625,"1":711.2283935546875},"flags":{},"order":20,"mode":0,"inputs":[{"name":"images","type":"IMAGE","link":114,"label":"图像"}],"properties":{},"widgets_values":["ComfyUI"]},{"id":6,"type":"CLIPTextEncode","pos":[-202,-760],"size":{"0":422.84503173828125,"1":164.31304931640625},"flags":{},"order":8,"mode":0,"inputs":[{"name":"clip","type":"CLIP","link":67,"label":"CLIP"}],"outputs":[{"name":"CONDITIONING","type":"CONDITIONING","links":[23],"slot_index":0,"label":"条件"}],"properties":{"Node name for S&R":"CLIPTextEncode"},"widgets_values":["\n(waifu, anime, exceptional, best aesthetic, new, newest, best quality, masterpiece, extremely detailed:1.2)\n"]},{"id":13,"type":"CLIPVisionEncode","pos":[-46,-514],"size":{"0":253.60000610351562,"1":46},"flags":{},"order":10,"mode":0,"inputs":[{"name":"clip_vision","type":"CLIP_VISION","link":70,"label":"CLIP视觉"},{"name":"image","type":"IMAGE","link":95,"label":"图像"}],"outputs":[{"name":"CLIP_VISION_OUTPUT","type":"CLIP_VISION_OUTPUT","links":[24],"slot_index":0,"label":"CLIP视觉输出"}],"properties":{"Node name for S&R":"CLIPVisionEncode"}},{"id":36,"type":"CLIPVisionEncode","pos":[233,-349],"size":{"0":253.60000610351562,"1":46},"flags":{},"order":11,"mode":0,"inputs":[{"name":"clip_vision","type":"CLIP_VISION","link":99,"label":"CLIP视觉"},{"name":"image","type":"IMAGE","link":98,"label":"图像"}],"outputs":[{"name":"CLIP_VISION_OUTPUT","type":"CLIP_VISION_OUTPUT","links":[100],"slot_index":0,"label":"CLIP视觉输出"}],"properties":{"Node name for S&R":"CLIPVisionEncode"}},{"id":34,"type":"LoadImage","pos":[-318,-41],"size":{"0":435.35137939453125,"1":377.5853576660156},"flags":{},"order":3,"mode":0,"outputs":[{"name":"IMAGE","type":"IMAGE","links":[95],"slot_index":0,"label":"图像"},{"name":"MASK","type":"MASK","links":null,"label":"遮罩"}],"properties":{"Node name for S&R":"LoadImage"},"widgets_values":["mountains.png","image"]},{"id":9,"type":"SaveImage","pos":[1518,-214],"size":{"0":436.0400695800781,"1":306.2833557128906},"flags":{},"order":17,"mode":0,"inputs":[{"name":"images","type":"IMAGE","link":9,"label":"图像"}],"properties":{},"widgets_values":["ComfyUI"]},{"id":32,"type":"unCLIPCheckpointLoader","pos":[-784,-327],"size":{"0":388.66619873046875,"1":142},"flags":{"collapsed":false},"order":5,"mode":0,"outputs":[{"name":"MODEL","type":"MODEL","links":[66],"slot_index":0,"label":"模型"},{"name":"CLIP","type":"CLIP","links":[67,68],"slot_index":1,"label":"CLIP"},{"name":"VAE","type":"VAE","links":[],"slot_index":2,"label":"VAE"},{"name":"CLIP_VISION","type":"CLIP_VISION","links":[70,99],"slot_index":3,"label":"CLIP视觉"}],"properties":{"Node name for S&R":"unCLIPCheckpointLoader"},"widgets_values":["wd-1-5-beta2-aesthetic-unclip-h-fp32.safetensors",null]},{"id":38,"type":"LoadImage","pos":[-319,384],"size":{"0":435.35137939453125,"1":377.5853576660156},"flags":{},"order":4,"mode":0,"outputs":[{"name":"IMAGE","type":"IMAGE","links":[98],"slot_index":0,"label":"图像"},{"name":"MASK","type":"MASK","links":null,"label":"遮罩"}],"properties":{"Node name for S&R":"LoadImage"},"widgets_values":["sunset.png","image"]}],"links":[[2,5,0,3,3,"LATENT"],[7,3,0,8,0,"LATENT"],[9,8,0,9,0,"IMAGE"],[23,6,0,19,0,"CONDITIONING"],[24,13,0,19,1,"CLIP_VISION_OUTPUT"],[66,32,0,3,0,"MODEL"],[67,32,1,6,0,"CLIP"],[68,32,1,7,0,"CLIP"],[70,32,3,13,0,"CLIP_VISION"],[95,34,0,13,1,"IMAGE"],[96,19,0,37,0,"CONDITIONING"],[98,38,0,36,1,"IMAGE"],[99,32,3,36,0,"CLIP_VISION"],[100,36,0,37,1,"CLIP_VISION_OUTPUT"],[106,7,0,3,2,"CONDITIONING"],[109,40,0,41,3,"LATENT"],[113,41,0,42,0,"LATENT"],[114,42,0,43,0,"IMAGE"],[123,37,0,3,1,"CONDITIONING"],[124,45,0,41,0,"MODEL"],[125,46,0,8,1,"VAE"],[126,45,1,47,0,"CLIP"],[127,47,0,41,2,"CONDITIONING"],[128,45,1,49,0,"CLIP"],[129,49,0,41,1,"CONDITIONING"],[130,46,0,42,1,"VAE"],[131,3,0,40,0,"LATENT"]],"groups":[{"title":"Upscale Pass","bounding":[939,-1114,1455,833],"color":"#A88","font_size":24}],"config":{},"extra":{"workspace_info":{"id":"7e0cbf00-fcfe-47f4-b0d6-0caf66063add","name":"提取图片teg高级混合"}},"version":0.4}