{"last_node_id":35,"last_link_id":95,"nodes":[{"id":8,"type":"VAEDecode","pos":[1184,98],"size":{"0":210,"1":46},"flags":{},"order":8,"mode":0,"inputs":[{"name":"samples","type":"LATENT","link":7,"label":"Latent"},{"name":"vae","type":"VAE","link":69,"label":"VAE"}],"outputs":[{"name":"IMAGE","type":"IMAGE","links":[9],"slot_index":0,"label":"图像"}],"properties":{"Node name for S&R":"VAEDecode"}},{"id":3,"type":"KSampler","pos":[811.7603305785123,-2.4297520661152454],"size":{"0":315,"1":262},"flags":{},"order":7,"mode":0,"inputs":[{"name":"model","type":"MODEL","link":66,"label":"模型"},{"name":"positive","type":"CONDITIONING","link":94,"label":"正面条件"},{"name":"negative","type":"CONDITIONING","link":6,"label":"负面条件"},{"name":"latent_image","type":"LATENT","link":2,"label":"Latent"}],"outputs":[{"name":"LATENT","type":"LATENT","links":[7],"slot_index":0,"label":"Latent"}],"properties":{"Node name for S&R":"KSampler"},"widgets_values":[509273045161628,"randomize",26,8,"uni_pc_bh2","normal",1]},{"id":7,"type":"CLIPTextEncode","pos":[267,75],"size":{"0":425.27801513671875,"1":180.6060791015625},"flags":{},"order":4,"mode":0,"inputs":[{"name":"clip","type":"CLIP","link":68,"label":"CLIP"}],"outputs":[{"name":"CONDITIONING","type":"CONDITIONING","links":[6],"slot_index":0,"label":"条件"}],"properties":{"Node name for S&R":"CLIPTextEncode"},"widgets_values":["bad hands"]},{"id":5,"type":"EmptyLatentImage","pos":[340,351],"size":{"0":315,"1":106},"flags":{},"order":0,"mode":0,"outputs":[{"name":"LATENT","type":"LATENT","links":[2],"slot_index":0,"label":"Latent"}],"properties":{"Node name for S&R":"EmptyLatentImage"},"widgets_values":[768,768,1]},{"id":6,"type":"CLIPTextEncode","pos":[-4,-279],"size":{"0":422.84503173828125,"1":164.31304931640625},"flags":{},"order":3,"mode":0,"inputs":[{"name":"clip","type":"CLIP","link":67,"label":"CLIP"}],"outputs":[{"name":"CONDITIONING","type":"CONDITIONING","links":[23],"slot_index":0,"label":"条件"}],"properties":{"Node name for S&R":"CLIPTextEncode"},"widgets_values":["beautiful photograph"]},{"id":32,"type":"unCLIPCheckpointLoader","pos":[-726,-169],"size":{"0":388.66619873046875,"1":142},"flags":{},"order":1,"mode":0,"outputs":[{"name":"MODEL","type":"MODEL","links":[66],"slot_index":0,"label":"模型"},{"name":"CLIP","type":"CLIP","links":[67,68],"slot_index":1,"label":"CLIP"},{"name":"VAE","type":"VAE","links":[69],"slot_index":2,"label":"VAE"},{"name":"CLIP_VISION","type":"CLIP_VISION","links":[70],"slot_index":3,"label":"CLIP视觉"}],"properties":{"Node name for S&R":"unCLIPCheckpointLoader"},"widgets_values":["sd21-unclip-h.ckpt",null]},{"id":19,"type":"unCLIPConditioning","pos":[482,-146],"size":{"0":262,"1":102},"flags":{},"order":6,"mode":0,"inputs":[{"name":"conditioning","type":"CONDITIONING","link":23,"label":"条件"},{"name":"clip_vision_output","type":"CLIP_VISION_OUTPUT","link":24,"label":"CLIP视觉输出"}],"outputs":[{"name":"CONDITIONING","type":"CONDITIONING","links":[94],"slot_index":0,"label":"条件"}],"properties":{"Node name for S&R":"unCLIPConditioning"},"widgets_values":[1.0000000000000002,0.30000000000000016]},{"id":9,"type":"SaveImage","pos":[1422,100],"size":{"0":635.19140625,"1":692.8153686523438},"flags":{},"order":9,"mode":0,"inputs":[{"name":"images","type":"IMAGE","link":9,"label":"图像"}],"properties":{},"widgets_values":["ComfyUI"]},{"id":34,"type":"LoadImage","pos":[-366,14],"size":{"0":435.35137939453125,"1":377.5853576660156},"flags":{},"order":2,"mode":0,"outputs":[{"name":"IMAGE","type":"IMAGE","links":[95],"slot_index":0,"label":"图像"},{"name":"MASK","type":"MASK","links":null,"label":"遮罩"}],"properties":{"Node name for S&R":"LoadImage"},"widgets_values":["mountains.png","image"]},{"id":13,"type":"CLIPVisionEncode","pos":[142,-50],"size":{"0":253.60000610351562,"1":46},"flags":{},"order":5,"mode":0,"inputs":[{"name":"clip_vision","type":"CLIP_VISION","link":70,"label":"CLIP视觉"},{"name":"image","type":"IMAGE","link":95,"label":"图像"}],"outputs":[{"name":"CLIP_VISION_OUTPUT","type":"CLIP_VISION_OUTPUT","links":[24],"slot_index":0,"label":"CLIP视觉输出"}],"properties":{"Node name for S&R":"CLIPVisionEncode"}}],"links":[[2,5,0,3,3,"LATENT"],[6,7,0,3,2,"CONDITIONING"],[7,3,0,8,0,"LATENT"],[9,8,0,9,0,"IMAGE"],[23,6,0,19,0,"CONDITIONING"],[24,13,0,19,1,"CLIP_VISION_OUTPUT"],[66,32,0,3,0,"MODEL"],[67,32,1,6,0,"CLIP"],[68,32,1,7,0,"CLIP"],[69,32,2,8,1,"VAE"],[70,32,3,13,0,"CLIP_VISION"],[94,19,0,3,1,"CONDITIONING"],[95,34,0,13,1,"IMAGE"]],"groups":[],"config":{},"extra":{"workspace_info":{"id":"8e5800ba-7344-46f8-81c1-5c4a2ff08136","name":"提取图像标签生图unCLIP Model"}},"version":0.4}