{"last_node_id":80,"last_link_id":208,"nodes":[{"id":63,"type":"CLIPTextEncode","pos":[126,329],"size":{"0":400,"1":200},"flags":{},"order":4,"mode":0,"inputs":[{"name":"clip","type":"CLIP","link":192,"label":"CLIP"}],"outputs":[{"name":"CONDITIONING","type":"CONDITIONING","links":[149],"slot_index":0,"label":"条件"}],"properties":{"Node name for S&R":"CLIPTextEncode"},"widgets_values":["sky clouds nature national park beautiful winter snow scenery HDR landscape (sunset)\n"]},{"id":60,"type":"KSamplerAdvanced","pos":[602,518],"size":{"0":315,"1":334},"flags":{},"order":11,"mode":0,"inputs":[{"name":"model","type":"MODEL","link":193,"label":"模型"},{"name":"positive","type":"CONDITIONING","link":149,"label":"正面条件"},{"name":"negative","type":"CONDITIONING","link":148,"label":"负面条件"},{"name":"latent_image","type":"LATENT","link":146,"label":"Latent"}],"outputs":[{"name":"LATENT","type":"LATENT","links":[144],"slot_index":0,"label":"Latent"}],"properties":{"Node name for S&R":"KSamplerAdvanced"},"widgets_values":["enable",554712045482021,"randomize",16,7,"dpmpp_sde","normal",0,4,"enable"]},{"id":57,"type":"KSamplerAdvanced","pos":[607,946],"size":{"0":315,"1":334},"flags":{},"order":10,"mode":0,"inputs":[{"name":"model","type":"MODEL","link":194,"label":"模型"},{"name":"positive","type":"CONDITIONING","link":134,"label":"正面条件"},{"name":"negative","type":"CONDITIONING","link":133,"label":"负面条件"},{"name":"latent_image","type":"LATENT","link":136,"label":"Latent"}],"outputs":[{"name":"LATENT","type":"LATENT","links":[145],"slot_index":0,"label":"Latent"}],"properties":{"Node name for S&R":"KSamplerAdvanced"},"widgets_values":["enable",534686817346900,"randomize",16,7,"dpmpp_sde","normal",0,4,"enable"]},{"id":64,"type":"KSamplerAdvanced","pos":[611,1351],"size":{"0":315,"1":334},"flags":{},"order":12,"mode":0,"inputs":[{"name":"model","type":"MODEL","link":195,"label":"模型"},{"name":"positive","type":"CONDITIONING","link":157,"label":"正面条件"},{"name":"negative","type":"CONDITIONING","link":156,"label":"负面条件"},{"name":"latent_image","type":"LATENT","link":154,"label":"Latent"}],"outputs":[{"name":"LATENT","type":"LATENT","links":[174],"slot_index":0,"label":"Latent"}],"properties":{"Node name for S&R":"KSamplerAdvanced"},"widgets_values":["enable",993814616615423,"randomize",16,7,"dpmpp_sde","normal",0,4,"enable"]},{"id":73,"type":"KSamplerAdvanced","pos":[612,1752],"size":{"0":315,"1":334},"flags":{},"order":13,"mode":0,"inputs":[{"name":"model","type":"MODEL","link":196,"label":"模型"},{"name":"positive","type":"CONDITIONING","link":181,"label":"正面条件"},{"name":"negative","type":"CONDITIONING","link":182,"label":"负面条件"},{"name":"latent_image","type":"LATENT","link":183,"label":"Latent"}],"outputs":[{"name":"LATENT","type":"LATENT","links":[186],"slot_index":0,"label":"Latent"}],"properties":{"Node name for S&R":"KSamplerAdvanced"},"widgets_values":["enable",331318585557584,"randomize",16,7,"dpmpp_sde","normal",0,4,"enable"]},{"id":80,"type":"CheckpointLoaderSimple","pos":[-962,439],"size":{"0":315,"1":122},"flags":{},"order":0,"mode":0,"outputs":[{"name":"MODEL","type":"MODEL","links":[193,194,195,196,197],"shape":3,"slot_index":0,"label":"模型"},{"name":"CLIP","type":"CLIP","links":[192,199,200,201,202,203],"shape":3,"slot_index":1,"label":"CLIP"},{"name":"VAE","type":"VAE","links":[206],"shape":3,"slot_index":2,"label":"VAE"}],"properties":{"Node name for S&R":"CheckpointLoaderSimple"},"widgets_values":["wd-illusion-fp16.safetensors",null]},{"id":52,"type":"CLIPTextEncode","pos":[104,872],"size":{"0":400,"1":200},"flags":{},"order":5,"mode":0,"inputs":[{"name":"clip","type":"CLIP","link":199,"label":"CLIP"}],"outputs":[{"name":"CONDITIONING","type":"CONDITIONING","links":[134],"slot_index":0,"label":"条件"}],"properties":{"Node name for S&R":"CLIPTextEncode"},"widgets_values":["happy cute anime girl (fennec ears:1.15) (fluff:1.15) , long hair, (black hair), (messy hair), (red highlights), hair over one eye, red eyes, sharp eyes, (hoodie), open jacket, running (school uniform) long skirt\nsky clouds nature national park beautiful winter snow scenery HDR landscape"]},{"id":66,"type":"CLIPTextEncode","pos":[95,1380],"size":{"0":400,"1":200},"flags":{},"order":7,"mode":0,"inputs":[{"name":"clip","type":"CLIP","link":201,"label":"CLIP"}],"outputs":[{"name":"CONDITIONING","type":"CONDITIONING","links":[157],"slot_index":0,"label":"条件"}],"properties":{"Node name for S&R":"CLIPTextEncode"},"widgets_values":["happy cute anime girl (fennec ears:1.15) (fluff:1.15), short hair, (pink hair:1.2), (messy hair), (blue highlights), blue eyes, (hoodie), open jacket, running, (school uniform) long skirt\n\nsky clouds nature national park beautiful winter snow scenery HDR landscape\n\n\n\n"]},{"id":74,"type":"CLIPTextEncode","pos":[143,1847],"size":{"0":400,"1":200},"flags":{},"order":8,"mode":0,"inputs":[{"name":"clip","type":"CLIP","link":202,"label":"CLIP"}],"outputs":[{"name":"CONDITIONING","type":"CONDITIONING","links":[181],"slot_index":0,"label":"条件"}],"properties":{"Node name for S&R":"CLIPTextEncode"},"widgets_values":["best quality, intricate details, chromatic aberration, happy cute anime girl (fennec ears:1.15) (fluff:1.15), long hair, (red hair:1.2), (messy hair), (blue highlights), blue eyes, (hoodie), open jacket, running, (school uniform) long skirt\n\nsky clouds nature national park beautiful winter snow scenery HDR landscape\n\n\n\n"]},{"id":5,"type":"EmptyLatentImage","pos":[167,1165],"size":{"0":315,"1":106},"flags":{"collapsed":false},"order":1,"mode":0,"outputs":[{"name":"LATENT","type":"LATENT","links":[136],"slot_index":0,"label":"Latent"}],"properties":{"Node name for S&R":"EmptyLatentImage"},"widgets_values":[384,768,1]},{"id":65,"type":"EmptyLatentImage","pos":[162,1655],"size":{"0":315,"1":106},"flags":{"collapsed":false},"order":2,"mode":0,"outputs":[{"name":"LATENT","type":"LATENT","links":[154,183],"slot_index":0,"label":"Latent"}],"properties":{"Node name for S&R":"EmptyLatentImage"},"widgets_values":[384,768,1]},{"id":62,"type":"EmptyLatentImage","pos":[165,608],"size":{"0":315,"1":106},"flags":{"collapsed":false},"order":3,"mode":0,"outputs":[{"name":"LATENT","type":"LATENT","links":[146],"slot_index":0,"label":"Latent"}],"properties":{"Node name for S&R":"EmptyLatentImage"},"widgets_values":[1920,1088,1]},{"id":7,"type":"CLIPTextEncode","pos":[-520,819],"size":{"0":425.27801513671875,"1":180.6060791015625},"flags":{},"order":6,"mode":0,"inputs":[{"name":"clip","type":"CLIP","link":200,"label":"CLIP"}],"outputs":[{"name":"CONDITIONING","type":"CONDITIONING","links":[133,138,148,156,182],"slot_index":0,"label":"条件"}],"properties":{"Node name for S&R":"CLIPTextEncode"},"widgets_values":["lowres, bad anatomy, bad hands, (text:1.1), blurry, mutated hands and fingers, mutation, deformed face, ugly, (logo:1.1), cropped, worst quality, jpeg, (jpeg artifacts), deleted, old, oldest, (censored), (bad aesthetic), (mosaic censoring, bar censor, blur censor) earphones"]},{"id":8,"type":"VAEDecode","pos":[3000,746],"size":{"0":210,"1":46},"flags":{},"order":18,"mode":0,"inputs":[{"name":"samples","type":"LATENT","link":142,"label":"Latent"},{"name":"vae","type":"VAE","link":206,"label":"VAE"}],"outputs":[{"name":"IMAGE","type":"IMAGE","links":[165],"slot_index":0,"label":"图像"}],"properties":{"Node name for S&R":"VAEDecode"}},{"id":9,"type":"SaveImage","pos":[3257,750],"size":{"0":1669.853515625,"1":1016.0153198242188},"flags":{},"order":19,"mode":0,"inputs":[{"name":"images","type":"IMAGE","link":165,"label":"图像"}],"properties":{},"widgets_values":["ComfyUI"]},{"id":71,"type":"CLIPTextEncode","pos":[2080,581],"size":{"0":469.0534362792969,"1":276.31512451171875},"flags":{},"order":9,"mode":0,"inputs":[{"name":"clip","type":"CLIP","link":203,"slot_index":0,"label":"CLIP"}],"outputs":[{"name":"CONDITIONING","type":"CONDITIONING","links":[167],"slot_index":0,"label":"条件"}],"properties":{"Node name for S&R":"CLIPTextEncode"},"widgets_values":["happy cute anime girl (fennec ears:1.15) (fluff:1.15) (blonde:1.15) (messy hair:1.35) braids (anime:1.2) (blue eyes:1.15) (happy blush:1.2) smile, large (blue eyes:1.15)\n, (hoodie), open jacket, running (school uniform) long skirt, holding hands\nsky clouds nature national park beautiful winter snow scenery HDR landscape (sunset)\n(waifu, exceptional, best aesthetic, new, newest, best quality, masterpiece, extremely detailed, sharp vector anime:1.05)\n"]},{"id":58,"type":"KSamplerAdvanced","pos":[2599.76780824375,746.8779153437497],"size":{"0":315,"1":334},"flags":{},"order":17,"mode":0,"inputs":[{"name":"model","type":"MODEL","link":197,"label":"模型"},{"name":"positive","type":"CONDITIONING","link":167,"label":"正面条件"},{"name":"negative","type":"CONDITIONING","link":138,"label":"负面条件"},{"name":"latent_image","type":"LATENT","link":185,"label":"Latent"}],"outputs":[{"name":"LATENT","type":"LATENT","links":[142],"slot_index":0,"label":"Latent"}],"properties":{"Node name for S&R":"KSamplerAdvanced"},"widgets_values":["disable",0,"fixed",16,6.5,"dpmpp_sde","normal",4,10000,"disable"]},{"id":61,"type":"LatentComposite","pos":[1051,850],"size":{"0":315,"1":126},"flags":{},"order":14,"mode":0,"inputs":[{"name":"samples_to","type":"LATENT","link":144,"label":"目标Latent"},{"name":"samples_from","type":"LATENT","link":145,"label":"源Latent"}],"outputs":[{"name":"LATENT","type":"LATENT","links":[162],"slot_index":0,"label":"Latent"}],"properties":{"Node name for S&R":"LatentComposite"},"widgets_values":[656,288,40]},{"id":69,"type":"LatentComposite","pos":[1377,851],"size":{"0":315,"1":126},"flags":{},"order":15,"mode":0,"inputs":[{"name":"samples_to","type":"LATENT","link":162,"label":"目标Latent"},{"name":"samples_from","type":"LATENT","link":174,"label":"源Latent"}],"outputs":[{"name":"LATENT","type":"LATENT","links":[184],"slot_index":0,"label":"Latent"}],"properties":{"Node name for S&R":"LatentComposite"},"widgets_values":[1368,288,40]},{"id":75,"type":"LatentComposite","pos":[1708,851],"size":{"0":315,"1":126},"flags":{},"order":16,"mode":0,"inputs":[{"name":"samples_to","type":"LATENT","link":184,"label":"目标Latent"},{"name":"samples_from","type":"LATENT","link":186,"label":"源Latent"}],"outputs":[{"name":"LATENT","type":"LATENT","links":[185],"slot_index":0,"label":"Latent"}],"properties":{"Node name for S&R":"LatentComposite"},"widgets_values":[1016,288,40]}],"links":[[133,7,0,57,2,"CONDITIONING"],[134,52,0,57,1,"CONDITIONING"],[136,5,0,57,3,"LATENT"],[138,7,0,58,2,"CONDITIONING"],[142,58,0,8,0,"LATENT"],[144,60,0,61,0,"LATENT"],[145,57,0,61,1,"LATENT"],[146,62,0,60,3,"LATENT"],[148,7,0,60,2,"CONDITIONING"],[149,63,0,60,1,"CONDITIONING"],[154,65,0,64,3,"LATENT"],[156,7,0,64,2,"CONDITIONING"],[157,66,0,64,1,"CONDITIONING"],[162,61,0,69,0,"LATENT"],[165,8,0,9,0,"IMAGE"],[167,71,0,58,1,"CONDITIONING"],[174,64,0,69,1,"LATENT"],[181,74,0,73,1,"CONDITIONING"],[182,7,0,73,2,"CONDITIONING"],[183,65,0,73,3,"LATENT"],[184,69,0,75,0,"LATENT"],[185,75,0,58,3,"LATENT"],[186,73,0,75,1,"LATENT"],[192,80,1,63,0,"CLIP"],[193,80,0,60,0,"MODEL"],[194,80,0,57,0,"MODEL"],[195,80,0,64,0,"MODEL"],[196,80,0,73,0,"MODEL"],[197,80,0,58,0,"MODEL"],[199,80,1,52,0,"CLIP"],[200,80,1,7,0,"CLIP"],[201,80,1,66,0,"CLIP"],[202,80,1,74,0,"CLIP"],[203,80,1,71,0,"CLIP"],[206,80,2,8,1,"VAE"]],"groups":[{"title":"Finish sampling starting from step 4","bounding":[2565,637,420,506],"color":"#3f789e","font_size":24},{"title":"Generate 4 different noisy images by only sampling the first 4 steps","bounding":[34,194,954,1946],"color":"#3f789e","font_size":24},{"title":"Composite the noisy images together","bounding":[1029,706,1037,392],"color":"#3f789e","font_size":24}],"config":{},"extra":{"workspace_info":{"id":"d9b92bc8-9bcb-43df-8a07-f7f18cd5c1dd","name":"多人合并在一张背景，文生图"}},"version":0.4}