{"last_node_id":18,"last_link_id":48,"nodes":[{"id":7,"type":"CLIPTextEncode","pos":[168.84028808593754,417.3001922607424],"size":{"0":425.27801513671875,"1":180.6060791015625},"flags":{},"order":8,"mode":0,"inputs":[{"name":"clip","type":"CLIP","link":43,"label":"CLIP"}],"outputs":[{"name":"CONDITIONING","type":"CONDITIONING","links":[6],"slot_index":0,"label":"条件"}],"properties":{"Node name for S&R":"CLIPTextEncode"},"widgets_values":["text, watermark"]},{"id":8,"type":"VAEDecode","pos":[968.8402880859369,227.30019226074222],"size":{"0":210,"1":46},"flags":{},"order":10,"mode":0,"inputs":[{"name":"samples","type":"LATENT","link":7,"label":"Latent"},{"name":"vae","type":"VAE","link":25,"label":"VAE"}],"outputs":[{"name":"IMAGE","type":"IMAGE","links":[9],"slot_index":0,"label":"图像"}],"properties":{"Node name for S&R":"VAEDecode"}},{"id":9,"type":"SaveImage","pos":[1218.8402880859362,227.30019226074222],"size":{"0":525,"1":585},"flags":{},"order":11,"mode":0,"inputs":[{"name":"images","type":"IMAGE","link":9,"label":"图像"}],"properties":{},"widgets_values":["ComfyUI"]},{"id":6,"type":"CLIPTextEncode","pos":[168.84028808593754,207.30019226074194],"size":{"0":422.84503173828125,"1":164.31304931640625},"flags":{},"order":7,"mode":0,"inputs":[{"name":"clip","type":"CLIP","link":42,"label":"CLIP"}],"outputs":[{"name":"CONDITIONING","type":"CONDITIONING","links":[4],"slot_index":0,"label":"条件"}],"properties":{"Node name for S&R":"CLIPTextEncode"},"widgets_values":["beautiful scenery nature glass bottle landscape, , purple galaxy bottle,"]},{"id":3,"type":"KSampler","pos":[618.8402880859362,207.30019226074194],"size":{"0":315,"1":262},"flags":{},"order":9,"mode":0,"inputs":[{"name":"model","type":"MODEL","link":48,"label":"模型"},{"name":"positive","type":"CONDITIONING","link":4,"label":"正面条件"},{"name":"negative","type":"CONDITIONING","link":6,"label":"负面条件"},{"name":"latent_image","type":"LATENT","link":2,"label":"Latent"}],"outputs":[{"name":"LATENT","type":"LATENT","links":[7],"slot_index":0,"label":"Latent"}],"properties":{"Node name for S&R":"KSampler"},"widgets_values":[156680208700286,"fixed",20,8,"euler","normal",1]},{"id":5,"type":"EmptyLatentImage","pos":[278.8402880859367,637.3001922607413],"size":{"0":315,"1":106},"flags":{},"order":0,"mode":0,"outputs":[{"name":"LATENT","type":"LATENT","links":[2],"slot_index":0,"label":"Latent"}],"properties":{"Node name for S&R":"EmptyLatentImage"},"widgets_values":[512,512,4]},{"id":15,"type":"VAELoader","pos":[-290,335],"size":{"0":315,"1":82},"flags":{},"order":1,"mode":0,"outputs":[{"name":"VAE","type":"VAE","links":[24,25],"shape":3,"slot_index":0}],"properties":{"Node name for S&R":"VAELoader"},"widgets_values":["kl-f8-anime2.ckpt",null]},{"id":11,"type":"CheckpointLoaderSimple","pos":[-300,80],"size":{"0":315,"1":122},"flags":{},"order":2,"mode":0,"outputs":[{"name":"MODEL","type":"MODEL","links":[35],"shape":3,"slot_index":0,"label":"模型"},{"name":"CLIP","type":"CLIP","links":null,"shape":3,"label":"CLIP"},{"name":"VAE","type":"VAE","links":null,"shape":3,"label":"VAE"}],"properties":{"Node name for S&R":"CheckpointLoaderSimple"},"widgets_values":["cardosAnime_v10.safetensors",null]},{"id":4,"type":"CheckpointLoaderSimple","pos":[-300,-80],"size":{"0":315,"1":122},"flags":{},"order":3,"mode":0,"outputs":[{"name":"MODEL","type":"MODEL","links":[34],"slot_index":0,"label":"模型"},{"name":"CLIP","type":"CLIP","links":[39],"slot_index":1,"label":"CLIP"},{"name":"VAE","type":"VAE","links":[],"slot_index":2,"label":"VAE"}],"properties":{"Node name for S&R":"CheckpointLoaderSimple"},"widgets_values":["v1-5-pruned-emaonly.ckpt",null]},{"id":14,"type":"CheckpointSave","pos":[1278,-115],"size":{"0":315,"1":98},"flags":{},"order":6,"mode":2,"inputs":[{"name":"model","type":"MODEL","link":40,"label":"模型"},{"name":"clip","type":"CLIP","link":41,"label":"CLIP"},{"name":"vae","type":"VAE","link":24,"label":"VAE"}],"properties":{"Node name for S&R":"CheckpointSave"},"widgets_values":["checkpoints/ComfyUI"]},{"id":17,"type":"ModelMergeSimple","pos":[243,-118],"size":{"0":315,"1":78},"flags":{},"order":4,"mode":0,"inputs":[{"name":"model1","type":"MODEL","link":34,"label":"模型1"},{"name":"model2","type":"MODEL","link":35,"label":"模型2"}],"outputs":[{"name":"MODEL","type":"MODEL","links":[38],"shape":3,"slot_index":0,"label":"模型"}],"properties":{"Node name for S&R":"ModelMergeSimple"},"widgets_values":[0.49999999999999956]},{"id":18,"type":"LoraLoader","pos":[697,-116],"size":{"0":401,"1":150},"flags":{"collapsed":false},"order":5,"mode":0,"inputs":[{"name":"model","type":"MODEL","link":38,"label":"模型"},{"name":"clip","type":"CLIP","link":39,"label":"CLIP"}],"outputs":[{"name":"MODEL","type":"MODEL","links":[40,48],"shape":3,"slot_index":0,"label":"模型"},{"name":"CLIP","type":"CLIP","links":[41,42,43],"shape":3,"slot_index":1,"label":"CLIP"}],"properties":{"Node name for S&R":"LoraLoader"},"widgets_values":["theovercomer8sContrastFix_sd15.safetensors",1,1,null]}],"links":[[2,5,0,3,3,"LATENT"],[4,6,0,3,1,"CONDITIONING"],[6,7,0,3,2,"CONDITIONING"],[7,3,0,8,0,"LATENT"],[9,8,0,9,0,"IMAGE"],[24,15,0,14,2,"VAE"],[25,15,0,8,1,"VAE"],[34,4,0,17,0,"MODEL"],[35,11,0,17,1,"MODEL"],[38,17,0,18,0,"MODEL"],[39,4,1,18,1,"CLIP"],[40,18,0,14,0,"MODEL"],[41,18,1,14,1,"CLIP"],[42,18,1,6,0,"CLIP"],[43,18,1,7,0,"CLIP"],[48,18,0,3,0,"MODEL"]],"groups":[{"title":"Load Checkpoints","bounding":[-340,-204,418,411],"color":"#3f789e","font_size":24},{"title":"Basic Txt2img pipeline for testing the merge","bounding":[100,91,1707,822],"color":"#A88","font_size":24},{"title":"Save checkpoint when done (CTRL-M to unmute)","bounding":[1162,-224,546,255],"color":"#8A8","font_size":24},{"title":"Load the VAE","bounding":[-341,240,418,194],"color":"#3f789e","font_size":24},{"title":"Merge the 2 checkpoints together","bounding":[220,-236,406,251],"color":"#8AA","font_size":24}],"config":{},"extra":{"workspace_info":{"id":"21825ecc-e061-448d-9305-8bfa3a55c9d3","name":"模型合并lora"}},"version":0.4}