{"last_node_id":57,"last_link_id":111,"nodes":[{"id":36,"type":"VAELoader","pos":[-793.6276538085937,-63.8623113085937],"size":{"0":315,"1":82},"flags":{},"order":0,"mode":0,"outputs":[{"name":"VAE","type":"VAE","links":[52],"shape":3,"slot_index":0}],"properties":{"Node name for S&R":"VAELoader"},"widgets_values":["sdxl_vae.safetensors",null]},{"id":45,"type":"Reroute","pos":[168.3723461914064,-155.86231130859386],"size":[82,26],"flags":{},"order":11,"mode":0,"inputs":[{"name":"","type":"*","link":106,"slot_index":0,"pos":[41,0]}],"outputs":[{"name":"IMAGE","type":"IMAGE","links":[108],"slot_index":0,"label":"SVD ON"}],"properties":{"showOutputText":true,"horizontal":true},"color":"#232","bgcolor":"#353"},{"id":35,"type":"CheckpointLoaderSimple","pos":[-793.6276538085937,-213.86231130859386],"size":{"0":315,"1":122},"flags":{},"order":1,"mode":0,"outputs":[{"name":"MODEL","type":"MODEL","links":[53],"shape":3,"slot_index":0,"label":"模型"},{"name":"CLIP","type":"CLIP","links":[55],"shape":3,"slot_index":1,"label":"CLIP"},{"name":"VAE","type":"VAE","links":null,"shape":3,"label":"VAE"}],"properties":{"Node name for S&R":"CheckpointLoaderSimple"},"widgets_values":["wlopSTYLEXL_v2.safetensors",null]},{"id":42,"type":"PreviewImage","pos":[4,135],"size":{"0":400,"1":690},"flags":{},"order":10,"mode":0,"inputs":[{"name":"images","type":"IMAGE","link":46,"label":"图像"}],"properties":{"Node name for S&R":"PreviewImage"}},{"id":44,"type":"VAEDecode","pos":[148,-226],"size":{"0":210,"1":46},"flags":{"collapsed":false},"order":9,"mode":0,"inputs":[{"name":"samples","type":"LATENT","link":64,"label":"Latent"},{"name":"vae","type":"VAE","link":52,"label":"VAE"}],"outputs":[{"name":"IMAGE","type":"IMAGE","links":[46,106],"slot_index":0,"label":"图像"}],"properties":{"Node name for S&R":"VAEDecode"}},{"id":24,"type":"VHS_VideoCombine","pos":[1604,-128],"size":[450,525.875],"flags":{},"order":15,"mode":0,"inputs":[{"name":"images","type":"IMAGE","link":111,"label":"图像"},{"name":"audio","type":"VHS_AUDIO","link":null}],"outputs":[{"name":"Filenames","type":"VHS_FILENAMES","links":null,"shape":3,"label":"文件名"}],"properties":{"Node name for S&R":"VHS_VideoCombine"},"widgets_values":{"frame_rate":6,"loop_count":0,"filename_prefix":"comfyUI","format":"video/h264-mp4","pix_fmt":"yuv420p","crf":19,"save_metadata":true,"pingpong":false,"save_output":true,"videopreview":{"hidden":false,"paused":false,"params":{"filename":"comfyUI_00031.mp4","subfolder":"","type":"output","format":"video/h264-mp4"}}}},{"id":8,"type":"VAEDecode","pos":[1246,-144],"size":{"0":210,"1":46},"flags":{"collapsed":false},"order":14,"mode":0,"inputs":[{"name":"samples","type":"LATENT","link":7,"label":"Latent"},{"name":"vae","type":"VAE","link":26,"label":"VAE"}],"outputs":[{"name":"IMAGE","type":"IMAGE","links":[111],"slot_index":0,"label":"图像"}],"properties":{"Node name for S&R":"VAEDecode"}},{"id":14,"type":"VideoLinearCFGGuidance","pos":[853,-29],"size":{"0":315,"1":58},"flags":{"collapsed":false},"order":5,"mode":0,"inputs":[{"name":"model","type":"MODEL","link":23,"label":"模型"}],"outputs":[{"name":"MODEL","type":"MODEL","links":[39],"shape":3,"slot_index":0,"label":"模型"}],"properties":{"Node name for S&R":"VideoLinearCFGGuidance"},"widgets_values":[1]},{"id":15,"type":"ImageOnlyCheckpointLoader","pos":[522,-220],"size":{"0":369.6000061035156,"1":122},"flags":{"collapsed":false},"order":2,"mode":0,"outputs":[{"name":"MODEL","type":"MODEL","links":[23],"shape":3,"slot_index":0,"label":"模型"},{"name":"CLIP_VISION","type":"CLIP_VISION","links":[24],"shape":3,"slot_index":1,"label":"CLIP视觉"},{"name":"VAE","type":"VAE","links":[25,26],"shape":3,"slot_index":2,"label":"VAE"}],"properties":{"Node name for S&R":"ImageOnlyCheckpointLoader"},"widgets_values":["stableVideoDiffusion_img2vidXt11.safetensors",null]},{"id":40,"type":"LoraLoader","pos":[-793,61],"size":{"0":320,"1":150},"flags":{},"order":4,"mode":4,"inputs":[{"name":"model","type":"MODEL","link":53,"label":"模型"},{"name":"clip","type":"CLIP","link":55,"label":"CLIP"}],"outputs":[{"name":"MODEL","type":"MODEL","links":[54],"shape":3,"slot_index":0,"label":"模型"},{"name":"CLIP","type":"CLIP","links":[56,57],"shape":3,"slot_index":1,"label":"CLIP"}],"properties":{"Node name for S&R":"LoraLoader"},"widgets_values":["SDXL\\add-detail-xl.safetensors",0.7000000000000001,1,null]},{"id":41,"type":"EmptyLatentImage","pos":[-789,272],"size":{"0":315,"1":106},"flags":{},"order":3,"mode":0,"outputs":[{"name":"LATENT","type":"LATENT","links":[51],"shape":3,"slot_index":0,"label":"Latent"}],"properties":{"Node name for S&R":"EmptyLatentImage"},"widgets_values":[1184,1024,1]},{"id":38,"type":"CLIPTextEncode","pos":[-413,155],"size":{"0":390,"1":300},"flags":{},"order":7,"mode":0,"inputs":[{"name":"clip","type":"CLIP","link":57,"label":"CLIP"}],"outputs":[{"name":"CONDITIONING","type":"CONDITIONING","links":[59],"shape":3,"slot_index":0,"label":"条件"}],"properties":{"Node name for S&R":"CLIPTextEncode"},"widgets_values":["nudity, nsfw, nude, exposed"],"color":"#322","bgcolor":"#533"},{"id":43,"type":"KSampler","pos":[-751,467],"size":{"0":315,"1":262},"flags":{},"order":8,"mode":0,"inputs":[{"name":"model","type":"MODEL","link":54,"label":"模型"},{"name":"positive","type":"CONDITIONING","link":58,"label":"正面条件"},{"name":"negative","type":"CONDITIONING","link":59,"label":"负面条件"},{"name":"latent_image","type":"LATENT","link":51,"label":"Latent"}],"outputs":[{"name":"LATENT","type":"LATENT","links":[64],"shape":3,"slot_index":0,"label":"Latent"}],"properties":{"Node name for S&R":"KSampler"},"widgets_values":[1049459586794758,"randomize",30,8,"euler","normal",1]},{"id":37,"type":"CLIPTextEncode","pos":[-431.62765380859355,-215.86231130859386],"size":{"0":390,"1":290},"flags":{},"order":6,"mode":0,"inputs":[{"name":"clip","type":"CLIP","link":56,"label":"CLIP"}],"outputs":[{"name":"CONDITIONING","type":"CONDITIONING","links":[58],"shape":3,"slot_index":0,"label":"条件"}],"properties":{"Node name for S&R":"CLIPTextEncode"},"widgets_values":["A flowering tree "],"color":"#232","bgcolor":"#353"},{"id":3,"type":"KSampler","pos":[1237,45],"size":{"0":315,"1":262},"flags":{"collapsed":false},"order":13,"mode":0,"inputs":[{"name":"model","type":"MODEL","link":39,"label":"模型"},{"name":"positive","type":"CONDITIONING","link":40,"label":"正面条件"},{"name":"negative","type":"CONDITIONING","link":17,"label":"负面条件"},{"name":"latent_image","type":"LATENT","link":18,"label":"Latent"}],"outputs":[{"name":"LATENT","type":"LATENT","links":[7],"slot_index":0,"label":"Latent"}],"properties":{"Node name for S&R":"KSampler"},"widgets_values":[140706135816757,"randomize",25,2.9,"euler","karras",1]},{"id":12,"type":"SVD_img2vid_Conditioning","pos":[670,83],"size":{"0":315,"1":218},"flags":{},"order":12,"mode":0,"inputs":[{"name":"clip_vision","type":"CLIP_VISION","link":24,"label":"CLIP视觉"},{"name":"init_image","type":"IMAGE","link":108,"slot_index":1,"label":"图像"},{"name":"vae","type":"VAE","link":25}],"outputs":[{"name":"positive","type":"CONDITIONING","links":[40],"shape":3,"slot_index":0,"label":"正面条件"},{"name":"negative","type":"CONDITIONING","links":[17],"shape":3,"slot_index":1,"label":"负面条件"},{"name":"latent","type":"LATENT","links":[18],"shape":3,"slot_index":2,"label":"Latent"}],"properties":{"Node name for S&R":"SVD_img2vid_Conditioning"},"widgets_values":[1024,576,25,60,6,0.01]}],"links":[[7,3,0,8,0,"LATENT"],[17,12,1,3,2,"CONDITIONING"],[18,12,2,3,3,"LATENT"],[23,15,0,14,0,"MODEL"],[24,15,1,12,0,"CLIP_VISION"],[25,15,2,12,2,"VAE"],[26,15,2,8,1,"VAE"],[39,14,0,3,0,"MODEL"],[40,12,0,3,1,"CONDITIONING"],[46,44,0,42,0,"IMAGE"],[51,41,0,43,3,"LATENT"],[52,36,0,44,1,"VAE"],[53,35,0,40,0,"MODEL"],[54,40,0,43,0,"MODEL"],[55,35,1,40,1,"CLIP"],[56,40,1,37,0,"CLIP"],[57,40,1,38,0,"CLIP"],[58,37,0,43,1,"CONDITIONING"],[59,38,0,43,2,"CONDITIONING"],[64,43,0,44,0,"LATENT"],[106,44,0,45,0,"*"],[108,45,0,12,1,"IMAGE"],[111,8,0,24,0,"IMAGE"]],"groups":[{"title":"Image to Video","bounding":[490,-175,1404,632],"color":"#8A8","font_size":24},{"title":"SDXL Image Gen","bounding":[-826,-334,1253,1103],"color":"#3f789e","font_size":24}],"config":{},"extra":{"workspace_info":{"id":"0597fca3-8c30-4f19-8599-a45706a9de1e","name":"svd1.1"}},"version":0.4}