{"last_node_id":75,"last_link_id":124,"nodes":[{"id":8,"type":"VAEDecode","pos":[1194,-171],"size":{"0":210,"1":46},"flags":{"collapsed":false},"order":14,"mode":0,"inputs":[{"name":"samples","type":"LATENT","link":7,"label":"Latent"},{"name":"vae","type":"VAE","link":26,"label":"VAE"}],"outputs":[{"name":"IMAGE","type":"IMAGE","links":[108],"slot_index":0,"label":"图像"}],"properties":{"Node name for S&R":"VAEDecode"}},{"id":66,"type":"CheckpointLoaderSimple","pos":[-736.0460283183434,-162.83104673270697],"size":{"0":315,"1":122},"flags":{},"order":0,"mode":0,"outputs":[{"name":"MODEL","type":"MODEL","links":[114],"shape":3,"slot_index":0,"label":"模型"},{"name":"CLIP","type":"CLIP","links":[115],"shape":3,"slot_index":1,"label":"CLIP"},{"name":"VAE","type":"VAE","links":null,"shape":3,"label":"VAE"}],"properties":{"Node name for S&R":"CheckpointLoaderSimple"},"widgets_values":["wlopSTYLEXL_v2.safetensors",null]},{"id":67,"type":"VAELoader","pos":[-736.0460283183434,-12.831046732706294],"size":{"0":315,"1":82},"flags":{},"order":1,"mode":0,"outputs":[{"name":"VAE","type":"VAE","links":[122],"shape":3,"slot_index":0}],"properties":{"Node name for S&R":"VAELoader"},"widgets_values":["sdxl_vae.safetensors",null]},{"id":69,"type":"CLIPTextEncode","pos":[-374.04602831834393,185.1689532672936],"size":{"0":390,"1":300},"flags":{},"order":7,"mode":0,"inputs":[{"name":"clip","type":"CLIP","link":113,"label":"CLIP"}],"outputs":[{"name":"CONDITIONING","type":"CONDITIONING","links":[119],"shape":3,"slot_index":0,"label":"条件"}],"properties":{"Node name for S&R":"CLIPTextEncode"},"widgets_values":["nudity, nsfw, nude, exposed"],"color":"#322","bgcolor":"#533"},{"id":70,"type":"LoraLoader","pos":[-744.0460283183434,105.1689532672937],"size":{"0":320,"1":150},"flags":{},"order":4,"mode":4,"inputs":[{"name":"model","type":"MODEL","link":114,"label":"模型"},{"name":"clip","type":"CLIP","link":115,"label":"CLIP"}],"outputs":[{"name":"MODEL","type":"MODEL","links":[117],"shape":3,"slot_index":0,"label":"模型"},{"name":"CLIP","type":"CLIP","links":[112,113],"shape":3,"slot_index":1,"label":"CLIP"}],"properties":{"Node name for S&R":"LoraLoader"},"widgets_values":["SDXL\\add-detail-xl.safetensors",0.7000000000000001,1,null]},{"id":72,"type":"PreviewImage","pos":[61.581625490249486,186.0312645758875],"size":{"0":400,"1":690},"flags":{},"order":10,"mode":0,"inputs":[{"name":"images","type":"IMAGE","link":116,"label":"图像"}],"properties":{"Node name for S&R":"PreviewImage"}},{"id":73,"type":"KSampler","pos":[-744.0460283183434,475.1689532672946],"size":{"0":315,"1":262},"flags":{},"order":8,"mode":0,"inputs":[{"name":"model","type":"MODEL","link":117,"label":"模型"},{"name":"positive","type":"CONDITIONING","link":118,"label":"正面条件"},{"name":"negative","type":"CONDITIONING","link":119,"label":"负面条件"},{"name":"latent_image","type":"LATENT","link":120,"label":"Latent"}],"outputs":[{"name":"LATENT","type":"LATENT","links":[121],"shape":3,"slot_index":0,"label":"Latent"}],"properties":{"Node name for S&R":"KSampler"},"widgets_values":[1009499073669815,"randomize",30,8,"euler_ancestral","normal",1]},{"id":14,"type":"VideoLinearCFGGuidance","pos":[602,-10],"size":{"0":315,"1":58},"flags":{"collapsed":false},"order":5,"mode":0,"inputs":[{"name":"model","type":"MODEL","link":23,"label":"模型"}],"outputs":[{"name":"MODEL","type":"MODEL","links":[39],"shape":3,"slot_index":0,"label":"模型"}],"properties":{"Node name for S&R":"VideoLinearCFGGuidance"},"widgets_values":[1]},{"id":15,"type":"ImageOnlyCheckpointLoader","pos":[572,-186],"size":{"0":369.6000061035156,"1":122},"flags":{"collapsed":false},"order":2,"mode":0,"outputs":[{"name":"MODEL","type":"MODEL","links":[23],"shape":3,"slot_index":0,"label":"模型"},{"name":"CLIP_VISION","type":"CLIP_VISION","links":[24],"shape":3,"slot_index":1,"label":"CLIP视觉"},{"name":"VAE","type":"VAE","links":[25,26],"shape":3,"slot_index":2,"label":"VAE"}],"properties":{"Node name for S&R":"ImageOnlyCheckpointLoader"},"widgets_values":["stableVideoDiffusion_img2vidXt11.safetensors",null]},{"id":75,"type":"Reroute","pos":[225.95397168165582,-104.8310467327068],"size":[82,26],"flags":{},"order":11,"mode":0,"inputs":[{"name":"","type":"*","link":123,"slot_index":0,"pos":[41,0]}],"outputs":[{"name":"IMAGE","type":"IMAGE","links":[124],"slot_index":0}],"properties":{"showOutputText":true,"horizontal":true},"color":"#232","bgcolor":"#353"},{"id":74,"type":"VAEDecode","pos":[124,-191],"size":{"0":210,"1":46},"flags":{"collapsed":false},"order":9,"mode":0,"inputs":[{"name":"samples","type":"LATENT","link":121,"label":"Latent"},{"name":"vae","type":"VAE","link":122,"label":"VAE"}],"outputs":[{"name":"IMAGE","type":"IMAGE","links":[116,123],"slot_index":0,"label":"图像"}],"properties":{"Node name for S&R":"VAEDecode"}},{"id":71,"type":"EmptyLatentImage","pos":[-744.0460283183434,305.16895326729394],"size":{"0":315,"1":106},"flags":{},"order":3,"mode":0,"outputs":[{"name":"LATENT","type":"LATENT","links":[120],"shape":3,"slot_index":0,"label":"Latent"}],"properties":{"Node name for S&R":"EmptyLatentImage"},"widgets_values":[1128,1024,1]},{"id":12,"type":"SVD_img2vid_Conditioning","pos":[1023,7],"size":{"0":315,"1":218},"flags":{},"order":12,"mode":0,"inputs":[{"name":"clip_vision","type":"CLIP_VISION","link":24,"label":"CLIP视觉"},{"name":"init_image","type":"IMAGE","link":124,"slot_index":1,"label":"图像"},{"name":"vae","type":"VAE","link":25,"label":"vae"}],"outputs":[{"name":"positive","type":"CONDITIONING","links":[40],"shape":3,"slot_index":0,"label":"正面条件"},{"name":"negative","type":"CONDITIONING","links":[17],"shape":3,"slot_index":1,"label":"负面条件"},{"name":"latent","type":"LATENT","links":[18],"shape":3,"slot_index":2,"label":"Latent"}],"properties":{"Node name for S&R":"SVD_img2vid_Conditioning"},"widgets_values":[1024,576,25,60,6,0]},{"id":3,"type":"KSampler","pos":[567,121],"size":{"0":315,"1":262},"flags":{"collapsed":false},"order":13,"mode":0,"inputs":[{"name":"model","type":"MODEL","link":39,"label":"模型"},{"name":"positive","type":"CONDITIONING","link":40,"label":"正面条件"},{"name":"negative","type":"CONDITIONING","link":17,"label":"负面条件"},{"name":"latent_image","type":"LATENT","link":18,"label":"Latent"}],"outputs":[{"name":"LATENT","type":"LATENT","links":[7],"slot_index":0,"label":"Latent"}],"properties":{"Node name for S&R":"KSampler"},"widgets_values":[316433781335408,"randomize",25,1.5,"euler_ancestral","karras",1]},{"id":65,"type":"VHS_VideoCombine","pos":[1544,76],"size":[315,449.9375],"flags":{},"order":16,"mode":0,"inputs":[{"name":"images","type":"IMAGE","link":111,"label":"图像"},{"name":"audio","type":"VHS_AUDIO","link":null,"label":"audio"}],"outputs":[{"name":"Filenames","type":"VHS_FILENAMES","links":null,"shape":3,"label":"文件名"}],"properties":{"Node name for S&R":"VHS_VideoCombine"},"widgets_values":{"frame_rate":6,"loop_count":0,"filename_prefix":"AnimateDiff","format":"video/h264-mp4","pix_fmt":"yuv420p","crf":19,"save_metadata":true,"pingpong":false,"save_output":true,"videopreview":{"hidden":false,"paused":false,"params":{"filename":"AnimateDiff_00004.mp4","subfolder":"","type":"output","format":"video/h264-mp4"}}}},{"id":58,"type":"FILM VFI","pos":[1511,-193],"size":{"0":443.4000244140625,"1":150},"flags":{},"order":15,"mode":0,"inputs":[{"name":"frames","type":"IMAGE","link":108,"slot_index":0,"label":"frames"},{"name":"optional_interpolation_states","type":"INTERPOLATION_STATES","link":null,"label":"optional_interpolation_states"}],"outputs":[{"name":"IMAGE","type":"IMAGE","links":[111],"shape":3,"slot_index":0,"label":"IMAGE"}],"properties":{"Node name for S&R":"FILM VFI"},"widgets_values":["film_net_fp32.pt",10,4,true]},{"id":68,"type":"CLIPTextEncode","pos":[-374.04602831834393,-164.83104673270697],"size":{"0":390,"1":290},"flags":{},"order":6,"mode":0,"inputs":[{"name":"clip","type":"CLIP","link":112,"label":"CLIP"}],"outputs":[{"name":"CONDITIONING","type":"CONDITIONING","links":[118],"shape":3,"slot_index":0,"label":"条件"}],"properties":{"Node name for S&R":"CLIPTextEncode"},"widgets_values":["wgz style,portrait of a beautiful women highly detailed，Bust portrait of a girl in a black bra，green eyes"],"color":"#232","bgcolor":"#353"}],"links":[[7,3,0,8,0,"LATENT"],[17,12,1,3,2,"CONDITIONING"],[18,12,2,3,3,"LATENT"],[23,15,0,14,0,"MODEL"],[24,15,1,12,0,"CLIP_VISION"],[25,15,2,12,2,"VAE"],[26,15,2,8,1,"VAE"],[39,14,0,3,0,"MODEL"],[40,12,0,3,1,"CONDITIONING"],[108,8,0,58,0,"IMAGE"],[111,58,0,65,0,"IMAGE"],[112,70,1,68,0,"CLIP"],[113,70,1,69,0,"CLIP"],[114,66,0,70,0,"MODEL"],[115,66,1,70,1,"CLIP"],[116,74,0,72,0,"IMAGE"],[117,70,0,73,0,"MODEL"],[118,68,0,73,1,"CONDITIONING"],[119,69,0,73,2,"CONDITIONING"],[120,71,0,73,3,"LATENT"],[121,73,0,74,0,"LATENT"],[122,67,0,74,1,"VAE"],[123,74,0,75,0,"*"],[124,75,0,12,1,"IMAGE"]],"groups":[{"title":"Image to Video - with smooth-frame-interpolation","bounding":[922,-260,1011,1013],"color":"#8A8","font_size":24},{"title":"Group","bounding":[-852,-284,1395,1208],"color":"#3f789e","font_size":24}],"config":{},"extra":{"workspace_info":{"id":"437e4f9e-507e-40cb-9c5e-fd374cea7309","name":"svd流畅"}},"version":0.4}