{"last_node_id":132,"last_link_id":252,"nodes":[{"id":94,"type":"Reroute","pos":[-1479.6728775000015,-2291.1484131304933],"size":[82,26],"flags":{},"order":10,"mode":0,"inputs":[{"name":"","type":"*","link":173}],"outputs":[{"name":"MODEL","type":"MODEL","links":[176],"slot_index":0}],"properties":{"showOutputText":true,"horizontal":false}},{"id":21,"type":"KSampler","pos":[122,-1641],"size":{"0":283.33160400390625,"1":234},"flags":{},"order":44,"mode":0,"inputs":[{"name":"model","type":"MODEL","link":202},{"name":"positive","type":"CONDITIONING","link":198},{"name":"negative","type":"CONDITIONING","link":199},{"name":"latent_image","type":"LATENT","link":201,"slot_index":3},{"name":"seed","type":"INT","link":54,"widget":{"name":"seed"}}],"outputs":[{"name":"LATENT","type":"LATENT","links":[41],"shape":3,"slot_index":0}],"properties":{"Node name for S&R":"KSampler"},"widgets_values":[326472212594122,"randomize",20,7,"ddim","ddim_uniform",1],"color":"#223","bgcolor":"#335"},{"id":19,"type":"EmptyLatentImage","pos":[115,-1817],"size":{"0":315,"1":106},"flags":{},"order":0,"mode":0,"outputs":[{"name":"LATENT","type":"LATENT","links":[201],"shape":3,"slot_index":0}],"properties":{"Node name for S&R":"EmptyLatentImage"},"widgets_values":[512,768,1],"color":"#222","bgcolor":"#000"},{"id":27,"type":"Reroute","pos":[-167,-2286],"size":[82,26],"flags":{},"order":37,"mode":0,"inputs":[{"name":"","type":"*","link":192}],"outputs":[{"name":"MODEL","type":"MODEL","links":[51,202],"slot_index":0}],"properties":{"showOutputText":true,"horizontal":false}},{"id":112,"type":"Reroute","pos":[-1489,-2389],"size":[149.2,26],"flags":{},"order":8,"mode":0,"inputs":[{"name":"","type":"*","link":212}],"outputs":[{"name":"BBOX_DETECTOR","type":"BBOX_DETECTOR","links":[214],"slot_index":0}],"properties":{"showOutputText":true,"horizontal":false}},{"id":115,"type":"Reroute","pos":[-1486,-2339],"size":[132.39999999999998,26],"flags":{},"order":9,"mode":0,"inputs":[{"name":"","type":"*","link":219}],"outputs":[{"name":"CONTROL_NET","type":"CONTROL_NET","links":[220],"slot_index":0}],"properties":{"showOutputText":true,"horizontal":false}},{"id":116,"type":"Reroute","pos":[727,-2340],"size":[132.39999999999998,26],"flags":{},"order":17,"mode":0,"inputs":[{"name":"","type":"*","link":220}],"outputs":[{"name":"CONTROL_NET","type":"CONTROL_NET","links":[221],"slot_index":0}],"properties":{"showOutputText":true,"horizontal":false}},{"id":42,"type":"UltralyticsDetectorProvider","pos":[-2302.4105961663813,-1840.727641841433],"size":{"0":315,"1":78},"flags":{},"order":1,"mode":0,"outputs":[{"name":"BBOX_DETECTOR","type":"BBOX_DETECTOR","links":[212],"shape":3,"slot_index":0},{"name":"SEGM_DETECTOR","type":"SEGM_DETECTOR","links":null,"shape":3}],"properties":{"Node name for S&R":"UltralyticsDetectorProvider"},"widgets_values":["bbox/hand_yolov8s.pt"],"color":"#432","bgcolor":"#653"},{"id":11,"type":"ControlNetLoader","pos":[-2296.4105961663813,-1692.727641841433],"size":[470.00172851562456,58],"flags":{},"order":2,"mode":0,"outputs":[{"name":"CONTROL_NET","type":"CONTROL_NET","links":[219],"shape":3,"slot_index":0}],"properties":{"Node name for S&R":"ControlNetLoader"},"widgets_values":["control_sd15_inpaint_depth_hand_fp16.safetensors"],"color":"#233","bgcolor":"#355"},{"id":93,"type":"CheckpointLoaderSimple","pos":[-2197.4105961663813,-1437.727641841433],"size":[413.84168334960896,101.49735351562458],"flags":{},"order":3,"mode":0,"outputs":[{"name":"MODEL","type":"MODEL","links":[173],"shape":3,"slot_index":0},{"name":"CLIP","type":"CLIP","links":[186],"shape":3,"slot_index":1},{"name":"VAE","type":"VAE","links":[],"shape":3,"slot_index":2}],"properties":{"Node name for S&R":"CheckpointLoaderSimple"},"widgets_values":["cardosAnimated_v30.safetensors"]},{"id":103,"type":"Reroute","pos":[-1478,-2082],"size":[124,26],"flags":{},"order":14,"mode":0,"inputs":[{"name":"","type":"*","link":187}],"outputs":[{"name":"LORA_STACK","type":"LORA_STACK","links":[188],"slot_index":0}],"properties":{"showOutputText":true,"horizontal":false}},{"id":96,"type":"Reroute","pos":[-1471,-2134],"size":[75,26],"flags":{},"order":13,"mode":0,"inputs":[{"name":"","type":"*","link":178}],"outputs":[{"name":"VAE","type":"VAE","links":[182],"slot_index":0}],"properties":{"showOutputText":true,"horizontal":false}},{"id":95,"type":"Reroute","pos":[-1469,-2188],"size":[75,26],"flags":{},"order":18,"mode":0,"inputs":[{"name":"","type":"*","link":185}],"outputs":[{"name":"CLIP","type":"CLIP","links":[183,189],"slot_index":0}],"properties":{"showOutputText":true,"horizontal":false}},{"id":122,"type":"UpscaleModelLoader","pos":[-2104.4105961663813,-1271.727641841433],"size":{"0":315,"1":58},"flags":{},"order":4,"mode":0,"outputs":[{"name":"UPSCALE_MODEL","type":"UPSCALE_MODEL","links":[242],"shape":3,"slot_index":0}],"properties":{"Node name for S&R":"UpscaleModelLoader"},"widgets_values":["4x-UltraSharp.pth"]},{"id":97,"type":"VAELoader","pos":[-2140.4105961663813,-1160.727641841433],"size":[388.7083007812496,58],"flags":{},"order":5,"mode":0,"outputs":[{"name":"VAE","type":"VAE","links":[178],"shape":3,"slot_index":0}],"properties":{"Node name for S&R":"VAELoader"},"widgets_values":["vae-ft-mse-840000-ema-pruned.safetensors"]},{"id":86,"type":"LoRA Stacker","pos":[-2011.4105961663822,-1045.727641841433],"size":{"0":315,"1":130},"flags":{},"order":6,"mode":0,"inputs":[{"name":"lora_stack","type":"LORA_STACK","link":null}],"outputs":[{"name":"LORA_STACK","type":"LORA_STACK","links":[187],"shape":3,"slot_index":0}],"properties":{"Node name for S&R":"LoRA Stacker"},"widgets_values":["simple",1,"add_detail.safetensors",1,1,1,"None",1,1,1,"None",1,1,1,"None",1,1,1,"None",1,1,1,"None",1,1,1,"None",1,1,1,"None",1,1,1,"None",1,1,1,"None",1,1,1,"None",1,1,1,"None",1,1,1,"None",1,1,1,"None",1,1,1,"None",1,1,1,"None",1,1,1,"None",1,1,1,"None",1,1,1,"None",1,1,1,"None",1,1,1,"None",1,1,1,"None",1,1,1,"None",1,1,1,"None",1,1,1,"None",1,1,1,"None",1,1,1,"None",1,1,1,"None",1,1,1,"None",1,1,1,"None",1,1,1,"None",1,1,1,"None",1,1,1,"None",1,1,1,"None",1,1,1,"None",1,1,1,"None",1,1,1,"None",1,1,1,"None",1,1,1,"None",1,1,1,"None",1,1,1,"None",1,1,1,"None",1,1,1,"None",1,1,1,"None",1,1,1,"None",1,1,1,"None",1,1,1,"None",1,1,1,"None",1,1,1,"None",1,1,1],"color":"#323","bgcolor":"#535","shape":1},{"id":102,"type":"Reroute","pos":[-885,-2133],"size":[75,26],"flags":{},"order":20,"mode":0,"inputs":[{"name":"","type":"*","link":182}],"outputs":[{"name":"VAE","type":"VAE","links":[193],"slot_index":0}],"properties":{"showOutputText":true,"horizontal":false}},{"id":101,"type":"Reroute","pos":[-881,-2190],"size":[75,26],"flags":{},"order":23,"mode":0,"inputs":[{"name":"","type":"*","link":183}],"outputs":[{"name":"CLIP","type":"CLIP","links":[190,197],"slot_index":0}],"properties":{"showOutputText":true,"horizontal":false}},{"id":123,"type":"Reroute","pos":[-1540,-2239],"size":[149.2,26],"flags":{},"order":12,"mode":0,"inputs":[{"name":"","type":"*","link":242}],"outputs":[{"name":"UPSCALE_MODEL","type":"UPSCALE_MODEL","links":[243],"slot_index":0}],"properties":{"showOutputText":true,"horizontal":false}},{"id":100,"type":"Reroute","pos":[-876,-2285],"size":[82,26],"flags":{},"order":30,"mode":0,"inputs":[{"name":"","type":"*","link":191}],"outputs":[{"name":"MODEL","type":"MODEL","links":[192],"slot_index":0}],"properties":{"showOutputText":true,"horizontal":false}},{"id":31,"type":"Reroute","pos":[-165,-2133],"size":[75,26],"flags":{},"order":26,"mode":0,"inputs":[{"name":"","type":"*","link":193}],"outputs":[{"name":"VAE","type":"VAE","links":[205,211],"slot_index":0}],"properties":{"showOutputText":true,"horizontal":false}},{"id":28,"type":"Reroute","pos":[-158,-1984],"size":[75,26],"flags":{},"order":21,"mode":0,"inputs":[{"name":"","type":"*","link":194,"widget":{"name":"value"}}],"outputs":[{"name":"INT","type":"INT","links":[54,207],"slot_index":0}],"properties":{"showOutputText":true,"horizontal":false}},{"id":105,"type":"Reroute","pos":[-142,-2031],"size":[140.8,26],"flags":{},"order":35,"mode":0,"inputs":[{"name":"","type":"*","link":196}],"outputs":[{"name":"CONDITIONING","type":"CONDITIONING","links":[199,206],"slot_index":0}],"properties":{"showOutputText":true,"horizontal":false}},{"id":106,"type":"Reroute","pos":[-169,-2185],"size":[75,26],"flags":{},"order":29,"mode":0,"inputs":[{"name":"","type":"*","link":197}],"outputs":[{"name":"CLIP","type":"CLIP","links":[203],"slot_index":0}],"properties":{"showOutputText":true,"horizontal":false}},{"id":124,"type":"Reroute","pos":[-880,-2240],"size":[149.2,26],"flags":{},"order":19,"mode":0,"inputs":[{"name":"","type":"*","link":243}],"outputs":[{"name":"UPSCALE_MODEL","type":"UPSCALE_MODEL","links":[244],"slot_index":0}],"properties":{"showOutputText":true,"horizontal":false}},{"id":104,"type":"Reroute","pos":[-159,-2081],"size":[140.8,26],"flags":{},"order":38,"mode":0,"inputs":[{"name":"","type":"*","link":195}],"outputs":[{"name":"CONDITIONING","type":"CONDITIONING","links":[198,204],"slot_index":0}],"properties":{"showOutputText":true,"horizontal":false}},{"id":99,"type":"Reroute","pos":[-875,-1984],"size":[75,26],"flags":{},"order":15,"mode":0,"inputs":[{"name":"","type":"*","link":180,"widget":{"name":"value"}}],"outputs":[{"name":"INT","type":"INT","links":[194],"slot_index":0}],"properties":{"showOutputText":true,"horizontal":false}},{"id":111,"type":"Reroute","pos":[733,-1987],"size":[75,26],"flags":{},"order":27,"mode":0,"inputs":[{"name":"","type":"*","link":207,"widget":{"name":"value"}}],"outputs":[{"name":"INT","type":"INT","links":[208],"slot_index":0}],"properties":{"showOutputText":true,"horizontal":false}},{"id":110,"type":"Reroute","pos":[732,-2032],"size":[140.8,26],"flags":{},"order":42,"mode":0,"inputs":[{"name":"","type":"*","link":206}],"outputs":[{"name":"CONDITIONING","type":"CONDITIONING","links":[225],"slot_index":0}],"properties":{"showOutputText":true,"horizontal":false}},{"id":108,"type":"Reroute","pos":[729,-2084],"size":[140.8,26],"flags":{},"order":45,"mode":0,"inputs":[{"name":"","type":"*","link":204}],"outputs":[{"name":"CONDITIONING","type":"CONDITIONING","links":[224],"slot_index":0}],"properties":{"showOutputText":true,"horizontal":false}},{"id":32,"type":"Reroute","pos":[731,-2134],"size":[75,26],"flags":{},"order":33,"mode":0,"inputs":[{"name":"","type":"*","link":211}],"outputs":[{"name":"VAE","type":"VAE","links":[62],"slot_index":0}],"properties":{"showOutputText":true,"horizontal":false}},{"id":107,"type":"Reroute","pos":[725,-2185],"size":[75,26],"flags":{},"order":36,"mode":0,"inputs":[{"name":"","type":"*","link":203}],"outputs":[{"name":"CLIP","type":"CLIP","links":null}],"properties":{"showOutputText":true,"horizontal":false}},{"id":125,"type":"Reroute","pos":[-168,-2239],"size":[149.2,26],"flags":{},"order":25,"mode":0,"inputs":[{"name":"","type":"*","link":244}],"outputs":[{"name":"UPSCALE_MODEL","type":"UPSCALE_MODEL","links":[245],"slot_index":0}],"properties":{"showOutputText":true,"horizontal":false}},{"id":23,"type":"Reroute","pos":[734,-2284],"size":[82,26],"flags":{},"order":43,"mode":0,"inputs":[{"name":"","type":"*","link":51}],"outputs":[{"name":"MODEL","type":"MODEL","links":[48],"slot_index":0}],"properties":{"showOutputText":true,"horizontal":false}},{"id":113,"type":"Reroute","pos":[728,-2389],"size":[149.2,26],"flags":{},"order":16,"mode":0,"inputs":[{"name":"","type":"*","link":214}],"outputs":[{"name":"BBOX_DETECTOR","type":"BBOX_DETECTOR","links":[215],"slot_index":0}],"properties":{"showOutputText":true,"horizontal":false}},{"id":109,"type":"Reroute","pos":[734,-1936],"size":[82,26],"flags":{},"order":54,"mode":0,"inputs":[{"name":"","type":"*","link":209}],"outputs":[{"name":"IMAGE","type":"IMAGE","links":[210,216,226],"slot_index":0}],"properties":{"showOutputText":true,"horizontal":false}},{"id":118,"type":"Reroute","pos":[1669,-1939],"size":[82,26],"flags":{},"order":59,"mode":0,"inputs":[{"name":"","type":"*","link":226}],"outputs":[{"name":"IMAGE","type":"IMAGE","links":[227],"slot_index":0}],"properties":{"showOutputText":true,"horizontal":false}},{"id":29,"type":"Reroute","pos":[1670,-1990],"size":[75,26],"flags":{},"order":34,"mode":0,"inputs":[{"name":"","type":"*","link":208,"widget":{"name":"value"}}],"outputs":[{"name":"INT","type":"INT","links":[56,140],"slot_index":0}],"properties":{"showOutputText":true,"horizontal":false}},{"id":117,"type":"Reroute","pos":[1671,-1893],"size":[82,26],"flags":{},"order":63,"mode":0,"inputs":[{"name":"","type":"*","link":222}],"outputs":[{"name":"IMAGE","type":"IMAGE","links":[223],"slot_index":0}],"properties":{"showOutputText":true,"horizontal":false}},{"id":12,"type":"Reroute","pos":[1674,-2033],"size":[140.8,26],"flags":{},"order":48,"mode":0,"inputs":[{"name":"","type":"*","link":225}],"outputs":[{"name":"CONDITIONING","type":"CONDITIONING","links":[134,163],"slot_index":0}],"properties":{"showOutputText":true,"horizontal":false}},{"id":41,"type":"Reroute","pos":[1677,-2084],"size":[140.8,26],"flags":{},"order":51,"mode":0,"inputs":[{"name":"","type":"*","link":224}],"outputs":[{"name":"CONDITIONING","type":"CONDITIONING","links":[133,162],"slot_index":0}],"properties":{"showOutputText":true,"horizontal":false}},{"id":33,"type":"Reroute","pos":[1683,-2135],"size":[75,26],"flags":{},"order":40,"mode":0,"inputs":[{"name":"","type":"*","link":62}],"outputs":[{"name":"VAE","type":"VAE","links":[63,228,239],"slot_index":0}],"properties":{"showOutputText":true,"horizontal":false}},{"id":126,"type":"Reroute","pos":[730,-2237],"size":[149.2,26],"flags":{},"order":32,"mode":0,"inputs":[{"name":"","type":"*","link":245}],"outputs":[{"name":"UPSCALE_MODEL","type":"UPSCALE_MODEL","links":[246],"slot_index":0}],"properties":{"showOutputText":true,"horizontal":false}},{"id":24,"type":"Reroute","pos":[1683,-2285],"size":[82,26],"flags":{},"order":49,"mode":0,"inputs":[{"name":"","type":"*","link":48}],"outputs":[{"name":"MODEL","type":"MODEL","links":[49,131],"slot_index":0}],"properties":{"showOutputText":true,"horizontal":false}},{"id":114,"type":"Reroute","pos":[1684,-2338],"size":[132.39999999999998,26],"flags":{},"order":22,"mode":0,"inputs":[{"name":"","type":"*","link":221}],"outputs":[{"name":"CONTROL_NET","type":"CONTROL_NET","links":[218],"slot_index":0}],"properties":{"showOutputText":true,"horizontal":false}},{"id":127,"type":"Reroute","pos":[1685,-2229],"size":[149.2,26],"flags":{},"order":39,"mode":0,"inputs":[{"name":"","type":"*","link":246}],"outputs":[{"name":"UPSCALE_MODEL","type":"UPSCALE_MODEL","links":[247],"slot_index":0}],"properties":{"showOutputText":true,"horizontal":false}},{"id":128,"type":"Reroute","pos":[2883,-2228],"size":[149.2,26],"flags":{},"order":46,"mode":0,"inputs":[{"name":"","type":"*","link":247}],"outputs":[{"name":"UPSCALE_MODEL","type":"UPSCALE_MODEL","links":[248],"slot_index":0}],"properties":{"showOutputText":true,"horizontal":false}},{"id":80,"type":"Reroute","pos":[2891,-2137],"size":[75,26],"flags":{},"order":47,"mode":0,"inputs":[{"name":"","type":"*","link":239}],"outputs":[{"name":"VAE","type":"VAE","links":[151,249],"slot_index":0}],"properties":{"showOutputText":true,"horizontal":false}},{"id":83,"type":"CR Apply LoRA Stack","pos":[-1294.4420893359375,-1828.5894038336178],"size":{"0":254.40000915527344,"1":66},"flags":{},"order":24,"mode":0,"inputs":[{"name":"model","type":"MODEL","link":176},{"name":"clip","type":"CLIP","link":189},{"name":"lora_stack","type":"LORA_STACK","link":188}],"outputs":[{"name":"MODEL","type":"MODEL","links":[191],"shape":3,"slot_index":0},{"name":"CLIP","type":"CLIP","links":[158],"shape":3,"slot_index":1},{"name":"show_help","type":"STRING","links":null,"shape":3}],"properties":{"Node name for S&R":"CR Apply LoRA Stack"},"color":"#323","bgcolor":"#535"},{"id":98,"type":"CR Seed","pos":[-1300.4420893359375,-1682.5894038336178],"size":{"0":315,"1":102},"flags":{},"order":7,"mode":0,"outputs":[{"name":"seed","type":"INT","links":[180],"shape":3,"slot_index":0},{"name":"show_help","type":"STRING","links":null,"shape":3}],"properties":{"Node name for S&R":"CR Seed"},"widgets_values":[533520635379861,"randomize"]},{"id":8,"type":"CLIPTextEncode","pos":[-671.990031755372,-1814.441967265625],"size":{"0":344.0929260253906,"1":154.7283172607422},"flags":{},"order":31,"mode":0,"inputs":[{"name":"clip","type":"CLIP","link":158}],"outputs":[{"name":"CONDITIONING","type":"CONDITIONING","links":[195],"shape":3,"slot_index":0}],"properties":{"Node name for S&R":"CLIPTextEncode"},"widgets_values":["materpiece, good quality, photorealistic, 1 woman, beautiful face, dynamic hands pose, medium shot"],"color":"#232","bgcolor":"#353"},{"id":9,"type":"CLIPTextEncode","pos":[-667.990031755372,-1603.441967265625],"size":{"0":344.0929260253906,"1":154.7283172607422},"flags":{},"order":28,"mode":0,"inputs":[{"name":"clip","type":"CLIP","link":190}],"outputs":[{"name":"CONDITIONING","type":"CONDITIONING","links":[196],"shape":3,"slot_index":0}],"properties":{"Node name for S&R":"CLIPTextEncode"},"widgets_values":["worst quality, bad quality, nsfw, CG,"],"color":"#322","bgcolor":"#533"},{"id":14,"type":"VAEDecode","pos":[2611,-1413],"size":{"0":210,"1":46},"flags":{},"order":71,"mode":0,"inputs":[{"name":"samples","type":"LATENT","link":19},{"name":"vae","type":"VAE","link":228}],"outputs":[{"name":"IMAGE","type":"IMAGE","links":[145,231],"shape":3,"slot_index":0}],"properties":{"Node name for S&R":"VAEDecode"}},{"id":76,"type":"ImageUpscaleWithModel","pos":[3182,-1723],"size":{"0":241.79998779296875,"1":46},"flags":{},"order":72,"mode":0,"inputs":[{"name":"upscale_model","type":"UPSCALE_MODEL","link":248,"slot_index":0},{"name":"image","type":"IMAGE","link":145}],"outputs":[{"name":"IMAGE","type":"IMAGE","links":[146],"shape":3,"slot_index":0}],"properties":{"Node name for S&R":"ImageUpscaleWithModel"}},{"id":78,"type":"ImageScaleBy","pos":[3185,-1619],"size":{"0":315,"1":82},"flags":{},"order":74,"mode":0,"inputs":[{"name":"image","type":"IMAGE","link":146}],"outputs":[{"name":"IMAGE","type":"IMAGE","links":[148],"shape":3,"slot_index":0}],"properties":{"Node name for S&R":"ImageScaleBy"},"widgets_values":["bilinear",0.5]},{"id":79,"type":"VAEEncode","pos":[3518,-1548],"size":{"0":210,"1":46},"flags":{},"order":75,"mode":0,"inputs":[{"name":"pixels","type":"IMAGE","link":148},{"name":"vae","type":"VAE","link":151}],"outputs":[{"name":"LATENT","type":"LATENT","links":[149],"shape":3,"slot_index":0}],"properties":{"Node name for S&R":"VAEEncode"}},{"id":68,"type":"KSampler","pos":[3787,-1607],"size":{"0":283.33160400390625,"1":234},"flags":{},"order":76,"mode":0,"inputs":[{"name":"model","type":"MODEL","link":132},{"name":"positive","type":"CONDITIONING","link":135},{"name":"negative","type":"CONDITIONING","link":136},{"name":"latent_image","type":"LATENT","link":149,"slot_index":3},{"name":"seed","type":"INT","link":141,"widget":{"name":"seed"}}],"outputs":[{"name":"LATENT","type":"LATENT","links":[137],"shape":3,"slot_index":0}],"properties":{"Node name for S&R":"KSampler"},"widgets_values":[132161560269079,"randomize",20,4.6000000000000005,"ddim","ddim_uniform",0.25],"color":"#223","bgcolor":"#335"},{"id":71,"type":"Reroute","pos":[2891,-2085],"size":[140.8,26],"flags":{},"order":56,"mode":0,"inputs":[{"name":"","type":"*","link":133}],"outputs":[{"name":"CONDITIONING","type":"CONDITIONING","links":[135],"slot_index":0}],"properties":{"showOutputText":true,"horizontal":false}},{"id":72,"type":"Reroute","pos":[2893,-2034],"size":[140.8,26],"flags":{},"order":52,"mode":0,"inputs":[{"name":"","type":"*","link":134}],"outputs":[{"name":"CONDITIONING","type":"CONDITIONING","links":[136],"slot_index":0}],"properties":{"showOutputText":true,"horizontal":false}},{"id":75,"type":"Reroute","pos":[2894,-1989],"size":[75,26],"flags":{},"order":41,"mode":0,"inputs":[{"name":"","type":"*","link":140,"widget":{"name":"value"}}],"outputs":[{"name":"INT","type":"INT","links":[141],"slot_index":0}],"properties":{"showOutputText":true,"horizontal":false}},{"id":73,"type":"VAEDecode","pos":[4109,-1392],"size":{"0":210,"1":46},"flags":{},"order":77,"mode":0,"inputs":[{"name":"samples","type":"LATENT","link":137},{"name":"vae","type":"VAE","link":249}],"outputs":[{"name":"IMAGE","type":"IMAGE","links":[238],"shape":3,"slot_index":0}],"properties":{"Node name for S&R":"VAEDecode"}},{"id":70,"type":"Reroute","pos":[2885,-2285],"size":[82,26],"flags":{},"order":53,"mode":0,"inputs":[{"name":"","type":"*","link":131}],"outputs":[{"name":"MODEL","type":"MODEL","links":[132],"slot_index":0}],"properties":{"showOutputText":true,"horizontal":false}},{"id":22,"type":"VAEDecode","pos":[444,-1456],"size":{"0":210,"1":46},"flags":{},"order":50,"mode":0,"inputs":[{"name":"samples","type":"LATENT","link":41},{"name":"vae","type":"VAE","link":205}],"outputs":[{"name":"IMAGE","type":"IMAGE","links":[209,250],"shape":3,"slot_index":0}],"properties":{"Node name for S&R":"VAEDecode"}},{"id":85,"type":"CLIPSetLastLayer","pos":[-2142,-1567],"size":{"0":315,"1":58},"flags":{},"order":11,"mode":0,"inputs":[{"name":"clip","type":"CLIP","link":186}],"outputs":[{"name":"CLIP","type":"CLIP","links":[185],"shape":3,"slot_index":0}],"properties":{"Node name for S&R":"CLIPSetLastLayer"},"widgets_values":[-2],"color":"#222","bgcolor":"#000"},{"id":129,"type":"PreviewImage","pos":[148,-1061],"size":[401.2321609497061,596.05109863281],"flags":{},"order":55,"mode":0,"inputs":[{"name":"images","type":"IMAGE","link":250}],"properties":{"Node name for S&R":"PreviewImage"}},{"id":15,"type":"PreviewImage","pos":[2211,-1083],"size":[407.69890594481876,622.4510986328098],"flags":{},"order":73,"mode":0,"inputs":[{"name":"images","type":"IMAGE","link":231}],"title":"Hand_Refined","properties":{"Node name for S&R":"PreviewImage"}},{"id":120,"type":"PreviewImage","pos":[3162,-1106],"size":[412.96571044921393,638.1176391601539],"flags":{},"order":78,"mode":0,"inputs":[{"name":"images","type":"IMAGE","link":238}],"properties":{"Node name for S&R":"PreviewImage"}},{"id":3,"type":"MeshGraphormer-DepthMapPreprocessor","pos":[1019,-1777],"size":{"0":315,"1":174},"flags":{},"order":58,"mode":0,"inputs":[{"name":"image","type":"IMAGE","link":216,"slot_index":0}],"outputs":[{"name":"IMAGE","type":"IMAGE","links":[3,222],"shape":3,"slot_index":0},{"name":"INPAINTING_MASK","type":"MASK","links":[251],"shape":3,"slot_index":1}],"properties":{"Node name for S&R":"MeshGraphormer-DepthMapPreprocessor"},"widgets_values":[30,512,"based_on_depth",5,88],"color":"#233","bgcolor":"#355"},{"id":131,"type":"MaskToImage","pos":[1116,-1138],"size":{"0":210,"1":26},"flags":{},"order":64,"mode":0,"inputs":[{"name":"mask","type":"MASK","link":251}],"outputs":[{"name":"IMAGE","type":"IMAGE","links":[252],"shape":3,"slot_index":0}],"properties":{"Node name for S&R":"MaskToImage"}},{"id":37,"type":"ImpactSimpleDetectorSEGS","pos":[995,-1543],"size":{"0":315,"1":310},"flags":{},"order":57,"mode":0,"inputs":[{"name":"bbox_detector","type":"BBOX_DETECTOR","link":215,"slot_index":0},{"name":"image","type":"IMAGE","link":210},{"name":"sam_model_opt","type":"SAM_MODEL","link":null,"slot_index":2},{"name":"segm_detector_opt","type":"SEGM_DETECTOR","link":null}],"outputs":[{"name":"SEGS","type":"SEGS","links":[79,80],"shape":3,"slot_index":0}],"properties":{"Node name for S&R":"ImpactSimpleDetectorSEGS"},"widgets_values":[0.5,15,3,10,0.5,0,0,0.7,0],"color":"#432","bgcolor":"#653"},{"id":47,"type":"PreviewImage","pos":[1809,-1072],"size":[245.44680386718665,366.67051743286083],"flags":{},"order":69,"mode":0,"inputs":[{"name":"images","type":"IMAGE","link":82}],"properties":{"Node name for S&R":"PreviewImage"},"color":"#432","bgcolor":"#653"},{"id":44,"type":"SEGSPreview","pos":[1357,-1059],"size":[257.96578979491915,433.85140380859116],"flags":{},"order":60,"mode":0,"inputs":[{"name":"segs","type":"SEGS","link":79},{"name":"fallback_image_opt","type":"IMAGE","link":null}],"outputs":[{"name":"IMAGE","type":"IMAGE","links":null,"shape":6}],"properties":{"Node name for S&R":"SEGSPreview"},"widgets_values":[true,0.2],"color":"#432","bgcolor":"#653"},{"id":5,"type":"PreviewImage","pos":[846,-1039],"size":[200.69914627074945,303.11795654296634],"flags":{},"order":62,"mode":0,"inputs":[{"name":"images","type":"IMAGE","link":3}],"properties":{"Node name for S&R":"PreviewImage"}},{"id":45,"type":"SegsToCombinedMask","pos":[1415,-1409],"size":{"0":210,"1":26},"flags":{},"order":61,"mode":0,"inputs":[{"name":"segs","type":"SEGS","link":80}],"outputs":[{"name":"MASK","type":"MASK","links":[81,84],"shape":3,"slot_index":0}],"properties":{"Node name for S&R":"SegsToCombinedMask"},"color":"#432","bgcolor":"#653"},{"id":132,"type":"PreviewImage","pos":[1114,-1043],"size":[195.4991516113255,295.31760253905986],"flags":{},"order":68,"mode":0,"inputs":[{"name":"images","type":"IMAGE","link":252}],"properties":{"Node name for S&R":"PreviewImage"}},{"id":46,"type":"MaskToImage","pos":[1800,-1154],"size":{"0":210,"1":26},"flags":{},"order":65,"mode":0,"inputs":[{"name":"mask","type":"MASK","link":81}],"outputs":[{"name":"IMAGE","type":"IMAGE","links":[82],"shape":3,"slot_index":0}],"properties":{"Node name for S&R":"MaskToImage"},"color":"#432","bgcolor":"#653"},{"id":13,"type":"KSampler","pos":[2550,-1713],"size":{"0":283.33160400390625,"1":234},"flags":{},"order":70,"mode":0,"inputs":[{"name":"model","type":"MODEL","link":49},{"name":"positive","type":"CONDITIONING","link":166},{"name":"negative","type":"CONDITIONING","link":167},{"name":"latent_image","type":"LATENT","link":85,"slot_index":3},{"name":"seed","type":"INT","link":56,"widget":{"name":"seed"}}],"outputs":[{"name":"LATENT","type":"LATENT","links":[19],"shape":3,"slot_index":0}],"properties":{"Node name for S&R":"KSampler"},"widgets_values":[264023190531890,"randomize",20,8,"ddim","ddim_uniform",1],"color":"#223","bgcolor":"#335"},{"id":87,"type":"ControlNetApplyAdvanced","pos":[2169,-1692],"size":{"0":314.21624755859375,"1":166},"flags":{},"order":67,"mode":0,"inputs":[{"name":"positive","type":"CONDITIONING","link":162},{"name":"negative","type":"CONDITIONING","link":163},{"name":"control_net","type":"CONTROL_NET","link":218},{"name":"image","type":"IMAGE","link":223}],"outputs":[{"name":"positive","type":"CONDITIONING","links":[166],"shape":3,"slot_index":0},{"name":"negative","type":"CONDITIONING","links":[167],"shape":3,"slot_index":1}],"properties":{"Node name for S&R":"ControlNetApplyAdvanced"},"widgets_values":[0.55,0,1],"color":"#233","bgcolor":"#355"},{"id":17,"type":"VAEEncodeForInpaint","pos":[2194,-1449],"size":{"0":315,"1":98},"flags":{},"order":66,"mode":0,"inputs":[{"name":"pixels","type":"IMAGE","link":227},{"name":"vae","type":"VAE","link":63},{"name":"mask","type":"MASK","link":84}],"outputs":[{"name":"LATENT","type":"LATENT","links":[85],"shape":3,"slot_index":0}],"properties":{"Node name for S&R":"VAEEncodeForInpaint"},"widgets_values":[6]}],"links":[[3,3,0,5,0,"IMAGE"],[19,13,0,14,0,"LATENT"],[41,21,0,22,0,"LATENT"],[48,23,0,24,0,"*"],[49,24,0,13,0,"MODEL"],[51,27,0,23,0,"*"],[54,28,0,21,4,"INT"],[56,29,0,13,4,"INT"],[62,32,0,33,0,"*"],[63,33,0,17,1,"VAE"],[79,37,0,44,0,"SEGS"],[80,37,0,45,0,"SEGS"],[81,45,0,46,0,"MASK"],[82,46,0,47,0,"IMAGE"],[84,45,0,17,2,"MASK"],[85,17,0,13,3,"LATENT"],[131,24,0,70,0,"*"],[132,70,0,68,0,"MODEL"],[133,41,0,71,0,"*"],[134,12,0,72,0,"*"],[135,71,0,68,1,"CONDITIONING"],[136,72,0,68,2,"CONDITIONING"],[137,68,0,73,0,"LATENT"],[140,29,0,75,0,"*"],[141,75,0,68,4,"INT"],[145,14,0,76,1,"IMAGE"],[146,76,0,78,0,"IMAGE"],[148,78,0,79,0,"IMAGE"],[149,79,0,68,3,"LATENT"],[151,80,0,79,1,"VAE"],[158,83,1,8,0,"CLIP"],[162,41,0,87,0,"CONDITIONING"],[163,12,0,87,1,"CONDITIONING"],[166,87,0,13,1,"CONDITIONING"],[167,87,1,13,2,"CONDITIONING"],[173,93,0,94,0,"*"],[176,94,0,83,0,"MODEL"],[178,97,0,96,0,"*"],[180,98,0,99,0,"*"],[182,96,0,102,0,"*"],[183,95,0,101,0,"*"],[185,85,0,95,0,"*"],[186,93,1,85,0,"CLIP"],[187,86,0,103,0,"*"],[188,103,0,83,2,"LORA_STACK"],[189,95,0,83,1,"CLIP"],[190,101,0,9,0,"CLIP"],[191,83,0,100,0,"*"],[192,100,0,27,0,"*"],[193,102,0,31,0,"*"],[194,99,0,28,0,"*"],[195,8,0,104,0,"*"],[196,9,0,105,0,"*"],[197,101,0,106,0,"*"],[198,104,0,21,1,"CONDITIONING"],[199,105,0,21,2,"CONDITIONING"],[201,19,0,21,3,"LATENT"],[202,27,0,21,0,"MODEL"],[203,106,0,107,0,"*"],[204,104,0,108,0,"*"],[205,31,0,22,1,"VAE"],[206,105,0,110,0,"*"],[207,28,0,111,0,"*"],[208,111,0,29,0,"*"],[209,22,0,109,0,"*"],[210,109,0,37,1,"IMAGE"],[211,31,0,32,0,"*"],[212,42,0,112,0,"*"],[214,112,0,113,0,"*"],[215,113,0,37,0,"BBOX_DETECTOR"],[216,109,0,3,0,"IMAGE"],[218,114,0,87,2,"CONTROL_NET"],[219,11,0,115,0,"*"],[220,115,0,116,0,"*"],[221,116,0,114,0,"*"],[222,3,0,117,0,"*"],[223,117,0,87,3,"IMAGE"],[224,108,0,41,0,"*"],[225,110,0,12,0,"*"],[226,109,0,118,0,"*"],[227,118,0,17,0,"IMAGE"],[228,33,0,14,1,"VAE"],[231,14,0,15,0,"IMAGE"],[238,73,0,120,0,"IMAGE"],[239,33,0,80,0,"*"],[242,122,0,123,0,"*"],[243,123,0,124,0,"*"],[244,124,0,125,0,"*"],[245,125,0,126,0,"*"],[246,126,0,127,0,"*"],[247,127,0,128,0,"*"],[248,128,0,76,0,"UPSCALE_MODEL"],[249,80,0,73,1,"VAE"],[250,22,0,129,0,"IMAGE"],[251,3,1,131,0,"MASK"],[252,131,0,132,0,"IMAGE"]],"groups":[{"title":"Load Models","bounding":[-2337,-1931,778,1051],"color":"#3f789e","font_size":24,"locked":false},{"title":"Seed and LoRA","bounding":[-1374,-1931,470,389],"color":"#3f789e","font_size":24,"locked":false},{"title":"Conditioning","bounding":[-714,-1932,423,523],"color":"#3f789e","font_size":24,"locked":false},{"title":"Sampling","bounding":[92,-1915,573,558],"color":"#3f789e","font_size":24,"locked":false}],"config":{},"extra":{"workspace_info":{"id":"73ef0d59-7a29-41b2-90be-6bbeaeb850a6","name":"Detailer-Hands-CNetAux-Txt2Img-Inpaint"}},"version":0.4}