{"last_node_id":27,"last_link_id":40,"nodes":[{"id":6,"type":"CLIPTextEncode","pos":[80,360],"size":{"0":422.84503173828125,"1":164.31304931640625},"flags":{},"order":4,"mode":0,"inputs":[{"name":"clip","type":"CLIP","link":3,"label":"CLIP"}],"outputs":[{"name":"CONDITIONING","type":"CONDITIONING","links":[23],"slot_index":0,"label":"条件"}],"properties":{"Node name for S&R":"CLIPTextEncode"},"widgets_values":["(best quality, masterpiece), full body photo, 1 girl, black hair, black dress, high heels, 8K"],"color":"#232","bgcolor":"#353"},{"id":7,"type":"CLIPTextEncode","pos":[80,590],"size":{"0":425.27801513671875,"1":180.6060791015625},"flags":{},"order":5,"mode":0,"inputs":[{"name":"clip","type":"CLIP","link":5,"label":"CLIP"}],"outputs":[{"name":"CONDITIONING","type":"CONDITIONING","links":[24],"slot_index":0,"label":"条件"}],"properties":{"Node name for S&R":"CLIPTextEncode"},"widgets_values":["nsfw, nude, (worst quality:1.6), (low quality:1.6), (normal quality:1.6), text, logo, watermark, signature"],"color":"#322","bgcolor":"#533"},{"id":5,"type":"EmptyLatentImage","pos":[620,70],"size":{"0":315,"1":106},"flags":{},"order":0,"mode":0,"outputs":[{"name":"LATENT","type":"LATENT","links":[17],"slot_index":0,"label":"Latent"}],"properties":{"Node name for S&R":"EmptyLatentImage"},"widgets_values":[512,512,1]},{"id":10,"type":"PreviewImage","pos":[1980,60],"size":{"0":550,"1":560},"flags":{},"order":10,"mode":0,"inputs":[{"name":"images","type":"IMAGE","link":10,"label":"图像"}],"properties":{"Node name for S&R":"PreviewImage"}},{"id":20,"type":"PreviewImage","pos":[2860,670],"size":{"0":210,"1":250},"flags":{},"order":13,"mode":0,"inputs":[{"name":"images","type":"IMAGE","link":34,"label":"图像"}],"properties":{"Node name for S&R":"PreviewImage"}},{"id":23,"type":"PreviewImage","pos":[2560,980],"size":{"0":210,"1":250},"flags":{},"order":16,"mode":0,"inputs":[{"name":"images","type":"IMAGE","link":37,"label":"图像"}],"properties":{"Node name for S&R":"PreviewImage"}},{"id":22,"type":"MaskToImage","pos":[2310,980],"size":{"0":210,"1":26},"flags":{},"order":15,"mode":0,"inputs":[{"name":"mask","type":"MASK","link":36,"label":"遮罩"}],"outputs":[{"name":"IMAGE","type":"IMAGE","links":[37],"shape":3,"slot_index":0,"label":"图像"}],"properties":{"Node name for S&R":"MaskToImage"}},{"id":4,"type":"CheckpointLoaderSimple","pos":[100,70],"size":{"0":315,"1":122},"flags":{},"order":1,"mode":0,"outputs":[{"name":"MODEL","type":"MODEL","links":[18],"slot_index":0,"label":"模型"},{"name":"CLIP","type":"CLIP","links":[3,5,19],"slot_index":1,"label":"CLIP"},{"name":"VAE","type":"VAE","links":[20],"slot_index":2,"label":"VAE"}],"properties":{"Node name for S&R":"CheckpointLoaderSimple"},"widgets_values":["3Guofeng3_v34.safetensors",null]},{"id":8,"type":"VAEDecode","pos":[1433,324],"size":{"0":210,"1":46},"flags":{},"order":9,"mode":0,"inputs":[{"name":"samples","type":"LATENT","link":25,"slot_index":0,"label":"Latent"},{"name":"vae","type":"VAE","link":26,"label":"VAE"}],"outputs":[{"name":"IMAGE","type":"IMAGE","links":[10,33],"slot_index":0,"label":"图像"}],"properties":{"Node name for S&R":"VAEDecode"}},{"id":16,"type":"BasicPipeToDetailerPipe","pos":[1037,767],"size":{"0":400,"1":204},"flags":{},"order":8,"mode":0,"inputs":[{"name":"basic_pipe","type":"BASIC_PIPE","link":40,"label":"基础节点束"},{"name":"bbox_detector","type":"BBOX_DETECTOR","link":30,"slot_index":1,"label":"BBox检测"},{"name":"sam_model_opt","type":"SAM_MODEL","link":31,"slot_index":2,"label":"SAM模型"},{"name":"segm_detector_opt","type":"SEGM_DETECTOR","link":null,"label":"Segm检测"},{"name":"detailer_hook","type":"DETAILER_HOOK","link":null,"label":"细化约束"}],"outputs":[{"name":"detailer_pipe","type":"DETAILER_PIPE","links":[29],"shape":3,"slot_index":0,"label":"细化节点束"}],"properties":{"Node name for S&R":"BasicPipeToDetailerPipe"},"widgets_values":["","Select the LoRA to add to the text","Select the Wildcard to add to the text"]},{"id":12,"type":"ToBasicPipe","pos":[731,488],"size":{"0":241.79998779296875,"1":106},"flags":{},"order":6,"mode":0,"inputs":[{"name":"model","type":"MODEL","link":18,"label":"模型"},{"name":"clip","type":"CLIP","link":19,"label":"CLIP"},{"name":"vae","type":"VAE","link":20,"label":"VAE"},{"name":"positive","type":"CONDITIONING","link":23,"label":"正面条件"},{"name":"negative","type":"CONDITIONING","link":24,"label":"负面条件"}],"outputs":[{"name":"basic_pipe","type":"BASIC_PIPE","links":[16],"shape":3,"slot_index":0,"label":"基础节点束"}],"properties":{"Node name for S&R":"ToBasicPipe"}},{"id":13,"type":"ImpactKSamplerBasicPipe","pos":[1040,300],"size":{"0":315,"1":242},"flags":{},"order":7,"mode":0,"inputs":[{"name":"basic_pipe","type":"BASIC_PIPE","link":16,"label":"基础节点束"},{"name":"latent_image","type":"LATENT","link":17,"label":"Latent"}],"outputs":[{"name":"BASIC_PIPE","type":"BASIC_PIPE","links":[40],"shape":3,"slot_index":0,"label":"基础节点束"},{"name":"LATENT","type":"LATENT","links":[25],"shape":3,"slot_index":1,"label":"Latent"},{"name":"VAE","type":"VAE","links":[26],"shape":3,"slot_index":2,"label":"VAE"}],"properties":{"Node name for S&R":"ImpactKSamplerBasicPipe"},"widgets_values":[820528470806995,"randomize",20,8,"euler","normal",1]},{"id":17,"type":"UltralyticsDetectorProvider","pos":[649,802],"size":{"0":315,"1":78},"flags":{},"order":2,"mode":0,"outputs":[{"name":"BBOX_DETECTOR","type":"BBOX_DETECTOR","links":[30],"shape":3,"slot_index":0,"label":"BBox检测"},{"name":"SEGM_DETECTOR","type":"SEGM_DETECTOR","links":[],"shape":3,"label":"SEGM检测","slot_index":1}],"properties":{"Node name for S&R":"UltralyticsDetectorProvider"},"widgets_values":["bbox/face_yolov8m.pt"]},{"id":18,"type":"SAMLoader","pos":[602,929],"size":{"0":315,"1":82},"flags":{},"order":3,"mode":0,"outputs":[{"name":"SAM_MODEL","type":"SAM_MODEL","links":[31],"shape":3,"label":"SAM模型"}],"properties":{"Node name for S&R":"SAMLoader"},"widgets_values":["sam_vit_b_01ec64.pth","AUTO"]},{"id":21,"type":"PreviewImage","pos":[2126,1116],"size":{"0":210,"1":250},"flags":{},"order":14,"mode":0,"inputs":[{"name":"images","type":"IMAGE","link":35,"label":"图像"}],"properties":{"Node name for S&R":"PreviewImage"}},{"id":19,"type":"PreviewImage","pos":[2263,1463],"size":{"0":540,"1":550},"flags":{},"order":12,"mode":0,"inputs":[{"name":"images","type":"IMAGE","link":32,"label":"图像"}],"properties":{"Node name for S&R":"PreviewImage"}},{"id":14,"type":"FaceDetailerPipe","pos":[1507,867],"size":{"0":456,"1":782},"flags":{},"order":11,"mode":0,"inputs":[{"name":"image","type":"IMAGE","link":33,"label":"图像"},{"name":"detailer_pipe","type":"DETAILER_PIPE","link":29,"label":"细化节点束"}],"outputs":[{"name":"image","type":"IMAGE","links":[32],"shape":3,"slot_index":0,"label":"图像"},{"name":"cropped_refined","type":"IMAGE","links":[34],"shape":6,"slot_index":1,"label":"细化图像"},{"name":"cropped_enhanced_alpha","type":"IMAGE","links":[35],"shape":6,"slot_index":2,"label":"细化部分"},{"name":"mask","type":"MASK","links":[36],"shape":3,"slot_index":3,"label":"遮罩"},{"name":"detailer_pipe","type":"DETAILER_PIPE","links":null,"shape":3},{"name":"cnet_images","type":"IMAGE","links":null,"shape":6,"label":"ControlNet图像"}],"properties":{"Node name for S&R":"FaceDetailerPipe"},"widgets_values":[384,true,1024,1050777089708135,"randomize",20,8,"euler","normal",0.5,5,true,false,0.5,10,3,"center-1",0,0.93,0,0.7,"False",10,0.2,1,false,0]}],"links":[[3,4,1,6,0,"CLIP"],[5,4,1,7,0,"CLIP"],[10,8,0,10,0,"IMAGE"],[16,12,0,13,0,"BASIC_PIPE"],[17,5,0,13,1,"LATENT"],[18,4,0,12,0,"MODEL"],[19,4,1,12,1,"CLIP"],[20,4,2,12,2,"VAE"],[23,6,0,12,3,"CONDITIONING"],[24,7,0,12,4,"CONDITIONING"],[25,13,1,8,0,"LATENT"],[26,13,2,8,1,"VAE"],[29,16,0,14,1,"DETAILER_PIPE"],[30,17,0,16,1,"BBOX_DETECTOR"],[31,18,0,16,2,"SAM_MODEL"],[32,14,0,19,0,"IMAGE"],[33,8,0,14,0,"IMAGE"],[34,14,1,20,0,"IMAGE"],[35,14,2,21,0,"IMAGE"],[36,14,3,22,0,"MASK"],[37,22,0,23,0,"IMAGE"],[40,13,0,16,0,"BASIC_PIPE"]],"groups":[],"config":{},"extra":{"workspace_info":{"id":"b47301e9-bb9c-4d92-98eb-114935b94116","name":"Detailer-Face-ImpactPack-Txt2Img"}},"version":0.4}