{"last_node_id":82,"last_link_id":135,"nodes":[{"id":17,"type":"Reroute","pos":[696,20],"size":[132.39999999999998,26],"flags":{},"order":12,"mode":0,"inputs":[{"name":"","type":"*","link":15}],"outputs":[{"name":"CONTROL_NET","type":"CONTROL_NET","links":[18],"slot_index":0}],"properties":{"showOutputText":true,"horizontal":false}},{"id":10,"type":"Reroute","pos":[693,58],"size":[82,26],"flags":{},"order":13,"mode":0,"inputs":[{"name":"","type":"*","link":10}],"outputs":[{"name":"MODEL","type":"MODEL","links":[19],"slot_index":0}],"properties":{"showOutputText":true,"horizontal":false}},{"id":13,"type":"Reroute","pos":[691,96],"size":[75,26],"flags":{},"order":14,"mode":0,"inputs":[{"name":"","type":"*","link":13}],"outputs":[{"name":"CLIP","type":"CLIP","links":[16,17,20],"slot_index":0}],"properties":{"showOutputText":true,"horizontal":false}},{"id":14,"type":"Reroute","pos":[691,140],"size":[75,26],"flags":{},"order":8,"mode":0,"inputs":[{"name":"","type":"*","link":14}],"outputs":[{"name":"VAE","type":"VAE","links":[21],"slot_index":0}],"properties":{"showOutputText":true,"horizontal":false}},{"id":18,"type":"Reroute","pos":[1418,21],"size":[132.39999999999998,26],"flags":{},"order":19,"mode":0,"inputs":[{"name":"","type":"*","link":18}],"outputs":[{"name":"CONTROL_NET","type":"CONTROL_NET","links":[28],"slot_index":0}],"properties":{"showOutputText":true,"horizontal":false}},{"id":19,"type":"Reroute","pos":[1420,59],"size":[82,26],"flags":{},"order":20,"mode":0,"inputs":[{"name":"","type":"*","link":19}],"outputs":[{"name":"MODEL","type":"MODEL","links":[24,29],"slot_index":0}],"properties":{"showOutputText":true,"horizontal":false}},{"id":20,"type":"Reroute","pos":[1420,97],"size":[75,26],"flags":{},"order":23,"mode":0,"inputs":[{"name":"","type":"*","link":20}],"outputs":[{"name":"CLIP","type":"CLIP","links":[30],"slot_index":0}],"properties":{"showOutputText":true,"horizontal":false}},{"id":21,"type":"Reroute","pos":[1421,139],"size":[75,26],"flags":{},"order":15,"mode":0,"inputs":[{"name":"","type":"*","link":21}],"outputs":[{"name":"VAE","type":"VAE","links":[27,31],"slot_index":0}],"properties":{"showOutputText":true,"horizontal":false}},{"id":25,"type":"Reroute","pos":[2396,20],"size":[132.39999999999998,26],"flags":{},"order":28,"mode":0,"inputs":[{"name":"","type":"*","link":28}],"outputs":[{"name":"CONTROL_NET","type":"CONTROL_NET","links":[35],"slot_index":0}],"properties":{"showOutputText":true,"horizontal":false}},{"id":22,"type":"Reroute","pos":[1422,179],"size":[140.8,26],"flags":{},"order":30,"mode":0,"inputs":[{"name":"","type":"*","link":22}],"outputs":[{"name":"CONDITIONING","type":"CONDITIONING","links":[25,36],"slot_index":0}],"properties":{"showOutputText":true,"horizontal":false}},{"id":23,"type":"Reroute","pos":[1422,220],"size":[140.8,26],"flags":{},"order":31,"mode":0,"inputs":[{"name":"","type":"*","link":23}],"outputs":[{"name":"CONDITIONING","type":"CONDITIONING","links":[26,37],"slot_index":0}],"properties":{"showOutputText":true,"horizontal":false}},{"id":26,"type":"Reroute","pos":[2399,60],"size":[82,26],"flags":{},"order":29,"mode":0,"inputs":[{"name":"","type":"*","link":29}],"outputs":[{"name":"MODEL","type":"MODEL","links":[38],"slot_index":0}],"properties":{"showOutputText":true,"horizontal":false}},{"id":27,"type":"Reroute","pos":[2398,96],"size":[75,26],"flags":{},"order":32,"mode":0,"inputs":[{"name":"","type":"*","link":30}],"outputs":[{"name":"CLIP","type":"CLIP","links":[39],"slot_index":0}],"properties":{"showOutputText":true,"horizontal":false}},{"id":28,"type":"Reroute","pos":[2398,140],"size":[75,26],"flags":{},"order":24,"mode":0,"inputs":[{"name":"","type":"*","link":31}],"outputs":[{"name":"VAE","type":"VAE","links":[40],"slot_index":0}],"properties":{"showOutputText":true,"horizontal":false}},{"id":33,"type":"Reroute","pos":[2397,180],"size":[140.8,26],"flags":{},"order":38,"mode":0,"inputs":[{"name":"","type":"*","link":36}],"outputs":[{"name":"CONDITIONING","type":"CONDITIONING","links":[41],"slot_index":0}],"properties":{"showOutputText":true,"horizontal":false}},{"id":34,"type":"Reroute","pos":[2399,220],"size":[140.8,26],"flags":{},"order":40,"mode":0,"inputs":[{"name":"","type":"*","link":37}],"outputs":[{"name":"CONDITIONING","type":"CONDITIONING","links":[42],"slot_index":0}],"properties":{"showOutputText":true,"horizontal":false}},{"id":32,"type":"Reroute","pos":[3200,20],"size":[132.39999999999998,26],"flags":{},"order":36,"mode":0,"inputs":[{"name":"","type":"*","link":35}],"outputs":[{"name":"CONTROL_NET","type":"CONTROL_NET","links":[45],"slot_index":0}],"properties":{"showOutputText":true,"horizontal":false}},{"id":35,"type":"Reroute","pos":[3200,60],"size":[82,26],"flags":{},"order":37,"mode":0,"inputs":[{"name":"","type":"*","link":38}],"outputs":[{"name":"MODEL","type":"MODEL","links":[50],"slot_index":0}],"properties":{"showOutputText":true,"horizontal":false}},{"id":46,"type":"Reroute","pos":[697,-20],"size":[149.2,26],"flags":{},"order":9,"mode":0,"inputs":[{"name":"","type":"*","link":57}],"outputs":[{"name":"BBOX_DETECTOR","type":"BBOX_DETECTOR","links":[58],"slot_index":0}],"properties":{"showOutputText":true,"horizontal":false}},{"id":47,"type":"Reroute","pos":[1420,-21],"size":[149.2,26],"flags":{},"order":16,"mode":0,"inputs":[{"name":"","type":"*","link":58}],"outputs":[{"name":"BBOX_DETECTOR","type":"BBOX_DETECTOR","links":[59],"slot_index":0}],"properties":{"showOutputText":true,"horizontal":false}},{"id":49,"type":"Reroute","pos":[3200,-20],"size":[149.2,26],"flags":{},"order":34,"mode":0,"inputs":[{"name":"","type":"*","link":60}],"outputs":[{"name":"BBOX_DETECTOR","type":"BBOX_DETECTOR","links":null}],"properties":{"showOutputText":true,"horizontal":false}},{"id":48,"type":"Reroute","pos":[2398,-20],"size":[149.2,26],"flags":{},"order":25,"mode":0,"inputs":[{"name":"","type":"*","link":59}],"outputs":[{"name":"BBOX_DETECTOR","type":"BBOX_DETECTOR","links":[60,61],"slot_index":0}],"properties":{"showOutputText":true,"horizontal":false}},{"id":36,"type":"Reroute","pos":[3200,96],"size":[75,26],"flags":{},"order":41,"mode":0,"inputs":[{"name":"","type":"*","link":39}],"outputs":[{"name":"CLIP","type":"CLIP","links":null}],"properties":{"showOutputText":true,"horizontal":false}},{"id":12,"type":"VAELoader","pos":[147,1016],"size":{"0":389.66070556640625,"1":59.08485412597656},"flags":{},"order":0,"mode":0,"outputs":[{"name":"VAE","type":"VAE","links":[14],"shape":3,"slot_index":0}],"properties":{"Node name for S&R":"VAELoader"},"widgets_values":["vae-ft-mse-840000-ema-pruned.safetensors"]},{"id":45,"type":"UltralyticsDetectorProvider","pos":[168,611],"size":{"0":315,"1":78},"flags":{},"order":1,"mode":0,"outputs":[{"name":"BBOX_DETECTOR","type":"BBOX_DETECTOR","links":[57],"shape":3,"slot_index":0},{"name":"SEGM_DETECTOR","type":"SEGM_DETECTOR","links":null,"shape":3}],"properties":{"Node name for S&R":"UltralyticsDetectorProvider"},"widgets_values":["bbox/hand_yolov8s.pt"]},{"id":53,"type":"SAMLoader","pos":[123,443],"size":{"0":315,"1":82},"flags":{},"order":2,"mode":0,"outputs":[{"name":"SAM_MODEL","type":"SAM_MODEL","links":[68],"shape":3,"slot_index":0}],"properties":{"Node name for S&R":"SAMLoader"},"widgets_values":["sam_vit_b_01ec64.pth","AUTO"]},{"id":54,"type":"Reroute","pos":[701,-67],"size":[115.6,26],"flags":{},"order":10,"mode":0,"inputs":[{"name":"","type":"*","link":68}],"outputs":[{"name":"SAM_MODEL","type":"SAM_MODEL","links":[69],"slot_index":0}],"properties":{"showOutputText":true,"horizontal":false}},{"id":55,"type":"Reroute","pos":[1421,-68],"size":[115.6,26],"flags":{},"order":17,"mode":0,"inputs":[{"name":"","type":"*","link":69}],"outputs":[{"name":"SAM_MODEL","type":"SAM_MODEL","links":[70],"slot_index":0}],"properties":{"showOutputText":true,"horizontal":false}},{"id":57,"type":"Reroute","pos":[3205,-67],"size":[115.6,26],"flags":{},"order":35,"mode":0,"inputs":[{"name":"","type":"*","link":71}],"outputs":[{"name":"SAM_MODEL","type":"SAM_MODEL","links":null}],"properties":{"showOutputText":true,"horizontal":false}},{"id":56,"type":"Reroute","pos":[2401,-68],"size":[115.6,26],"flags":{},"order":26,"mode":0,"inputs":[{"name":"","type":"*","link":70}],"outputs":[{"name":"SAM_MODEL","type":"SAM_MODEL","links":[71],"slot_index":0}],"properties":{"showOutputText":true,"horizontal":false}},{"id":59,"type":"UpscaleModelLoader","pos":[4402.901556604003,443.0204844238284],"size":{"0":315,"1":58},"flags":{},"order":3,"mode":0,"outputs":[{"name":"UPSCALE_MODEL","type":"UPSCALE_MODEL","links":[73],"shape":3}],"properties":{"Node name for S&R":"UpscaleModelLoader"},"widgets_values":["4x-AnimeSharp.pth"]},{"id":8,"type":"VAEDecode","pos":[2062.5991394042976,944.4000457763673],"size":{"0":210,"1":46},"flags":{},"order":43,"mode":0,"inputs":[{"name":"samples","type":"LATENT","link":7},{"name":"vae","type":"VAE","link":27}],"outputs":[{"name":"IMAGE","type":"IMAGE","links":[12,32],"slot_index":0}],"properties":{"Node name for S&R":"VAEDecode"}},{"id":64,"type":"CR Seed","pos":[935.5336120605465,440.20003662109383],"size":{"0":276.80462646484375,"1":102},"flags":{},"order":4,"mode":0,"outputs":[{"name":"seed","type":"INT","links":[86],"shape":3,"slot_index":0},{"name":"show_help","type":"STRING","links":null,"shape":3}],"properties":{"Node name for S&R":"CR Seed"},"widgets_values":[846796359717859,"randomize"]},{"id":29,"type":"Reroute","pos":[2400,306],"size":[82,26],"flags":{},"order":46,"mode":0,"inputs":[{"name":"","type":"*","link":32}],"outputs":[{"name":"IMAGE","type":"IMAGE","links":[33,46,78],"slot_index":0}],"properties":{"showOutputText":true,"horizontal":false}},{"id":65,"type":"Reroute","pos":[1426,262],"size":[75,26],"flags":{},"order":11,"mode":0,"inputs":[{"name":"","type":"*","link":86,"widget":{"name":"value"}}],"outputs":[{"name":"INT","type":"INT","links":[87,88],"slot_index":0}],"properties":{"showOutputText":true,"horizontal":false}},{"id":66,"type":"Reroute","pos":[2403,262],"size":[75,26],"flags":{},"order":18,"mode":0,"inputs":[{"name":"","type":"*","link":88,"widget":{"name":"value"}}],"outputs":[{"name":"INT","type":"INT","links":[89],"slot_index":0}],"properties":{"showOutputText":true,"horizontal":false}},{"id":67,"type":"Reroute","pos":[3199,261],"size":[75,26],"flags":{},"order":27,"mode":0,"inputs":[{"name":"","type":"*","link":89,"widget":{"name":"value"}}],"outputs":[{"name":"INT","type":"INT","links":[90],"slot_index":0}],"properties":{"showOutputText":true,"horizontal":false}},{"id":43,"type":"VAEDecode","pos":[4044.074516467289,916.5160168609614],"size":{"0":210,"1":46},"flags":{},"order":62,"mode":0,"inputs":[{"name":"samples","type":"LATENT","link":54},{"name":"vae","type":"VAE","link":56}],"outputs":[{"name":"IMAGE","type":"IMAGE","links":[55,74],"shape":3,"slot_index":0}],"properties":{"Node name for S&R":"VAEDecode"}},{"id":16,"type":"ControlNetLoader","pos":[96,737],"size":{"0":455.20867919921875,"1":58},"flags":{},"order":5,"mode":0,"outputs":[{"name":"CONTROL_NET","type":"CONTROL_NET","links":[15],"shape":3,"slot_index":0}],"properties":{"Node name for S&R":"ControlNetLoader"},"widgets_values":["control_sd15_inpaint_depth_hand_fp16.safetensors"]},{"id":38,"type":"Reroute","pos":[3201,180],"size":[140.8,26],"flags":{},"order":42,"mode":0,"inputs":[{"name":"","type":"*","link":41}],"outputs":[{"name":"CONDITIONING","type":"CONDITIONING","links":[95],"slot_index":0}],"properties":{"showOutputText":true,"horizontal":false}},{"id":39,"type":"Reroute","pos":[3200,220],"size":[140.8,26],"flags":{},"order":44,"mode":0,"inputs":[{"name":"","type":"*","link":42}],"outputs":[{"name":"CONDITIONING","type":"CONDITIONING","links":[44],"slot_index":0}],"properties":{"showOutputText":true,"horizontal":false}},{"id":58,"type":"ImageUpscaleWithModel","pos":[4478.8359474731415,655.4204050781249],"size":{"0":241.79998779296875,"1":46},"flags":{},"order":64,"mode":0,"inputs":[{"name":"upscale_model","type":"UPSCALE_MODEL","link":73,"slot_index":0},{"name":"image","type":"IMAGE","link":74}],"outputs":[{"name":"IMAGE","type":"IMAGE","links":[75],"shape":3,"slot_index":0}],"properties":{"Node name for S&R":"ImageUpscaleWithModel"}},{"id":31,"type":"ControlNetApplyAdvanced","pos":[3546.074516467289,597.5160168609614],"size":{"0":315,"1":166},"flags":{},"order":52,"mode":0,"inputs":[{"name":"positive","type":"CONDITIONING","link":95},{"name":"negative","type":"CONDITIONING","link":44},{"name":"control_net","type":"CONTROL_NET","link":45},{"name":"image","type":"IMAGE","link":122}],"outputs":[{"name":"positive","type":"CONDITIONING","links":[94],"shape":3,"slot_index":0},{"name":"negative","type":"CONDITIONING","links":[49],"shape":3,"slot_index":1}],"properties":{"Node name for S&R":"ControlNetApplyAdvanced"},"widgets_values":[0.55,0,1]},{"id":7,"type":"CLIPTextEncode","pos":[884.5336120605465,827.2000366210939],"size":{"0":425.27801513671875,"1":180.6060791015625},"flags":{},"order":22,"mode":0,"inputs":[{"name":"clip","type":"CLIP","link":17}],"outputs":[{"name":"CONDITIONING","type":"CONDITIONING","links":[23],"slot_index":0}],"properties":{"Node name for S&R":"CLIPTextEncode"},"widgets_values":["nsfw, nude, (worst quality:1.6), (low quality:1.6), (normal quality:1.6), fake, ugly, deformed, text, logo, watermark, signature, embedding:bhands-neg"],"color":"#322","bgcolor":"#533"},{"id":6,"type":"CLIPTextEncode","pos":[887.5336120605465,604.2000366210939],"size":{"0":422.84503173828125,"1":164.31304931640625},"flags":{},"order":21,"mode":0,"inputs":[{"name":"clip","type":"CLIP","link":16}],"outputs":[{"name":"CONDITIONING","type":"CONDITIONING","links":[22],"slot_index":0}],"properties":{"Node name for S&R":"CLIPTextEncode"},"widgets_values":["1 woman, dramatic hand pose"],"color":"#232","bgcolor":"#353"},{"id":37,"type":"Reroute","pos":[3200,140],"size":[75,26],"flags":{},"order":33,"mode":0,"inputs":[{"name":"","type":"*","link":40}],"outputs":[{"name":"VAE","type":"VAE","links":[56],"slot_index":0}],"properties":{"showOutputText":true,"horizontal":false}},{"id":40,"type":"Reroute","pos":[3202,305],"size":[82,26],"flags":{},"order":48,"mode":0,"inputs":[{"name":"","type":"*","link":46}],"outputs":[{"name":"IMAGE","type":"IMAGE","links":[],"slot_index":0}],"properties":{"showOutputText":true,"horizontal":false}},{"id":5,"type":"EmptyLatentImage","pos":[1814.5991394042958,452.40004577636694],"size":{"0":315,"1":106},"flags":{},"order":6,"mode":0,"outputs":[{"name":"LATENT","type":"LATENT","links":[2],"slot_index":0}],"properties":{"Node name for S&R":"EmptyLatentImage"},"widgets_values":[512,768,1]},{"id":4,"type":"CheckpointLoaderSimple","pos":[136,862],"size":{"0":339.0298767089844,"1":98},"flags":{},"order":7,"mode":0,"outputs":[{"name":"MODEL","type":"MODEL","links":[10],"slot_index":0},{"name":"CLIP","type":"CLIP","links":[13],"slot_index":1},{"name":"VAE","type":"VAE","links":[],"slot_index":2}],"properties":{"Node name for S&R":"CheckpointLoaderSimple"},"widgets_values":["cardosAnimated_v30.safetensors"]},{"id":11,"type":"PreviewImage","pos":[1703,1112],"size":[434.05082031250004,640.7901379394534],"flags":{},"order":45,"mode":0,"inputs":[{"name":"images","type":"IMAGE","link":12}],"properties":{"Node name for S&R":"PreviewImage"}},{"id":44,"type":"PreviewImage","pos":[3733,1109],"size":[416.5228203125007,613.6208587646486],"flags":{},"order":63,"mode":0,"inputs":[{"name":"images","type":"IMAGE","link":55}],"properties":{"Node name for S&R":"PreviewImage"}},{"id":60,"type":"PreviewImage","pos":[4297,1105],"size":[421.30370361328187,637.1421379394533],"flags":{},"order":65,"mode":0,"inputs":[{"name":"images","type":"IMAGE","link":75}],"properties":{"Node name for S&R":"PreviewImage"}},{"id":51,"type":"SegsToCombinedMask","pos":[2958,956],"size":{"0":210,"1":26},"flags":{},"order":54,"mode":0,"inputs":[{"name":"segs","type":"SEGS","link":63}],"outputs":[{"name":"MASK","type":"MASK","links":[107,133],"shape":3,"slot_index":0}],"properties":{"Node name for S&R":"SegsToCombinedMask"}},{"id":3,"type":"KSampler","pos":[1698.5991394042958,642.4000457763673],"size":{"0":315,"1":262},"flags":{},"order":39,"mode":0,"inputs":[{"name":"model","type":"MODEL","link":24},{"name":"positive","type":"CONDITIONING","link":25},{"name":"negative","type":"CONDITIONING","link":26},{"name":"latent_image","type":"LATENT","link":2},{"name":"seed","type":"INT","link":87,"widget":{"name":"seed"}}],"outputs":[{"name":"LATENT","type":"LATENT","links":[7,134],"slot_index":0}],"properties":{"Node name for S&R":"KSampler"},"widgets_values":[817362188576537,"randomize",30,7,"dpmpp_2m","karras",1]},{"id":41,"type":"KSampler","pos":[3944.074516467289,431.51601686096177],"size":{"0":315,"1":262},"flags":{},"order":61,"mode":0,"inputs":[{"name":"model","type":"MODEL","link":50},{"name":"positive","type":"CONDITIONING","link":94},{"name":"negative","type":"CONDITIONING","link":49},{"name":"latent_image","type":"LATENT","link":135},{"name":"seed","type":"INT","link":90,"widget":{"name":"seed"}}],"outputs":[{"name":"LATENT","type":"LATENT","links":[54],"shape":3,"slot_index":0}],"properties":{"Node name for S&R":"KSampler"},"widgets_values":[547295605625377,"randomize",20,7,"ddim","ddim_uniform",0.9]},{"id":82,"type":"SetLatentNoiseMask","pos":[3684,882],"size":{"0":210,"1":46},"flags":{},"order":58,"mode":0,"inputs":[{"name":"samples","type":"LATENT","link":134},{"name":"mask","type":"MASK","link":133}],"outputs":[{"name":"LATENT","type":"LATENT","links":[135],"shape":3,"slot_index":0}],"properties":{"Node name for S&R":"SetLatentNoiseMask"}},{"id":50,"type":"ImpactSimpleDetectorSEGS","pos":[2617,686],"size":{"0":315,"1":310},"flags":{},"order":49,"mode":0,"inputs":[{"name":"bbox_detector","type":"BBOX_DETECTOR","link":61},{"name":"image","type":"IMAGE","link":78},{"name":"sam_model_opt","type":"SAM_MODEL","link":null},{"name":"segm_detector_opt","type":"SEGM_DETECTOR","link":null}],"outputs":[{"name":"SEGS","type":"SEGS","links":[63],"shape":3,"slot_index":0}],"properties":{"Node name for S&R":"ImpactSimpleDetectorSEGS"},"widgets_values":[0.5,15,3,10,0.5,0,0,0.7,0]},{"id":24,"type":"MeshGraphormer-DepthMapPreprocessor","pos":[2626,448],"size":{"0":315,"1":174},"flags":{},"order":47,"mode":0,"inputs":[{"name":"image","type":"IMAGE","link":33}],"outputs":[{"name":"IMAGE","type":"IMAGE","links":[34,102,122],"shape":3,"slot_index":0},{"name":"INPAINTING_MASK","type":"MASK","links":[115],"shape":3,"slot_index":1}],"properties":{"Node name for S&R":"MeshGraphormer-DepthMapPreprocessor"},"widgets_values":[30,512,"based_on_depth",5,88]},{"id":69,"type":"MaskToImage","pos":[2408,1140],"size":{"0":210,"1":26},"flags":{},"order":57,"mode":0,"inputs":[{"name":"mask","type":"MASK","link":107}],"outputs":[{"name":"IMAGE","type":"IMAGE","links":[99],"shape":3,"slot_index":0}],"properties":{"Node name for S&R":"MaskToImage"}},{"id":73,"type":"MaskToImage","pos":[3077,1212],"size":{"0":210,"1":26},"flags":{},"order":55,"mode":0,"inputs":[{"name":"mask","type":"MASK","link":108}],"outputs":[{"name":"IMAGE","type":"IMAGE","links":[109],"shape":3,"slot_index":0}],"properties":{"Node name for S&R":"MaskToImage"}},{"id":72,"type":"Image To Mask","pos":[3077,1104],"size":{"0":210,"1":58},"flags":{},"order":51,"mode":0,"inputs":[{"name":"image","type":"IMAGE","link":102}],"outputs":[{"name":"MASK","type":"MASK","links":[108],"shape":3,"slot_index":0}],"properties":{"Node name for S&R":"Image To Mask"},"widgets_values":["intensity"]},{"id":78,"type":"MaskToImage","pos":[3388,1208],"size":{"0":210,"1":26},"flags":{},"order":53,"mode":0,"inputs":[{"name":"mask","type":"MASK","link":115}],"outputs":[{"name":"IMAGE","type":"IMAGE","links":[116],"shape":3,"slot_index":0}],"properties":{"Node name for S&R":"MaskToImage"}},{"id":30,"type":"PreviewImage","pos":[2732,1312],"size":{"0":298.3255920410156,"1":360.06829833984375},"flags":{},"order":50,"mode":0,"inputs":[{"name":"images","type":"IMAGE","link":34}],"properties":{"Node name for S&R":"PreviewImage"}},{"id":70,"type":"PreviewImage","pos":[2399,1310],"size":{"0":285.1722106933594,"1":363.5215148925781},"flags":{},"order":60,"mode":0,"inputs":[{"name":"images","type":"IMAGE","link":99}],"properties":{"Node name for S&R":"PreviewImage"}},{"id":74,"type":"PreviewImage","pos":[3060,1310],"size":[278.27508898925817,369.042840576172],"flags":{},"order":59,"mode":0,"inputs":[{"name":"images","type":"IMAGE","link":109}],"properties":{"Node name for S&R":"PreviewImage"}},{"id":79,"type":"PreviewImage","pos":[3379,1310],"size":{"0":251.2388916015625,"1":359.3883056640625},"flags":{},"order":56,"mode":0,"inputs":[{"name":"images","type":"IMAGE","link":116}],"properties":{"Node name for S&R":"PreviewImage"}}],"links":[[2,5,0,3,3,"LATENT"],[7,3,0,8,0,"LATENT"],[10,4,0,10,0,"*"],[12,8,0,11,0,"IMAGE"],[13,4,1,13,0,"*"],[14,12,0,14,0,"*"],[15,16,0,17,0,"*"],[16,13,0,6,0,"CLIP"],[17,13,0,7,0,"CLIP"],[18,17,0,18,0,"*"],[19,10,0,19,0,"*"],[20,13,0,20,0,"*"],[21,14,0,21,0,"*"],[22,6,0,22,0,"*"],[23,7,0,23,0,"*"],[24,19,0,3,0,"MODEL"],[25,22,0,3,1,"CONDITIONING"],[26,23,0,3,2,"CONDITIONING"],[27,21,0,8,1,"VAE"],[28,18,0,25,0,"*"],[29,19,0,26,0,"*"],[30,20,0,27,0,"*"],[31,21,0,28,0,"*"],[32,8,0,29,0,"*"],[33,29,0,24,0,"IMAGE"],[34,24,0,30,0,"IMAGE"],[35,25,0,32,0,"*"],[36,22,0,33,0,"*"],[37,23,0,34,0,"*"],[38,26,0,35,0,"*"],[39,27,0,36,0,"*"],[40,28,0,37,0,"*"],[41,33,0,38,0,"*"],[42,34,0,39,0,"*"],[44,39,0,31,1,"CONDITIONING"],[45,32,0,31,2,"CONTROL_NET"],[46,29,0,40,0,"*"],[49,31,1,41,2,"CONDITIONING"],[50,35,0,41,0,"MODEL"],[54,41,0,43,0,"LATENT"],[55,43,0,44,0,"IMAGE"],[56,37,0,43,1,"VAE"],[57,45,0,46,0,"*"],[58,46,0,47,0,"*"],[59,47,0,48,0,"*"],[60,48,0,49,0,"*"],[61,48,0,50,0,"BBOX_DETECTOR"],[63,50,0,51,0,"SEGS"],[68,53,0,54,0,"*"],[69,54,0,55,0,"*"],[70,55,0,56,0,"*"],[71,56,0,57,0,"*"],[73,59,0,58,0,"UPSCALE_MODEL"],[74,43,0,58,1,"IMAGE"],[75,58,0,60,0,"IMAGE"],[78,29,0,50,1,"IMAGE"],[86,64,0,65,0,"*"],[87,65,0,3,4,"INT"],[88,65,0,66,0,"*"],[89,66,0,67,0,"*"],[90,67,0,41,4,"INT"],[94,31,0,41,1,"CONDITIONING"],[95,38,0,31,0,"CONDITIONING"],[99,69,0,70,0,"IMAGE"],[102,24,0,72,0,"IMAGE"],[107,51,0,69,0,"MASK"],[108,72,0,73,0,"MASK"],[109,73,0,74,0,"IMAGE"],[115,24,1,78,0,"MASK"],[116,78,0,79,0,"IMAGE"],[122,24,0,31,3,"IMAGE"],[133,51,0,82,1,"MASK"],[134,3,0,82,0,"LATENT"],[135,82,0,41,3,"LATENT"]],"groups":[{"title":"Load Models","bounding":[77,341,588,756],"color":"#3f789e","font_size":24,"locked":false},{"title":"Conditioning","bounding":[838,339,503,703],"color":"#3f789e","font_size":24,"locked":false},{"title":"Sampling","bounding":[1639,369,662,654],"color":"#3f789e","font_size":24,"locked":false},{"title":"Detectors","bounding":[2576,361,684,657],"color":"#3f789e","font_size":24,"locked":false},{"title":"ControlNet","bounding":[3509,355,773,619],"color":"#3f789e","font_size":24,"locked":false},{"title":"Upscaling","bounding":[4372,357,443,364],"color":"#3f789e","font_size":24,"locked":false}],"config":{},"extra":{"workspace_info":{"id":"1640782c-11a2-4985-b098-22aaf248c337","name":"Detailer-Hands-CNetAux-Txt2Img-NoiseMask"}},"version":0.4}