{"last_node_id":134,"last_link_id":214,"nodes":[{"id":78,"type":"CheckpointLoaderSimple","pos":[24.422557374954213,824.452379394532],"size":[400.1873482269284,112.24769645385726],"flags":{},"order":0,"mode":0,"outputs":[{"name":"MODEL","type":"MODEL","links":[139],"shape":3,"slot_index":0},{"name":"CLIP","type":"CLIP","links":[140],"shape":3,"slot_index":1},{"name":"VAE","type":"VAE","links":[141],"shape":3,"slot_index":2}],"properties":{"Node name for S&R":"CheckpointLoaderSimple"},"widgets_values":["cardosAnimated_v30.safetensors"]},{"id":86,"type":"Reroute","pos":[1161,403],"size":[140.8,26],"flags":{},"order":30,"mode":0,"inputs":[{"name":"","type":"*","link":145}],"outputs":[{"name":"CONDITIONING","type":"CONDITIONING","links":[146],"slot_index":0}],"properties":{"showOutputText":true,"horizontal":false}},{"id":88,"type":"Reroute","pos":[1164,294],"size":[75,26],"flags":{},"order":22,"mode":0,"inputs":[{"name":"","type":"*","link":149}],"outputs":[{"name":"CLIP","type":"CLIP","links":[150],"slot_index":0}],"properties":{"showOutputText":true,"horizontal":false}},{"id":89,"type":"Reroute","pos":[1169,239],"size":[82,26],"flags":{},"order":19,"mode":0,"inputs":[{"name":"","type":"*","link":151}],"outputs":[{"name":"MODEL","type":"MODEL","links":[152],"slot_index":0}],"properties":{"showOutputText":true,"horizontal":false}},{"id":79,"type":"ToBasicPipe","pos":[1386,699],"size":{"0":241.79998779296875,"1":106},"flags":{},"order":35,"mode":0,"inputs":[{"name":"model","type":"MODEL","link":152},{"name":"clip","type":"CLIP","link":150},{"name":"vae","type":"VAE","link":148},{"name":"positive","type":"CONDITIONING","link":146},{"name":"negative","type":"CONDITIONING","link":154}],"outputs":[{"name":"basic_pipe","type":"BASIC_PIPE","links":[144],"shape":3,"slot_index":0}],"properties":{"Node name for S&R":"ToBasicPipe"}},{"id":90,"type":"Reroute","pos":[1162,455],"size":[140.8,26],"flags":{},"order":31,"mode":0,"inputs":[{"name":"","type":"*","link":153}],"outputs":[{"name":"CONDITIONING","type":"CONDITIONING","links":[154],"slot_index":0}],"properties":{"showOutputText":true,"horizontal":false}},{"id":81,"type":"CLIPTextEncode","pos":[691.3240483398438,1119.6073969421393],"size":{"0":400,"1":200},"flags":{},"order":21,"mode":0,"inputs":[{"name":"clip","type":"CLIP","link":143}],"outputs":[{"name":"CONDITIONING","type":"CONDITIONING","links":[153],"shape":3,"slot_index":0}],"title":"Negative","properties":{"Node name for S&R":"CLIPTextEncode"},"widgets_values":["text, watermark"],"color":"#322","bgcolor":"#533"},{"id":80,"type":"CLIPTextEncode","pos":[688.3240483398438,872.6073969421393],"size":{"0":400,"1":200},"flags":{},"order":20,"mode":0,"inputs":[{"name":"clip","type":"CLIP","link":142}],"outputs":[{"name":"CONDITIONING","type":"CONDITIONING","links":[145],"shape":3,"slot_index":0}],"title":"Positive","properties":{"Node name for S&R":"CLIPTextEncode"},"widgets_values":["1girl playing guitar, bench, jeans"],"color":"#232","bgcolor":"#353"},{"id":93,"type":"CR Seed","pos":[715.3240483398438,712.6073969421393],"size":{"0":315,"1":102},"flags":{},"order":1,"mode":0,"outputs":[{"name":"seed","type":"INT","links":[158],"shape":3,"slot_index":0},{"name":"show_help","type":"STRING","links":null,"shape":3}],"properties":{"Node name for S&R":"CR Seed"},"widgets_values":[965610628005188,"randomize"]},{"id":94,"type":"Reroute","pos":[1166,507],"size":[75,26],"flags":{},"order":13,"mode":0,"inputs":[{"name":"","type":"*","link":158,"widget":{"name":"value"}}],"outputs":[{"name":"INT","type":"INT","links":[159],"slot_index":0}],"properties":{"showOutputText":true,"horizontal":false}},{"id":101,"type":"Reroute","pos":[1167,186],"size":[149.2,26],"flags":{},"order":29,"mode":0,"inputs":[{"name":"","type":"*","link":168}],"outputs":[{"name":"BBOX_DETECTOR","type":"BBOX_DETECTOR","links":[169],"slot_index":0}],"properties":{"showOutputText":true,"horizontal":false}},{"id":83,"type":"Reroute","pos":[551,293],"size":[75,26],"flags":{},"order":11,"mode":0,"inputs":[{"name":"","type":"*","link":140}],"outputs":[{"name":"CLIP","type":"CLIP","links":[142,143,149],"slot_index":0}],"properties":{"showOutputText":true,"horizontal":false}},{"id":82,"type":"Reroute","pos":[553,240],"size":[82,26],"flags":{},"order":10,"mode":0,"inputs":[{"name":"","type":"*","link":139}],"outputs":[{"name":"MODEL","type":"MODEL","links":[151],"slot_index":0}],"properties":{"showOutputText":true,"horizontal":false}},{"id":100,"type":"Reroute","pos":[554,188],"size":[149.2,26],"flags":{},"order":18,"mode":0,"inputs":[{"name":"","type":"*","link":167}],"outputs":[{"name":"BBOX_DETECTOR","type":"BBOX_DETECTOR","links":[168],"slot_index":0}],"properties":{"showOutputText":true,"horizontal":false}},{"id":84,"type":"Reroute","pos":[552,350],"size":[75,26],"flags":{},"order":12,"mode":0,"inputs":[{"name":"","type":"*","link":141}],"outputs":[{"name":"VAE","type":"VAE","links":[147],"slot_index":0}],"properties":{"showOutputText":true,"horizontal":false}},{"id":87,"type":"Reroute","pos":[1164,349],"size":[75,26],"flags":{},"order":23,"mode":0,"inputs":[{"name":"","type":"*","link":147}],"outputs":[{"name":"VAE","type":"VAE","links":[148],"slot_index":0}],"properties":{"showOutputText":true,"horizontal":false}},{"id":96,"type":"VAEDecode","pos":[2332,905.4804785156257],"size":{"0":210,"1":46},"flags":{},"order":41,"mode":0,"inputs":[{"name":"samples","type":"LATENT","link":161},{"name":"vae","type":"VAE","link":163}],"outputs":[{"name":"IMAGE","type":"IMAGE","links":[162,166,184],"shape":3,"slot_index":0}],"properties":{"Node name for S&R":"VAEDecode"}},{"id":102,"type":"Reroute","pos":[2402,186],"size":[149.2,26],"flags":{},"order":34,"mode":0,"inputs":[{"name":"","type":"*","link":169}],"outputs":[{"name":"BBOX_DETECTOR","type":"BBOX_DETECTOR","links":[170],"slot_index":0}],"properties":{"showOutputText":true,"horizontal":false}},{"id":106,"type":"MeshGraphormerDepthMapPreprocessorProvider_for_SEGS //Inspire","pos":[60.42255737495424,1297.452379394532],"size":[445.20001220703125,54.65970354614228],"flags":{},"order":2,"mode":0,"outputs":[{"name":"SEGS_PREPROCESSOR","type":"SEGS_PREPROCESSOR","links":[172],"shape":3,"slot_index":0}],"properties":{"Node name for S&R":"MeshGraphormerDepthMapPreprocessorProvider_for_SEGS //Inspire"}},{"id":117,"type":"DWPreprocessor_Provider_for_SEGS //Inspire","pos":[215.42255737495427,1408.452379394532],"size":{"0":315,"1":130},"flags":{},"order":3,"mode":0,"outputs":[{"name":"SEGS_PREPROCESSOR","type":"SEGS_PREPROCESSOR","links":[186],"shape":3,"slot_index":0}],"properties":{"Node name for S&R":"DWPreprocessor_Provider_for_SEGS //Inspire"},"widgets_values":[true,false,false,1]},{"id":105,"type":"ControlNetLoader","pos":[25.422557374954213,1162.452379394532],"size":[459.84190726318275,78.11275942382736],"flags":{},"order":4,"mode":0,"outputs":[{"name":"CONTROL_NET","type":"CONTROL_NET","links":[174],"shape":3,"slot_index":0}],"properties":{"Node name for S&R":"ControlNetLoader"},"widgets_values":["control_v11p_sd15_openpose_fp16.safetensors"]},{"id":104,"type":"ControlNetLoader","pos":[30.422557374954213,1041.452379394532],"size":[412.5125141357412,58],"flags":{},"order":5,"mode":0,"outputs":[{"name":"CONTROL_NET","type":"CONTROL_NET","links":[173],"shape":3,"slot_index":0}],"properties":{"Node name for S&R":"ControlNetLoader"},"widgets_values":["control_v11f1e_sd15_tile_fp16.safetensors"]},{"id":108,"type":"Reroute","pos":[561,14],"size":[132.39999999999998,26],"flags":{},"order":17,"mode":0,"inputs":[{"name":"","type":"*","link":173}],"outputs":[{"name":"CONTROL_NET","type":"CONTROL_NET","links":[177],"slot_index":0}],"properties":{"showOutputText":true,"horizontal":false}},{"id":107,"type":"Reroute","pos":[555,99],"size":[182.79999999999998,26],"flags":{},"order":14,"mode":0,"inputs":[{"name":"","type":"*","link":172}],"outputs":[{"name":"SEGS_PREPROCESSOR","type":"SEGS_PREPROCESSOR","links":[176],"slot_index":0}],"properties":{"showOutputText":true,"horizontal":false}},{"id":119,"type":"Reroute","pos":[2402,143],"size":[182.79999999999998,26],"flags":{},"order":26,"mode":0,"inputs":[{"name":"","type":"*","link":187}],"outputs":[{"name":"SEGS_PREPROCESSOR","type":"SEGS_PREPROCESSOR","links":[188],"slot_index":0}],"properties":{"showOutputText":true,"horizontal":false}},{"id":118,"type":"Reroute","pos":[555,143],"size":[182.79999999999998,26],"flags":{},"order":15,"mode":0,"inputs":[{"name":"","type":"*","link":186}],"outputs":[{"name":"SEGS_PREPROCESSOR","type":"SEGS_PREPROCESSOR","links":[187],"slot_index":0}],"properties":{"showOutputText":true,"horizontal":false}},{"id":110,"type":"Reroute","pos":[2396,55],"size":[132.39999999999998,26],"flags":{},"order":27,"mode":0,"inputs":[{"name":"","type":"*","link":175}],"outputs":[{"name":"CONTROL_NET","type":"CONTROL_NET","links":[181],"slot_index":0}],"properties":{"showOutputText":true,"horizontal":false}},{"id":109,"type":"Reroute","pos":[564,54],"size":[132.39999999999998,26],"flags":{},"order":16,"mode":0,"inputs":[{"name":"","type":"*","link":174}],"outputs":[{"name":"CONTROL_NET","type":"CONTROL_NET","links":[175],"slot_index":0}],"properties":{"showOutputText":true,"horizontal":false}},{"id":85,"type":"Reroute","pos":[1664,557],"size":[124,26],"flags":{},"order":37,"mode":0,"inputs":[{"name":"","type":"*","link":144}],"outputs":[{"name":"BASIC_PIPE","type":"BASIC_PIPE","links":[156,189],"slot_index":0}],"properties":{"showOutputText":true,"horizontal":false}},{"id":95,"type":"Reroute","pos":[1662,508],"size":[75,26],"flags":{},"order":24,"mode":0,"inputs":[{"name":"","type":"*","link":159,"widget":{"name":"value"}}],"outputs":[{"name":"INT","type":"INT","links":[160,191],"slot_index":0}],"properties":{"showOutputText":true,"horizontal":false}},{"id":122,"type":"DenoiseSchedulerDetailerHookProvider","pos":[2895,1629],"size":{"0":315,"1":82},"flags":{},"order":6,"mode":0,"outputs":[{"name":"DETAILER_HOOK","type":"DETAILER_HOOK","links":[193],"shape":3,"slot_index":0}],"properties":{"Node name for S&R":"DenoiseSchedulerDetailerHookProvider"},"widgets_values":["simple",0.4]},{"id":113,"type":"ImpactControlNetApplySEGS","pos":[2865,1446],"size":{"0":315,"1":118},"flags":{},"order":45,"mode":0,"inputs":[{"name":"segs","type":"SEGS","link":180},{"name":"control_net","type":"CONTROL_NET","link":181},{"name":"segs_preprocessor","type":"SEGS_PREPROCESSOR","link":188},{"name":"control_image","type":"IMAGE","link":null}],"outputs":[{"name":"SEGS","type":"SEGS","links":[183],"shape":3,"slot_index":0}],"title":"ControlNetApply (OpenPose/DWHand)","properties":{"Node name for S&R":"ImpactControlNetApplySEGS"},"widgets_values":[0.55]},{"id":98,"type":"ImpactSimpleDetectorSEGS","pos":[2873,880],"size":{"0":315,"1":310},"flags":{},"order":43,"mode":0,"inputs":[{"name":"bbox_detector","type":"BBOX_DETECTOR","link":170},{"name":"image","type":"IMAGE","link":166},{"name":"sam_model_opt","type":"SAM_MODEL","link":null},{"name":"segm_detector_opt","type":"SEGM_DETECTOR","link":null}],"outputs":[{"name":"SEGS","type":"SEGS","links":[171],"shape":3,"slot_index":0}],"properties":{"Node name for S&R":"ImpactSimpleDetectorSEGS"},"widgets_values":[0.5,25,4,10,0.5,0,0,0.7,0]},{"id":77,"type":"ImpactKSamplerBasicPipe","pos":[1891,886.4804785156257],"size":[315,242],"flags":{},"order":39,"mode":0,"inputs":[{"name":"basic_pipe","type":"BASIC_PIPE","link":156},{"name":"latent_image","type":"LATENT","link":157,"slot_index":1},{"name":"seed","type":"INT","link":160,"widget":{"name":"seed"}}],"outputs":[{"name":"BASIC_PIPE","type":"BASIC_PIPE","links":null,"shape":3},{"name":"LATENT","type":"LATENT","links":[161],"shape":3,"slot_index":1},{"name":"VAE","type":"VAE","links":[163],"shape":3,"slot_index":2}],"properties":{"Node name for S&R":"ImpactKSamplerBasicPipe"},"widgets_values":[385370869227024,"randomize",30,8,"euler","normal",1]},{"id":115,"type":"DetailerForEachDebugPipe","pos":[3287,701],"size":[556.800048828125,604],"flags":{},"order":46,"mode":0,"inputs":[{"name":"image","type":"IMAGE","link":184},{"name":"segs","type":"SEGS","link":183},{"name":"basic_pipe","type":"BASIC_PIPE","link":190},{"name":"detailer_hook","type":"DETAILER_HOOK","link":193},{"name":"refiner_basic_pipe_opt","type":"BASIC_PIPE","link":null},{"name":"seed","type":"INT","link":192,"widget":{"name":"seed"}}],"outputs":[{"name":"image","type":"IMAGE","links":[185,195],"shape":3,"slot_index":0},{"name":"segs","type":"SEGS","links":[196],"shape":3,"slot_index":1},{"name":"basic_pipe","type":"BASIC_PIPE","links":[197],"shape":3,"slot_index":2},{"name":"cropped","type":"IMAGE","links":null,"shape":6},{"name":"cropped_refined","type":"IMAGE","links":null,"shape":6},{"name":"cropped_refined_alpha","type":"IMAGE","links":null,"shape":6},{"name":"cnet_images","type":"IMAGE","links":[194],"shape":6,"slot_index":6}],"properties":{"Node name for S&R":"DetailerForEachDebugPipe"},"widgets_values":[360,true,768,374865262113082,"randomize",20,8,"dpmpp_2m_sde","karras",0.7000000000000001,5,true,true,"",0.2,2,false,10]},{"id":121,"type":"Reroute","pos":[2400,507],"size":[75,26],"flags":{},"order":32,"mode":0,"inputs":[{"name":"","type":"*","link":191,"widget":{"name":"value"}}],"outputs":[{"name":"INT","type":"INT","links":[192,200],"slot_index":0}],"properties":{"showOutputText":true,"horizontal":false}},{"id":128,"type":"TilePreprocessor_Provider_for_SEGS //Inspire","pos":[5612,1262],"size":{"0":315,"1":58},"flags":{},"order":7,"mode":0,"outputs":[{"name":"SEGS_PREPROCESSOR","type":"SEGS_PREPROCESSOR","links":[202],"shape":3,"slot_index":0}],"properties":{"Node name for S&R":"TilePreprocessor_Provider_for_SEGS //Inspire"},"widgets_values":[3]},{"id":130,"type":"ImpactControlNetClearSEGS","pos":[5613,970],"size":{"0":210,"1":26},"flags":{},"order":51,"mode":0,"inputs":[{"name":"segs","type":"SEGS","link":203}],"outputs":[{"name":"SEGS","type":"SEGS","links":[204],"shape":3,"slot_index":0}],"properties":{"Node name for S&R":"ImpactControlNetClearSEGS"}},{"id":111,"type":"Reroute","pos":[2400,99],"size":[182.79999999999998,26],"flags":{},"order":25,"mode":0,"inputs":[{"name":"","type":"*","link":176}],"outputs":[{"name":"SEGS_PREPROCESSOR","type":"SEGS_PREPROCESSOR","links":[179],"slot_index":0}],"properties":{"showOutputText":true,"horizontal":false}},{"id":103,"type":"ImpactControlNetApplySEGS","pos":[2885,1265],"size":{"0":315,"1":118},"flags":{},"order":44,"mode":0,"inputs":[{"name":"segs","type":"SEGS","link":171},{"name":"control_net","type":"CONTROL_NET","link":178},{"name":"segs_preprocessor","type":"SEGS_PREPROCESSOR","link":179},{"name":"control_image","type":"IMAGE","link":null}],"outputs":[{"name":"SEGS","type":"SEGS","links":[180],"shape":3,"slot_index":0}],"title":"ControlNetApply (Title/Mesh)","properties":{"Node name for S&R":"ImpactControlNetApplySEGS"},"widgets_values":[0.55]},{"id":112,"type":"Reroute","pos":[2393,14],"size":[132.39999999999998,26],"flags":{},"order":28,"mode":0,"inputs":[{"name":"","type":"*","link":177}],"outputs":[{"name":"CONTROL_NET","type":"CONTROL_NET","links":[178,206],"slot_index":0}],"properties":{"showOutputText":true,"horizontal":false}},{"id":129,"type":"ImpactControlNetApplySEGS","pos":[5608,1076],"size":{"0":315,"1":118},"flags":{},"order":53,"mode":0,"inputs":[{"name":"segs","type":"SEGS","link":204},{"name":"control_net","type":"CONTROL_NET","link":207},{"name":"segs_preprocessor","type":"SEGS_PREPROCESSOR","link":202},{"name":"control_image","type":"IMAGE","link":null}],"outputs":[{"name":"SEGS","type":"SEGS","links":[208],"shape":3,"slot_index":0}],"properties":{"Node name for S&R":"ImpactControlNetApplySEGS"},"widgets_values":[0.5]},{"id":127,"type":"Reroute","pos":[4059,508],"size":[75,26],"flags":{},"order":36,"mode":0,"inputs":[{"name":"","type":"*","link":200,"widget":{"name":"value"}}],"outputs":[{"name":"INT","type":"INT","links":[212,213],"slot_index":0}],"properties":{"showOutputText":true,"horizontal":false}},{"id":131,"type":"Reroute","pos":[5237,15],"size":[132.39999999999998,26],"flags":{},"order":33,"mode":0,"inputs":[{"name":"","type":"*","link":206}],"outputs":[{"name":"CONTROL_NET","type":"CONTROL_NET","links":[207],"slot_index":0}],"properties":{"showOutputText":true,"horizontal":false}},{"id":134,"type":"Reroute","pos":[5229,507],"size":[75,26],"flags":{},"order":38,"mode":0,"inputs":[{"name":"","type":"*","link":213,"widget":{"name":"value"}}],"outputs":[{"name":"INT","type":"INT","links":[214],"slot_index":0}],"properties":{"showOutputText":true,"horizontal":false}},{"id":97,"type":"PreviewImage","pos":[2281,1889],"size":[481.99050058593775,745.73973782959],"flags":{},"order":42,"mode":0,"inputs":[{"name":"images","type":"IMAGE","link":162}],"properties":{"Node name for S&R":"PreviewImage"}},{"id":123,"type":"PreviewImage","pos":[3867,1331],"size":[400.18799570312467,415.8047323547364],"flags":{},"order":49,"mode":0,"inputs":[{"name":"images","type":"IMAGE","link":194}],"properties":{"Node name for S&R":"PreviewImage"}},{"id":116,"type":"PreviewImage","pos":[3284,1893],"size":[499.9560460327157,752.4760181640631],"flags":{},"order":47,"mode":0,"inputs":[{"name":"images","type":"IMAGE","link":185}],"title":"1pass","properties":{"Node name for S&R":"PreviewImage"}},{"id":125,"type":"PreviewImage","pos":[4431,1891],"size":[488.1216389404308,745.6914181640632],"flags":{},"order":50,"mode":0,"inputs":[{"name":"images","type":"IMAGE","link":198}],"title":"2pass","properties":{"Node name for S&R":"PreviewImage"}},{"id":133,"type":"PreviewImage","pos":[6007,1903],"size":[530.4405035156251,801.0401657592774],"flags":{},"order":55,"mode":0,"inputs":[{"name":"images","type":"IMAGE","link":211}],"title":"3pass","properties":{"Node name for S&R":"PreviewImage"}},{"id":99,"type":"UltralyticsDetectorProvider","pos":[43.42255737495424,680.452379394532],"size":{"0":315,"1":78},"flags":{},"order":8,"mode":0,"outputs":[{"name":"BBOX_DETECTOR","type":"BBOX_DETECTOR","links":[167],"shape":3,"slot_index":0},{"name":"SEGM_DETECTOR","type":"SEGM_DETECTOR","links":null,"shape":3}],"properties":{"Node name for S&R":"UltralyticsDetectorProvider"},"widgets_values":["bbox/hand_yolov8s.pt"]},{"id":120,"type":"Reroute","pos":[2399,556],"size":[124,26],"flags":{},"order":40,"mode":0,"inputs":[{"name":"","type":"*","link":189}],"outputs":[{"name":"BASIC_PIPE","type":"BASIC_PIPE","links":[190],"slot_index":0}],"properties":{"showOutputText":true,"horizontal":false}},{"id":92,"type":"EmptyLatentImage","pos":[1889,710],"size":{"0":315,"1":106},"flags":{},"order":9,"mode":0,"outputs":[{"name":"LATENT","type":"LATENT","links":[157],"shape":3}],"properties":{"Node name for S&R":"EmptyLatentImage"},"widgets_values":[512,768,1]},{"id":124,"type":"DetailerForEachDebugPipe","pos":[4457.2629154577635,711.51466421875],"size":[556.800048828125,624],"flags":{},"order":48,"mode":0,"inputs":[{"name":"image","type":"IMAGE","link":195},{"name":"segs","type":"SEGS","link":196},{"name":"basic_pipe","type":"BASIC_PIPE","link":197},{"name":"detailer_hook","type":"DETAILER_HOOK","link":null},{"name":"refiner_basic_pipe_opt","type":"BASIC_PIPE","link":null},{"name":"seed","type":"INT","link":212,"widget":{"name":"seed"}}],"outputs":[{"name":"image","type":"IMAGE","links":[198,209],"shape":3,"slot_index":0},{"name":"segs","type":"SEGS","links":[203],"shape":3,"slot_index":1},{"name":"basic_pipe","type":"BASIC_PIPE","links":[210],"shape":3,"slot_index":2},{"name":"cropped","type":"IMAGE","links":null,"shape":6},{"name":"cropped_refined","type":"IMAGE","links":null,"shape":6},{"name":"cropped_refined_alpha","type":"IMAGE","links":null,"shape":6},{"name":"cnet_images","type":"IMAGE","links":[199],"shape":6,"slot_index":6}],"properties":{"Node name for S&R":"DetailerForEachDebugPipe"},"widgets_values":[360,true,768,1031978354750498,"randomize",20,8,"dpmpp_2m_sde","karras",0.7000000000000001,5,true,true,"",0.2,1,false,10]},{"id":126,"type":"PreviewImage","pos":[5052,1343],"size":[376.0152033691411,415.3597900390628],"flags":{},"order":52,"mode":0,"inputs":[{"name":"images","type":"IMAGE","link":199}],"properties":{"Node name for S&R":"PreviewImage"}},{"id":132,"type":"DetailerForEachDebugPipe","pos":[6000,709],"size":[556.800048828125,624],"flags":{},"order":54,"mode":0,"inputs":[{"name":"image","type":"IMAGE","link":209},{"name":"segs","type":"SEGS","link":208},{"name":"basic_pipe","type":"BASIC_PIPE","link":210},{"name":"detailer_hook","type":"DETAILER_HOOK","link":null},{"name":"refiner_basic_pipe_opt","type":"BASIC_PIPE","link":null},{"name":"seed","type":"INT","link":214,"widget":{"name":"seed"}}],"outputs":[{"name":"image","type":"IMAGE","links":[211],"shape":3,"slot_index":0},{"name":"segs","type":"SEGS","links":[],"shape":3,"slot_index":1},{"name":"basic_pipe","type":"BASIC_PIPE","links":null,"shape":3},{"name":"cropped","type":"IMAGE","links":null,"shape":6},{"name":"cropped_refined","type":"IMAGE","links":null,"shape":6},{"name":"cropped_refined_alpha","type":"IMAGE","links":null,"shape":6},{"name":"cnet_images","type":"IMAGE","links":[],"shape":6,"slot_index":6}],"properties":{"Node name for S&R":"DetailerForEachDebugPipe"},"widgets_values":[360,true,768,886587880667963,"randomize",20,8,"dpmpp_2m_sde","karras",1,5,true,true,"",0.2,1,false,10]}],"links":[[139,78,0,82,0,"*"],[140,78,1,83,0,"*"],[141,78,2,84,0,"*"],[142,83,0,80,0,"CLIP"],[143,83,0,81,0,"CLIP"],[144,79,0,85,0,"*"],[145,80,0,86,0,"*"],[146,86,0,79,3,"CONDITIONING"],[147,84,0,87,0,"*"],[148,87,0,79,2,"VAE"],[149,83,0,88,0,"*"],[150,88,0,79,1,"CLIP"],[151,82,0,89,0,"*"],[152,89,0,79,0,"MODEL"],[153,81,0,90,0,"*"],[154,90,0,79,4,"CONDITIONING"],[156,85,0,77,0,"BASIC_PIPE"],[157,92,0,77,1,"LATENT"],[158,93,0,94,0,"*"],[159,94,0,95,0,"*"],[160,95,0,77,2,"INT"],[161,77,1,96,0,"LATENT"],[162,96,0,97,0,"IMAGE"],[163,77,2,96,1,"VAE"],[166,96,0,98,1,"IMAGE"],[167,99,0,100,0,"*"],[168,100,0,101,0,"*"],[169,101,0,102,0,"*"],[170,102,0,98,0,"BBOX_DETECTOR"],[171,98,0,103,0,"SEGS"],[172,106,0,107,0,"*"],[173,104,0,108,0,"*"],[174,105,0,109,0,"*"],[175,109,0,110,0,"*"],[176,107,0,111,0,"*"],[177,108,0,112,0,"*"],[178,112,0,103,1,"CONTROL_NET"],[179,111,0,103,2,"SEGS_PREPROCESSOR"],[180,103,0,113,0,"SEGS"],[181,110,0,113,1,"CONTROL_NET"],[183,113,0,115,1,"SEGS"],[184,96,0,115,0,"IMAGE"],[185,115,0,116,0,"IMAGE"],[186,117,0,118,0,"*"],[187,118,0,119,0,"*"],[188,119,0,113,2,"SEGS_PREPROCESSOR"],[189,85,0,120,0,"*"],[190,120,0,115,2,"BASIC_PIPE"],[191,95,0,121,0,"*"],[192,121,0,115,5,"INT"],[193,122,0,115,3,"DETAILER_HOOK"],[194,115,6,123,0,"IMAGE"],[195,115,0,124,0,"IMAGE"],[196,115,1,124,1,"SEGS"],[197,115,2,124,2,"BASIC_PIPE"],[198,124,0,125,0,"IMAGE"],[199,124,6,126,0,"IMAGE"],[200,121,0,127,0,"*"],[202,128,0,129,2,"SEGS_PREPROCESSOR"],[203,124,1,130,0,"SEGS"],[204,130,0,129,0,"SEGS"],[206,112,0,131,0,"*"],[207,131,0,129,1,"CONTROL_NET"],[208,129,0,132,1,"SEGS"],[209,124,0,132,0,"IMAGE"],[210,124,2,132,2,"BASIC_PIPE"],[211,132,0,133,0,"IMAGE"],[212,127,0,124,5,"INT"],[213,127,0,134,0,"*"],[214,134,0,132,5,"INT"]],"groups":[{"title":"Load Models","bounding":[-3,565,576,995],"color":"#3f789e","font_size":24,"locked":false},{"title":"Conditioning","bounding":[622,618,552,720],"color":"#3f789e","font_size":24,"locked":false},{"title":"Initial Sampling","bounding":[1853,626,704,521],"color":"#3f789e","font_size":24,"locked":false},{"title":"1st Pass","bounding":[2848,620,1442,1161],"color":"#3f789e","font_size":24,"locked":false},{"title":"2nd Pass","bounding":[4425,627,1038,1154],"color":"#3f789e","font_size":24,"locked":false},{"title":"3rd Pass","bounding":[5576,623,1012,1163],"color":"#3f789e","font_size":24,"locked":false}],"config":{},"extra":{"groupNodes":{"MAKE_BASIC_PIPE":{"nodes":[{"type":"CheckpointLoaderSimple","pos":[-110,180],"size":{"0":437.1817626953125,"1":154.272705078125},"flags":{},"order":3,"mode":0,"outputs":[{"name":"MODEL","type":"MODEL","links":[],"slot_index":0},{"name":"CLIP","type":"CLIP","links":[],"slot_index":1},{"name":"VAE","type":"VAE","links":[],"slot_index":2}],"properties":{"Node name for S&R":"CheckpointLoaderSimple"},"widgets_values":["SD1.5/epicrealism_naturalSinRC1VAE.safetensors"],"color":"#222","bgcolor":"#000","index":0},{"type":"CLIPTextEncode","pos":[420,0],"size":{"0":422.84503173828125,"1":164.31304931640625},"flags":{},"order":10,"mode":0,"inputs":[{"name":"clip","type":"CLIP","link":null}],"outputs":[{"name":"CONDITIONING","type":"CONDITIONING","links":[],"slot_index":0}],"properties":{"Node name for S&R":"CLIPTextEncode"},"widgets_values":["1girl sitting, cafe terrace"],"color":"#222","bgcolor":"#000","index":1},{"type":"CLIPTextEncode","pos":[420,310],"size":{"0":425.27801513671875,"1":180.6060791015625},"flags":{},"order":11,"mode":0,"inputs":[{"name":"clip","type":"CLIP","link":null}],"outputs":[{"name":"CONDITIONING","type":"CONDITIONING","links":[],"slot_index":0}],"properties":{"Node name for S&R":"CLIPTextEncode"},"widgets_values":["text, watermark"],"color":"#222","bgcolor":"#000","index":2},{"type":"ToBasicPipe","pos":[980,180],"size":{"0":241.79998779296875,"1":106},"flags":{},"order":13,"mode":0,"inputs":[{"name":"model","type":"MODEL","link":null,"slot_index":0},{"name":"clip","type":"CLIP","link":null},{"name":"vae","type":"VAE","link":null,"slot_index":2},{"name":"positive","type":"CONDITIONING","link":null},{"name":"negative","type":"CONDITIONING","link":null,"slot_index":4}],"outputs":[{"name":"basic_pipe","type":"BASIC_PIPE","links":[],"shape":3,"slot_index":0}],"properties":{"Node name for S&R":"ToBasicPipe"},"color":"#222","bgcolor":"#000","index":3}],"links":[[0,1,1,0,4,"CLIP"],[0,1,2,0,4,"CLIP"],[0,0,3,0,4,"MODEL"],[0,1,3,1,4,"CLIP"],[0,2,3,2,4,"VAE"],[1,0,3,3,6,"CONDITIONING"],[2,0,3,4,7,"CONDITIONING"]],"external":[[3,0,"BASIC_PIPE"]]}},"workspace_info":{"id":"3ab6d145-97b3-4005-96bd-91213ad1ccee","name":"Detailer-Hands-ImpactPack-Txt2Img-Mesh"}},"version":0.4}