{"last_node_id":12,"last_link_id":22,"nodes":[{"id":7,"type":"CLIPTextEncode","pos":[413,389],"size":{"0":425.27801513671875,"1":180.6060791015625},"flags":{},"order":3,"mode":0,"inputs":[{"name":"clip","type":"CLIP","link":5,"label":"CLIP"}],"outputs":[{"name":"CONDITIONING","type":"CONDITIONING","links":[6],"slot_index":0,"label":"条件"}],"properties":{"Node name for S&R":"CLIPTextEncode"},"widgets_values":["text, watermark"],"color":"#322","bgcolor":"#533"},{"id":8,"type":"VAEDecode","pos":[1209,188],"size":{"0":210,"1":46},"flags":{},"order":7,"mode":0,"inputs":[{"name":"samples","type":"LATENT","link":7,"label":"Latent"},{"name":"vae","type":"VAE","link":20,"slot_index":1,"label":"VAE"}],"outputs":[{"name":"IMAGE","type":"IMAGE","links":[9],"slot_index":0,"label":"图像"}],"properties":{"Node name for S&R":"VAEDecode"}},{"id":9,"type":"SaveImage","pos":[1456,190],"size":{"0":863.365478515625,"1":931.8978881835938},"flags":{},"order":8,"mode":0,"inputs":[{"name":"images","type":"IMAGE","link":9,"label":"图像"}],"properties":{},"widgets_values":["bench/ComfyUI"]},{"id":3,"type":"KSampler","pos":[863,186],"size":{"0":315,"1":262},"flags":{},"order":6,"mode":0,"inputs":[{"name":"model","type":"MODEL","link":22,"label":"模型"},{"name":"positive","type":"CONDITIONING","link":4,"label":"正面提示词"},{"name":"negative","type":"CONDITIONING","link":6,"label":"负面提示词"},{"name":"latent_image","type":"LATENT","link":2,"label":"Latent"}],"outputs":[{"name":"LATENT","type":"LATENT","links":[7],"slot_index":0,"label":"Latent"}],"properties":{"Node name for S&R":"KSampler"},"widgets_values":[703433267052309,"randomize",5,1.8,"lcm","sgm_uniform",1]},{"id":5,"type":"EmptyLatentImage","pos":[473,609],"size":{"0":315,"1":106},"flags":{},"order":0,"mode":0,"outputs":[{"name":"LATENT","type":"LATENT","links":[2],"slot_index":0,"label":"Latent"}],"properties":{"Node name for S&R":"EmptyLatentImage"},"widgets_values":[512,512,1],"color":"#323","bgcolor":"#535"},{"id":4,"type":"CheckpointLoaderSimple","pos":[-243,237],"size":{"0":315,"1":98},"flags":{},"order":1,"mode":0,"outputs":[{"name":"MODEL","type":"MODEL","links":[10],"slot_index":0,"label":"模型"},{"name":"CLIP","type":"CLIP","links":[3,5,11],"slot_index":1,"label":"CLIP"},{"name":"VAE","type":"VAE","links":[20],"slot_index":2,"label":"VAE"}],"properties":{"Node name for S&R":"CheckpointLoaderSimple"},"widgets_values":["majicmixRealistic_betterV2V25.safetensors"],"color":"#432","bgcolor":"#653"},{"id":6,"type":"CLIPTextEncode","pos":[415,186],"size":{"0":422.84503173828125,"1":164.31304931640625},"flags":{},"order":2,"mode":0,"inputs":[{"name":"clip","type":"CLIP","link":3,"label":"CLIP"}],"outputs":[{"name":"CONDITIONING","type":"CONDITIONING","links":[4],"slot_index":0,"label":"条件"}],"properties":{"Node name for S&R":"CLIPTextEncode"},"widgets_values":["1girl"],"color":"#232","bgcolor":"#353"},{"id":10,"type":"LoraLoader","pos":[97,42],"size":{"0":315,"1":126},"flags":{},"order":4,"mode":0,"inputs":[{"name":"model","type":"MODEL","link":10,"label":"模型"},{"name":"clip","type":"CLIP","link":11,"label":"CLIP"}],"outputs":[{"name":"MODEL","type":"MODEL","links":[15],"shape":3,"slot_index":0,"label":"模型"},{"name":"CLIP","type":"CLIP","links":null,"shape":3,"slot_index":1,"label":"CLIP"}],"properties":{"Node name for S&R":"LoraLoader"},"widgets_values":["lcm-lora-sdv1-5.safetensors",1,1]},{"id":11,"type":"ModelSamplingDiscrete","pos":[464,45],"size":{"0":315,"1":82},"flags":{},"order":5,"mode":0,"inputs":[{"name":"model","type":"MODEL","link":15,"label":"model"}],"outputs":[{"name":"MODEL","type":"MODEL","links":[22],"shape":3,"slot_index":0,"label":"MODEL"}],"properties":{"Node name for S&R":"ModelSamplingDiscrete"},"widgets_values":["lcm",false]}],"links":[[2,5,0,3,3,"LATENT"],[3,4,1,6,0,"CLIP"],[4,6,0,3,1,"CONDITIONING"],[5,4,1,7,0,"CLIP"],[6,7,0,3,2,"CONDITIONING"],[7,3,0,8,0,"LATENT"],[9,8,0,9,0,"IMAGE"],[10,4,0,10,0,"MODEL"],[11,4,1,10,1,"CLIP"],[15,10,0,11,0,"MODEL"],[20,4,2,8,1,"VAE"],[22,11,0,3,0,"MODEL"]],"groups":[],"config":{},"extra":{"comfyspace_tracking":{"id":"838cc9e7-95e9-4b6f-ad57-d369f0052941","name":"LCM-workflow"},"workspace_info":{"id":"da8a2da8-e377-439a-a8c3-b45dd996090c","name":"LCM-workflow"}},"version":0.4}