{"last_node_id":39,"last_link_id":61,"nodes":[{"id":8,"type":"VAEDecode","pos":[1215,128],"size":{"0":210,"1":46},"flags":{},"order":7,"mode":0,"inputs":[{"name":"samples","type":"LATENT","link":7,"label":"Latent"},{"name":"vae","type":"VAE","link":8,"label":"VAE"}],"outputs":[{"name":"IMAGE","type":"IMAGE","links":[9,25,49],"slot_index":0,"label":"图像"}],"properties":{"Node name for S&R":"VAEDecode"}},{"id":36,"type":"PreviewImage","pos":[-756,389],"size":{"0":210,"1":246},"flags":{},"order":10,"mode":0,"inputs":[{"name":"images","type":"IMAGE","link":49,"label":"图像"}],"properties":{"Node name for S&R":"PreviewImage"}},{"id":3,"type":"KSampler","pos":[833,-52],"size":{"0":315,"1":262},"flags":{},"order":6,"mode":0,"inputs":[{"name":"model","type":"MODEL","link":52,"label":"模型"},{"name":"positive","type":"CONDITIONING","link":4,"label":"正面条件"},{"name":"negative","type":"CONDITIONING","link":6,"label":"负面条件"},{"name":"latent_image","type":"LATENT","link":2,"label":"Latent"}],"outputs":[{"name":"LATENT","type":"LATENT","links":[7],"slot_index":0,"label":"Latent"}],"properties":{"Node name for S&R":"KSampler"},"widgets_values":[558005728057277,"randomize",20,8,"euler","normal",1]},{"id":14,"type":"SAMLoader","pos":[1361,838],"size":{"0":315,"1":82},"flags":{},"order":0,"mode":4,"outputs":[{"name":"SAM_MODEL","type":"SAM_MODEL","links":[36],"shape":3,"label":"SAM模型"}],"properties":{"Node name for S&R":"SAMLoader"},"widgets_values":["sam_vit_b_01ec64.pth","AUTO"]},{"id":18,"type":"MaskToImage","pos":[2344,1240],"size":{"0":210,"1":26},"flags":{},"order":14,"mode":4,"inputs":[{"name":"mask","type":"MASK","link":30,"label":"遮罩"}],"outputs":[{"name":"IMAGE","type":"IMAGE","links":[22],"shape":3,"slot_index":0,"label":"图像"}],"properties":{"Node name for S&R":"MaskToImage"}},{"id":24,"type":"SaveImage","pos":[393,570],"size":{"0":802.770751953125,"1":757.8626708984375},"flags":{},"order":11,"mode":4,"inputs":[{"name":"images","type":"IMAGE","link":27,"label":"图像"}],"properties":{},"widgets_values":["ComfyUI"]},{"id":13,"type":"UltralyticsDetectorProvider","pos":[1366,1027],"size":{"0":315,"1":78},"flags":{},"order":1,"mode":4,"outputs":[{"name":"BBOX_DETECTOR","type":"BBOX_DETECTOR","links":[35],"shape":3,"slot_index":0,"label":"BBox检测"},{"name":"SEGM_DETECTOR","type":"SEGM_DETECTOR","links":[],"shape":3,"label":"SEGM检测","slot_index":1}],"properties":{"Node name for S&R":"UltralyticsDetectorProvider"},"widgets_values":["segm/person_yolov8m-seg.pt"]},{"id":21,"type":"FaceDetailer","pos":[1733,508],"size":{"0":506.4000244140625,"1":880},"flags":{},"order":9,"mode":4,"inputs":[{"name":"image","type":"IMAGE","link":25,"label":"图像","slot_index":0},{"name":"model","type":"MODEL","link":53,"label":"模型","slot_index":1},{"name":"clip","type":"CLIP","link":56,"label":"CLIP","slot_index":2},{"name":"vae","type":"VAE","link":47,"label":"VAE","slot_index":3},{"name":"positive","type":"CONDITIONING","link":60,"label":"正面条件","slot_index":4},{"name":"negative","type":"CONDITIONING","link":61,"label":"负面条件"},{"name":"bbox_detector","type":"BBOX_DETECTOR","link":35,"label":"BBox检测","slot_index":6},{"name":"sam_model_opt","type":"SAM_MODEL","link":36,"label":"SAM模型","slot_index":7},{"name":"segm_detector_opt","type":"SEGM_DETECTOR","link":null,"label":"Segm检测"},{"name":"detailer_hook","type":"DETAILER_HOOK","link":null,"label":"细化约束","slot_index":9}],"outputs":[{"name":"image","type":"IMAGE","links":[27],"shape":3,"label":"图像","slot_index":0},{"name":"cropped_refined","type":"IMAGE","links":[28],"shape":6,"label":"细化图像","slot_index":1},{"name":"cropped_enhanced_alpha","type":"IMAGE","links":[29],"shape":6,"label":"细化部分","slot_index":2},{"name":"mask","type":"MASK","links":[30],"shape":3,"label":"遮罩","slot_index":3},{"name":"detailer_pipe","type":"DETAILER_PIPE","links":null,"shape":3,"label":"细化节点束"},{"name":"cnet_images","type":"IMAGE","links":null,"shape":6,"label":"ControlNet图像"}],"properties":{"Node name for S&R":"FaceDetailer"},"widgets_values":[384,true,1024,676514582382681,"randomize",20,8,"euler","normal",0.42,5,true,true,0.5,10,3,"center-1",0,0.93,0,0.7,"False",10,"",1,false,0]},{"id":19,"type":"PreviewImage","pos":[1603,178],"size":{"0":213.02452087402344,"1":246},"flags":{},"order":15,"mode":4,"inputs":[{"name":"images","type":"IMAGE","link":22,"label":"图像"}],"properties":{"Node name for S&R":"PreviewImage"}},{"id":7,"type":"CLIPTextEncode","pos":[45,94],"size":{"0":425.27801513671875,"1":180.6060791015625},"flags":{},"order":5,"mode":0,"inputs":[{"name":"clip","type":"CLIP","link":55,"label":"CLIP"}],"outputs":[{"name":"CONDITIONING","type":"CONDITIONING","links":[6,61],"slot_index":0,"label":"条件"}],"properties":{"Node name for S&R":"CLIPTextEncode"},"widgets_values":["Low quality, low resolution, deformed, ugly"]},{"id":25,"type":"PreviewImage","pos":[1481,526],"size":{"0":210,"1":246},"flags":{},"order":12,"mode":4,"inputs":[{"name":"images","type":"IMAGE","link":28,"label":"图像"}],"properties":{"Node name for S&R":"PreviewImage"}},{"id":26,"type":"PreviewImage","pos":[1233,517],"size":{"0":210,"1":246},"flags":{},"order":13,"mode":4,"inputs":[{"name":"images","type":"IMAGE","link":29,"label":"图像"}],"properties":{"Node name for S&R":"PreviewImage"}},{"id":5,"type":"EmptyLatentImage","pos":[751,243],"size":{"0":315,"1":106},"flags":{},"order":2,"mode":0,"outputs":[{"name":"LATENT","type":"LATENT","links":[2],"slot_index":0,"label":"Latent"}],"properties":{"Node name for S&R":"EmptyLatentImage"},"widgets_values":[1024,1024,1]},{"id":4,"type":"CheckpointLoaderSimple","pos":[-578,104],"size":{"0":315,"1":122},"flags":{},"order":3,"mode":0,"outputs":[{"name":"MODEL","type":"MODEL","links":[52,53],"slot_index":0,"label":"模型"},{"name":"CLIP","type":"CLIP","links":[54,55,56],"slot_index":1,"label":"CLIP"},{"name":"VAE","type":"VAE","links":[8,47],"slot_index":2,"label":"VAE"}],"properties":{"Node name for S&R":"CheckpointLoaderSimple"},"widgets_values":["wlopSTYLEXL_v2.safetensors",null]},{"id":6,"type":"CLIPTextEncode","pos":[100,-164],"size":{"0":422.84503173828125,"1":164.31304931640625},"flags":{},"order":4,"mode":0,"inputs":[{"name":"clip","type":"CLIP","link":54,"label":"CLIP"}],"outputs":[{"name":"CONDITIONING","type":"CONDITIONING","links":[4,60],"slot_index":0,"label":"条件"}],"properties":{"Node name for S&R":"CLIPTextEncode"},"widgets_values":["1girl，beautiful，wlop"]},{"id":9,"type":"SaveImage","pos":[-511,330],"size":{"0":909.02001953125,"1":735.1756591796875},"flags":{},"order":8,"mode":0,"inputs":[{"name":"images","type":"IMAGE","link":9,"label":"图像"}],"properties":{},"widgets_values":["ComfyUI"]}],"links":[[2,5,0,3,3,"LATENT"],[4,6,0,3,1,"CONDITIONING"],[6,7,0,3,2,"CONDITIONING"],[7,3,0,8,0,"LATENT"],[8,4,2,8,1,"VAE"],[9,8,0,9,0,"IMAGE"],[22,18,0,19,0,"IMAGE"],[25,8,0,21,0,"IMAGE"],[27,21,0,24,0,"IMAGE"],[28,21,1,25,0,"IMAGE"],[29,21,2,26,0,"IMAGE"],[30,21,3,18,0,"MASK"],[35,13,0,21,6,"BBOX_DETECTOR"],[36,14,0,21,7,"SAM_MODEL"],[47,4,2,21,3,"VAE"],[49,8,0,36,0,"IMAGE"],[52,4,0,3,0,"MODEL"],[53,4,0,21,1,"MODEL"],[54,4,1,6,0,"CLIP"],[55,4,1,7,0,"CLIP"],[56,4,1,21,2,"CLIP"],[60,6,0,21,4,"CONDITIONING"],[61,7,0,21,5,"CONDITIONING"]],"groups":[],"config":{},"extra":{"workspace_info":{"id":"e1f17874-3adf-4a39-9d50-a56bef1b89e7","name":"lora 文生面部细化 2"}},"version":0.4}