{"last_node_id":146,"last_link_id":260,"nodes":[{"id":20,"type":"PreviewImage","pos":[1588.8531445582403,2614.4650410042614],"size":{"0":210,"1":246},"flags":{},"order":25,"mode":4,"inputs":[{"name":"images","type":"IMAGE","link":20,"label":"图像"}],"properties":{"Node name for S&R":"PreviewImage"}},{"id":19,"type":"LoadImage","pos":[1251.7054794637525,2450.681169929932],"size":{"0":315,"1":314},"flags":{},"order":0,"mode":4,"outputs":[{"name":"IMAGE","type":"IMAGE","links":[19],"shape":3,"label":"图像"},{"name":"MASK","type":"MASK","links":null,"shape":3,"label":"遮罩"}],"properties":{"Node name for S&R":"LoadImage"},"widgets_values":["6df18ab20d274d3af9320938077d73a (1).jpg","image"]},{"id":47,"type":"VAEEncode","pos":[1923.806878388998,1460.7983607542055],"size":{"0":210,"1":46},"flags":{},"order":32,"mode":0,"inputs":[{"name":"pixels","type":"IMAGE","link":112,"label":"图像"},{"name":"vae","type":"VAE","link":103,"label":"VAE"}],"outputs":[{"name":"LATENT","type":"LATENT","links":[108],"shape":3,"label":"Latent","slot_index":0}],"properties":{"Node name for S&R":"VAEEncode"}},{"id":24,"type":"IPAdapterModelLoader","pos":[-1704.8312792065901,204.27669879621806],"size":{"0":315,"1":58},"flags":{},"order":1,"mode":0,"outputs":[{"name":"IPADAPTER","type":"IPADAPTER","links":[47],"shape":3,"label":"IP适配"}],"properties":{"Node name for S&R":"IPAdapterModelLoader"},"widgets_values":["ip-adapter_sdxl.bin"]},{"id":16,"type":"ControlNetLoader","pos":[1827.85314455824,2717.4650410042623],"size":{"0":315,"1":82},"flags":{},"order":2,"mode":4,"outputs":[{"name":"CONTROL_NET","type":"CONTROL_NET","links":[82],"shape":3,"label":"ControlNet","slot_index":0}],"properties":{"Node name for S&R":"ControlNetLoader"},"widgets_values":["control_v11p_sd15_lineart.pth",null]},{"id":27,"type":"CLIPVisionLoader","pos":[-1691.8312792065892,697.2766987962208],"size":{"0":315,"1":82},"flags":{},"order":3,"mode":0,"outputs":[{"name":"CLIP_VISION","type":"CLIP_VISION","links":[48],"shape":3,"label":"CLIP视觉","slot_index":0}],"properties":{"Node name for S&R":"CLIPVisionLoader"},"widgets_values":["SDXL\\pytorch_model.bin",null]},{"id":15,"type":"LineArtPreprocessor","pos":[1640.4589941868999,2456.357238165718],"size":{"0":315,"1":82},"flags":{},"order":17,"mode":4,"inputs":[{"name":"image","type":"IMAGE","link":19,"label":"图像","slot_index":0}],"outputs":[{"name":"IMAGE","type":"IMAGE","links":[20,77],"shape":3,"label":"图像","slot_index":0}],"properties":{"Node name for S&R":"LineArtPreprocessor"},"widgets_values":["disable",512]},{"id":4,"type":"CheckpointLoaderSimple","pos":[-3900,29],"size":{"0":315,"1":122},"flags":{},"order":4,"mode":0,"outputs":[{"name":"MODEL","type":"MODEL","links":[52],"slot_index":0,"label":"模型"},{"name":"CLIP","type":"CLIP","links":[3,5],"slot_index":1,"label":"CLIP"},{"name":"VAE","type":"VAE","links":[8,62,103,107],"slot_index":2,"label":"VAE"}],"properties":{"Node name for S&R":"CheckpointLoaderSimple"},"widgets_values":["sd_xl_base_1.0.safetensors",null]},{"id":36,"type":"ControlNetApply","pos":[2013.98631972981,2503.080860918017],"size":{"0":317.4000244140625,"1":98},"flags":{},"order":26,"mode":4,"inputs":[{"name":"conditioning","type":"CONDITIONING","link":185,"label":"条件"},{"name":"control_net","type":"CONTROL_NET","link":82,"label":"ControlNet"},{"name":"image","type":"IMAGE","link":77,"label":"图像"}],"outputs":[{"name":"CONDITIONING","type":"CONDITIONING","links":[],"shape":3,"label":"条件","slot_index":0}],"properties":{"Node name for S&R":"ControlNetApply"},"widgets_values":[0.34]},{"id":67,"type":"PreviewImage","pos":[447.2117456945731,511.29708044403725],"size":{"0":210,"1":246},"flags":{},"order":50,"mode":0,"inputs":[{"name":"images","type":"IMAGE","link":138,"label":"图像"}],"properties":{"Node name for S&R":"PreviewImage"}},{"id":49,"type":"VAEDecode","pos":[2505.0490668718144,1396.157019055118],"size":{"0":210,"1":46},"flags":{},"order":38,"mode":0,"inputs":[{"name":"samples","type":"LATENT","link":100,"label":"Latent"},{"name":"vae","type":"VAE","link":107,"label":"VAE","slot_index":1}],"outputs":[{"name":"IMAGE","type":"IMAGE","links":[101],"shape":3,"label":"图像","slot_index":0}],"properties":{"Node name for S&R":"VAEDecode"}},{"id":7,"type":"CLIPTextEncode","pos":[-1352,-205],"size":{"0":425.27801513671875,"1":180.6060791015625},"flags":{},"order":19,"mode":0,"inputs":[{"name":"clip","type":"CLIP","link":5,"label":"CLIP"}],"outputs":[{"name":"CONDITIONING","type":"CONDITIONING","links":[76,84,106],"slot_index":0,"label":"条件"}],"properties":{"Node name for S&R":"CLIPTextEncode"},"widgets_values":["EasyNegativeV2,mutated,extra limb,ugly,poorly drawn hands,missing limb,floating limbs,disconnected limbs,malformed hands,out of focus,long neck,long body,logo,text,drop  earrings,drop  earrings,realistic,"]},{"id":92,"type":"LoadImage","pos":[-3286,355],"size":{"0":315,"1":314},"flags":{},"order":5,"mode":0,"outputs":[{"name":"IMAGE","type":"IMAGE","links":[229],"shape":3,"label":"图像","slot_index":0},{"name":"MASK","type":"MASK","links":null,"shape":3,"label":"遮罩"}],"properties":{"Node name for S&R":"LoadImage"},"widgets_values":["111ab542b0a130f1d09c348f29e0f55.jpg","image"]},{"id":30,"type":"LatentUpscale","pos":[1624.4074884559213,560.9305590398006],"size":{"0":315,"1":130},"flags":{},"order":37,"mode":4,"inputs":[{"name":"samples","type":"LATENT","link":54,"label":"Latent"}],"outputs":[{"name":"LATENT","type":"LATENT","links":[56],"shape":3,"label":"Latent","slot_index":0}],"properties":{"Node name for S&R":"LatentUpscale"},"widgets_values":["nearest-exact",2048,2048,"disabled"]},{"id":98,"type":"LoadImage","pos":[-2911,258],"size":{"0":315,"1":314.0000305175781},"flags":{},"order":6,"mode":0,"outputs":[{"name":"IMAGE","type":"IMAGE","links":[171],"shape":3,"label":"图像","slot_index":0},{"name":"MASK","type":"MASK","links":null,"shape":3,"label":"遮罩"}],"properties":{"Node name for S&R":"LoadImage"},"widgets_values":["ea3d56f8c3f6cef7cc3a57d168d8494(1) (2).jpg","image"]},{"id":136,"type":"LoadImage","pos":[-3703,327],"size":{"0":315,"1":314.0000305175781},"flags":{},"order":7,"mode":0,"outputs":[{"name":"IMAGE","type":"IMAGE","links":[232],"shape":3,"label":"图像"},{"name":"MASK","type":"MASK","links":null,"shape":3,"label":"遮罩"}],"properties":{"Node name for S&R":"LoadImage"},"widgets_values":["40c0e2c2911fdd558c0358937e35e12 (1).jpg","image"]},{"id":99,"type":"ImageBatch","pos":[-2196,405],"size":{"0":210,"1":46},"flags":{},"order":20,"mode":0,"inputs":[{"name":"image1","type":"IMAGE","link":229,"label":"图像1"},{"name":"image2","type":"IMAGE","link":171,"label":"图像2"}],"outputs":[{"name":"IMAGE","type":"IMAGE","links":[234],"shape":3,"label":"图像","slot_index":0}],"properties":{"Node name for S&R":"ImageBatch"}},{"id":134,"type":"ImageBatch","pos":[-2341,571],"size":{"0":210,"1":46},"flags":{},"order":23,"mode":0,"inputs":[{"name":"image1","type":"IMAGE","link":232,"label":"图像1","slot_index":0},{"name":"image2","type":"IMAGE","link":233,"label":"图像2","slot_index":1}],"outputs":[{"name":"IMAGE","type":"IMAGE","links":[235],"shape":3,"label":"图像","slot_index":0}],"properties":{"Node name for S&R":"ImageBatch"}},{"id":139,"type":"LoadImage","pos":[-3960,737],"size":{"0":315,"1":314.0000305175781},"flags":{},"order":8,"mode":0,"outputs":[{"name":"IMAGE","type":"IMAGE","links":[236],"shape":3,"label":"图像"},{"name":"MASK","type":"MASK","links":null,"shape":3,"label":"遮罩"}],"properties":{"Node name for S&R":"LoadImage"},"widgets_values":["4796dc5bb9a70137d7a5dec9e0565eb.jpg","image"]},{"id":140,"type":"LoadImage","pos":[-3433,783],"size":{"0":315,"1":314},"flags":{},"order":9,"mode":0,"outputs":[{"name":"IMAGE","type":"IMAGE","links":[238],"shape":3,"label":"图像"},{"name":"MASK","type":"MASK","links":null,"shape":3,"label":"遮罩"}],"properties":{"Node name for S&R":"LoadImage"},"widgets_values":["8eee9f3da44b29ac12b1c4b65047743 (2).jpg","image"]},{"id":138,"type":"ImageBatch","pos":[-1870,453],"size":{"0":210,"1":46},"flags":{},"order":29,"mode":0,"inputs":[{"name":"image1","type":"IMAGE","link":234,"label":"图像1"},{"name":"image2","type":"IMAGE","link":235,"label":"图像2"}],"outputs":[{"name":"IMAGE","type":"IMAGE","links":[239],"shape":3,"label":"图像","slot_index":0}],"properties":{"Node name for S&R":"ImageBatch"}},{"id":135,"type":"ImageBatch","pos":[-1915,583],"size":{"0":210,"1":46},"flags":{},"order":21,"mode":0,"inputs":[{"name":"image1","type":"IMAGE","link":236,"label":"图像1","slot_index":0},{"name":"image2","type":"IMAGE","link":238,"label":"图像2","slot_index":1}],"outputs":[{"name":"IMAGE","type":"IMAGE","links":[240],"shape":3,"label":"图像","slot_index":0}],"properties":{"Node name for S&R":"ImageBatch"}},{"id":141,"type":"ImageBatch","pos":[-1628,516],"size":{"0":210,"1":46},"flags":{},"order":31,"mode":0,"inputs":[{"name":"image1","type":"IMAGE","link":239,"label":"图像1"},{"name":"image2","type":"IMAGE","link":240,"label":"图像2"}],"outputs":[{"name":"IMAGE","type":"IMAGE","links":[241],"shape":3,"label":"图像","slot_index":0}],"properties":{"Node name for S&R":"ImageBatch"}},{"id":105,"type":"PreviewImage","pos":[-2833,-547],"size":{"0":210,"1":246},"flags":{},"order":27,"mode":0,"inputs":[{"name":"images","type":"IMAGE","link":182,"label":"图像"}],"properties":{"Node name for S&R":"PreviewImage"}},{"id":107,"type":"CannyEdgePreprocessor","pos":[-2841.212337639514,-787.2042214847459],"size":{"0":315,"1":106},"flags":{},"order":22,"mode":0,"inputs":[{"name":"image","type":"IMAGE","link":181,"label":"图像"}],"outputs":[{"name":"IMAGE","type":"IMAGE","links":[182,183],"shape":3,"label":"图像","slot_index":0}],"properties":{"Node name for S&R":"CannyEdgePreprocessor"},"widgets_values":[100,200,1024]},{"id":5,"type":"EmptyLatentImage","pos":[-597,-278],"size":{"0":315,"1":106},"flags":{},"order":10,"mode":0,"outputs":[{"name":"LATENT","type":"LATENT","links":[2],"slot_index":0,"label":"Latent"}],"properties":{"Node name for S&R":"EmptyLatentImage"},"widgets_values":[1024,1024,1]},{"id":33,"type":"KSampler","pos":[1995.4074884559202,398.93055903980047],"size":{"0":315,"1":474},"flags":{},"order":41,"mode":4,"inputs":[{"name":"model","type":"MODEL","link":86,"label":"模型","slot_index":0},{"name":"positive","type":"CONDITIONING","link":243,"label":"正面条件","slot_index":1},{"name":"negative","type":"CONDITIONING","link":84,"label":"负面条件","slot_index":2},{"name":"latent_image","type":"LATENT","link":56,"label":"Latent"}],"outputs":[{"name":"LATENT","type":"LATENT","links":[57],"shape":3,"label":"Latent","slot_index":0}],"properties":{"Node name for S&R":"KSampler"},"widgets_values":[192965941809042,"randomize",40,8,"euler","normal",0.6]},{"id":35,"type":"SaveImage","pos":[2325.3382580254047,518.2923157445608],"size":{"0":315,"1":270},"flags":{},"order":47,"mode":4,"inputs":[{"name":"images","type":"IMAGE","link":58,"label":"图像"}],"properties":{},"widgets_values":["ComfyUI"]},{"id":45,"type":"ImageScale","pos":[1549.8068783889887,1445.7983607542053],"size":{"0":315,"1":130},"flags":{},"order":30,"mode":0,"inputs":[{"name":"image","type":"IMAGE","link":111,"label":"图像"}],"outputs":[{"name":"IMAGE","type":"IMAGE","links":[112],"shape":3,"label":"图像","slot_index":0}],"properties":{"Node name for S&R":"ImageScale"},"widgets_values":["nearest-exact",2048,2048,"disabled"]},{"id":130,"type":"Reroute","pos":[610.8183659692711,-206.49405321664045],"size":[75,26],"flags":{},"order":40,"mode":0,"inputs":[{"name":"","type":"*","link":248,"slot_index":0}],"outputs":[{"name":"","type":"IMAGE","links":[255],"slot_index":0}],"properties":{"showOutputText":false,"horizontal":false}},{"id":8,"type":"VAEDecode","pos":[130,-475],"size":{"0":210,"1":46},"flags":{},"order":36,"mode":0,"inputs":[{"name":"samples","type":"LATENT","link":7,"label":"Latent"},{"name":"vae","type":"VAE","link":8,"label":"VAE"}],"outputs":[{"name":"IMAGE","type":"IMAGE","links":[9,248],"slot_index":0,"label":"图像"}],"properties":{"Node name for S&R":"VAEDecode"}},{"id":3,"type":"KSampler","pos":[-217,-467],"size":{"0":315,"1":474},"flags":{},"order":34,"mode":0,"inputs":[{"name":"model","type":"MODEL","link":53,"label":"模型"},{"name":"positive","type":"CONDITIONING","link":186,"label":"正面条件"},{"name":"negative","type":"CONDITIONING","link":76,"label":"负面条件"},{"name":"latent_image","type":"LATENT","link":2,"label":"Latent"}],"outputs":[{"name":"LATENT","type":"LATENT","links":[7,54],"slot_index":0,"label":"Latent"}],"properties":{"Node name for S&R":"KSampler"},"widgets_values":[1116943601329016,"randomize",30,8,"euler","normal",1]},{"id":48,"type":"KSampler","pos":[2184.049066871816,1337.157019055119],"size":{"0":315,"1":262},"flags":{},"order":35,"mode":0,"inputs":[{"name":"model","type":"MODEL","link":104,"label":"模型","slot_index":0},{"name":"positive","type":"CONDITIONING","link":246,"label":"正面条件","slot_index":1},{"name":"negative","type":"CONDITIONING","link":106,"label":"负面条件","slot_index":2},{"name":"latent_image","type":"LATENT","link":108,"label":"Latent","slot_index":3}],"outputs":[{"name":"LATENT","type":"LATENT","links":[100],"shape":3,"label":"Latent","slot_index":0}],"properties":{"Node name for S&R":"KSampler"},"widgets_values":[416767860452944,"randomize",30,8,"euler","normal",0.6]},{"id":44,"type":"ImageUpscaleWithModel","pos":[1243.0490668718069,1514.1570190551188],"size":{"0":241.79998779296875,"1":46},"flags":{},"order":24,"mode":0,"inputs":[{"name":"upscale_model","type":"UPSCALE_MODEL","link":109,"label":"放大模型","slot_index":0},{"name":"image","type":"IMAGE","link":253,"label":"图像","slot_index":1}],"outputs":[{"name":"IMAGE","type":"IMAGE","links":[111],"shape":3,"label":"图像","slot_index":0}],"properties":{"Node name for S&R":"ImageUpscaleWithModel"}},{"id":34,"type":"VAEDecode","pos":[2414.4370661338908,419.84228717617634],"size":{"0":210,"1":46},"flags":{},"order":44,"mode":4,"inputs":[{"name":"samples","type":"LATENT","link":57,"label":"Latent"},{"name":"vae","type":"VAE","link":62,"label":"VAE","slot_index":1}],"outputs":[{"name":"IMAGE","type":"IMAGE","links":[58,254],"shape":3,"label":"图像","slot_index":0}],"properties":{"Node name for S&R":"VAEDecode"}},{"id":146,"type":"Reroute","pos":[1332.319588430671,-98.87460664134267],"size":[75,26],"flags":{},"order":48,"mode":0,"inputs":[{"name":"","type":"*","link":254}],"outputs":[{"name":"","type":"IMAGE","links":null}],"properties":{"showOutputText":false,"horizontal":false}},{"id":145,"type":"Reroute","pos":[1091,872],"size":[75,26],"flags":{},"order":11,"mode":0,"inputs":[{"name":"","type":"*","link":null}],"outputs":[{"name":"","type":"*","links":[253],"slot_index":0}],"properties":{"showOutputText":false,"horizontal":false}},{"id":129,"type":"Reroute","pos":[893,-24],"size":[75,26],"flags":{},"order":43,"mode":0,"inputs":[{"name":"","type":"*","link":255,"slot_index":0}],"outputs":[{"name":"","type":"IMAGE","links":[221,222],"slot_index":0}],"properties":{"showOutputText":false,"horizontal":false}},{"id":50,"type":"SaveImage","pos":[2791.9166250806584,1319.2125476976087],"size":{"0":315,"1":270.00006103515625},"flags":{},"order":42,"mode":0,"inputs":[{"name":"images","type":"IMAGE","link":101,"label":"图像"}],"properties":{},"widgets_values":["ComfyUI"]},{"id":118,"type":"PreviewImage","pos":[2779.9166250806584,1621.2125476976084],"size":{"0":397.8861083984375,"1":550.5215454101562},"flags":{},"order":51,"mode":0,"inputs":[{"name":"images","type":"IMAGE","link":259,"label":"图像"}],"properties":{"Node name for S&R":"PreviewImage"},"color":"#323","bgcolor":"#535"},{"id":9,"type":"SaveImage","pos":[2597.9166250806584,1319.2125476976087],"size":{"0":210,"1":270},"flags":{},"order":39,"mode":0,"inputs":[{"name":"images","type":"IMAGE","link":9,"label":"图像"}],"properties":{},"widgets_values":["ComfyUI"]},{"id":65,"type":"PreviewImage","pos":[421,185],"size":{"0":210,"1":246},"flags":{},"order":49,"mode":0,"inputs":[{"name":"images","type":"IMAGE","link":136,"label":"图像"}],"properties":{"Node name for S&R":"PreviewImage"}},{"id":103,"type":"ControlNetLoader","pos":[-2678,-209],"size":{"0":315,"1":82},"flags":{},"order":12,"mode":0,"outputs":[{"name":"CONTROL_NET","type":"CONTROL_NET","links":[179],"shape":3,"label":"ControlNet","slot_index":0}],"properties":{"Node name for S&R":"ControlNetLoader"},"widgets_values":["diffusers_xl_canny_full.safetensors",null]},{"id":6,"type":"CLIPTextEncode","pos":[-1483,-513],"size":{"0":422.84503173828125,"1":164.31304931640625},"flags":{},"order":18,"mode":0,"inputs":[{"name":"clip","type":"CLIP","link":3,"label":"CLIP"}],"outputs":[{"name":"CONDITIONING","type":"CONDITIONING","links":[184,185],"slot_index":0,"label":"条件"}],"properties":{"Node name for S&R":"CLIPTextEncode"},"widgets_values":["1girl\n"]},{"id":104,"type":"LoadImage","pos":[3096,1289],"size":{"0":315,"1":314.0000305175781},"flags":{},"order":13,"mode":0,"outputs":[{"name":"IMAGE","type":"IMAGE","links":[181],"shape":3,"label":"图像","slot_index":0},{"name":"MASK","type":"MASK","links":null,"shape":3,"label":"遮罩"}],"properties":{"Node name for S&R":"LoadImage"},"widgets_values":["白色背景 - 副本 (1).jpg","image"]},{"id":23,"type":"IPAdapterApply","pos":[-1323,240],"size":{"0":315,"1":258},"flags":{},"order":33,"mode":0,"inputs":[{"name":"ipadapter","type":"IPADAPTER","link":47,"label":"IP适配","slot_index":0},{"name":"clip_vision","type":"CLIP_VISION","link":48,"label":"CLIP视觉","slot_index":1},{"name":"image","type":"IMAGE","link":241,"label":"图像","slot_index":2},{"name":"model","type":"MODEL","link":52,"label":"模型"},{"name":"attn_mask","type":"MASK","link":null,"label":"关注层遮罩"}],"outputs":[{"name":"MODEL","type":"MODEL","links":[53,86,104],"shape":3,"label":"模型","slot_index":0}],"properties":{"Node name for S&R":"IPAdapterApply"},"widgets_values":[0.8,0.15,"original",0,1,false]},{"id":106,"type":"ControlNetApply","pos":[-2215,-819],"size":{"0":317.4000244140625,"1":98},"flags":{},"order":28,"mode":0,"inputs":[{"name":"conditioning","type":"CONDITIONING","link":184,"label":"条件"},{"name":"control_net","type":"CONTROL_NET","link":179,"label":"ControlNet"},{"name":"image","type":"IMAGE","link":183,"label":"图像"}],"outputs":[{"name":"CONDITIONING","type":"CONDITIONING","links":[186,243,246],"shape":3,"label":"条件","slot_index":0}],"properties":{"Node name for S&R":"ControlNetApply"},"widgets_values":[0.7000000000000001]},{"id":137,"type":"LoadImage","pos":[-2875,707],"size":{"0":315,"1":314},"flags":{},"order":14,"mode":0,"outputs":[{"name":"IMAGE","type":"IMAGE","links":[233],"shape":3,"label":"图像"},{"name":"MASK","type":"MASK","links":null,"shape":3,"label":"遮罩"}],"properties":{"Node name for S&R":"LoadImage"},"widgets_values":["1d058a1e33332c1687b945c683a96d3 (2).jpg","image"]},{"id":46,"type":"UpscaleModelLoader","pos":[910.0490668718087,1327.1570190551195],"size":{"0":315,"1":82},"flags":{},"order":15,"mode":0,"outputs":[{"name":"UPSCALE_MODEL","type":"UPSCALE_MODEL","links":[109],"shape":3,"label":"放大模型","slot_index":0}],"properties":{"Node name for S&R":"UpscaleModelLoader"},"widgets_values":["BSRGAN.pth",null]},{"id":66,"type":"CropFace","pos":[62,548],"size":{"0":315,"1":58},"flags":{},"order":46,"mode":0,"inputs":[{"name":"image","type":"IMAGE","link":222,"label":"image","slot_index":0}],"outputs":[{"name":"IMAGE","type":"IMAGE","links":[138],"shape":3,"label":"IMAGE","slot_index":0}],"properties":{"Node name for S&R":"CropFace"},"widgets_values":["retinaface_resnet50"]},{"id":64,"type":"FaceRestoreModelLoader","pos":[93,123],"size":{"0":315,"1":58},"flags":{},"order":16,"mode":0,"outputs":[{"name":"FACERESTORE_MODEL","type":"FACERESTORE_MODEL","links":[135],"shape":3,"label":"FACERESTORE_MODEL"}],"properties":{"Node name for S&R":"FaceRestoreModelLoader"},"widgets_values":[null]},{"id":63,"type":"FaceRestoreWithModel","pos":[33,368],"size":{"0":315,"1":78},"flags":{},"order":66,"mode":0,"inputs":[{"name":"facerestore_model","type":"FACERESTORE_MODEL","link":135,"label":"facerestore_model","slot_index":0},{"name":"image","type":"IMAGE","link":221,"label":"image","slot_index":1}],"outputs":[{"name":"IMAGE","type":"IMAGE","links":[136,215,218],"shape":3,"label":"IMAGE","slot_index":0}],"properties":{"Node name for S&R":"FaceRestoreWithModel"},"widgets_values":["retinaface_resnet50"]}],"links":[[2,5,0,3,3,"LATENT"],[3,4,1,6,0,"CLIP"],[5,4,1,7,0,"CLIP"],[7,3,0,8,0,"LATENT"],[8,4,2,8,1,"VAE"],[9,8,0,9,0,"IMAGE"],[19,19,0,15,0,"IMAGE"],[20,15,0,20,0,"IMAGE"],[47,24,0,23,0,"IPADAPTER"],[48,27,0,23,1,"CLIP_VISION"],[52,4,0,23,3,"MODEL"],[53,23,0,3,0,"MODEL"],[54,3,0,30,0,"LATENT"],[56,30,0,33,3,"LATENT"],[57,33,0,34,0,"LATENT"],[58,34,0,35,0,"IMAGE"],[62,4,2,34,1,"VAE"],[76,7,0,3,2,"CONDITIONING"],[77,15,0,36,2,"IMAGE"],[82,16,0,36,1,"CONTROL_NET"],[84,7,0,33,2,"CONDITIONING"],[86,23,0,33,0,"MODEL"],[100,48,0,49,0,"LATENT"],[101,49,0,50,0,"IMAGE"],[103,4,2,47,1,"VAE"],[104,23,0,48,0,"MODEL"],[106,7,0,48,2,"CONDITIONING"],[107,4,2,49,1,"VAE"],[108,47,0,48,3,"LATENT"],[109,46,0,44,0,"UPSCALE_MODEL"],[111,44,0,45,0,"IMAGE"],[112,45,0,47,0,"IMAGE"],[135,64,0,63,0,"FACERESTORE_MODEL"],[136,63,0,65,0,"IMAGE"],[138,66,0,67,0,"IMAGE"],[171,98,0,99,1,"IMAGE"],[179,103,0,106,1,"CONTROL_NET"],[181,104,0,107,0,"IMAGE"],[182,107,0,105,0,"IMAGE"],[183,107,0,106,2,"IMAGE"],[184,6,0,106,0,"CONDITIONING"],[185,6,0,36,0,"CONDITIONING"],[186,106,0,3,1,"CONDITIONING"],[221,129,0,63,1,"IMAGE"],[222,129,0,66,0,"IMAGE"],[229,92,0,99,0,"IMAGE"],[232,136,0,134,0,"IMAGE"],[233,137,0,134,1,"IMAGE"],[234,99,0,138,0,"IMAGE"],[235,134,0,138,1,"IMAGE"],[236,139,0,135,0,"IMAGE"],[238,140,0,135,1,"IMAGE"],[239,138,0,141,0,"IMAGE"],[240,135,0,141,1,"IMAGE"],[241,141,0,23,2,"IMAGE"],[243,106,0,33,1,"CONDITIONING"],[246,106,0,48,1,"CONDITIONING"],[248,8,0,130,0,"*"],[253,145,0,44,1,"IMAGE"],[254,34,0,146,0,"*"],[255,130,0,129,0,"*"],[259,63,0,118,0,"IMAGE"]],"groups":[{"title":"提示词输入","bounding":[-1643,-659,943,734],"color":"#3f789e","font_size":24},{"title":"控制","bounding":[1226,2353,1119,619],"color":"#3f789e","font_size":24},{"title":"ipadapter","bounding":[-1805,122,853,646],"color":"#3f789e","font_size":24},{"title":"你想成为什么就会是什么","bounding":[-579,-581,940,580],"color":"#3f789e","font_size":24},{"title":"潜空间放大","bounding":[1559,350,1137,604],"color":"#3f789e","font_size":24},{"title":"非潜空间放大","bounding":[888,1228,2309,499],"color":"#3f789e","font_size":24},{"title":"动画","bounding":[1612,-868,1119,627],"color":"#3f789e","font_size":24},{"title":"面部修复","bounding":[7,100,656,657],"color":"#3f789e","font_size":24},{"title":"脸部修复克隆","bounding":[733,-871,849,668],"color":"#3f789e","font_size":24},{"title":"SDXL controlnet","bounding":[-3299,-886,1648,886],"color":"#3f789e","font_size":24},{"title":"Group","bounding":[713,-1772,1783,893],"color":"#3f789e","font_size":24},{"title":"手部修复","bounding":[-2479,863,3203,1410],"color":"#3f789e","font_size":24}],"config":{},"extra":{"workspace_info":{"id":"4dd00c04-eca6-4ccd-a2e0-85df4f8120f4","name":"sdxl面部手部修复风格迁移2"}},"version":0.4}