{"last_node_id":19,"last_link_id":35,"nodes":[{"id":12,"type":"SDTurboScheduler","pos":[94,-41],"size":{"0":315,"1":82},"flags":{},"order":3,"mode":0,"inputs":[{"name":"model","type":"MODEL","link":21,"label":"模型","slot_index":0}],"outputs":[{"name":"SIGMAS","type":"SIGMAS","links":[27],"shape":3,"label":"Sigmas","slot_index":0}],"properties":{"Node name for S&R":"SDTurboScheduler"},"widgets_values":[1,1]},{"id":8,"type":"VAEDecode","pos":[1221,103],"size":{"0":210,"1":46},"flags":{},"order":7,"mode":0,"inputs":[{"name":"samples","type":"LATENT","link":35,"label":"Latent"},{"name":"vae","type":"VAE","link":8,"label":"VAE"}],"outputs":[{"name":"IMAGE","type":"IMAGE","links":[9],"slot_index":0,"label":"图像"}],"properties":{"Node name for S&R":"VAEDecode"}},{"id":5,"type":"EmptyLatentImage","pos":[329,587],"size":{"0":315,"1":106},"flags":{},"order":0,"mode":0,"outputs":[{"name":"LATENT","type":"LATENT","links":[33],"slot_index":0,"label":"Latent"}],"properties":{"Node name for S&R":"EmptyLatentImage"},"widgets_values":[1024,1024,1]},{"id":6,"type":"CLIPTextEncode","pos":[78,149],"size":{"0":422.84503173828125,"1":164.31304931640625},"flags":{},"order":4,"mode":0,"inputs":[{"name":"clip","type":"CLIP","link":16,"label":"CLIP"}],"outputs":[{"name":"CONDITIONING","type":"CONDITIONING","links":[31],"slot_index":0,"label":"条件"}],"properties":{"Node name for S&R":"CLIPTextEncode"},"widgets_values":["1girl"]},{"id":17,"type":"SamplerCustom","pos":[689,-55],"size":{"0":355.20001220703125,"1":230},"flags":{},"order":6,"mode":0,"inputs":[{"name":"model","type":"MODEL","link":28,"label":"模型"},{"name":"positive","type":"CONDITIONING","link":31,"label":"正面条件"},{"name":"negative","type":"CONDITIONING","link":32,"label":"负面条件","slot_index":2},{"name":"sampler","type":"SAMPLER","link":34,"label":"采样器","slot_index":3},{"name":"sigmas","type":"SIGMAS","link":27,"label":"Sigmas"},{"name":"latent_image","type":"LATENT","link":33,"label":"Latent"}],"outputs":[{"name":"output","type":"LATENT","links":[35],"shape":3,"label":"输出","slot_index":0},{"name":"denoised_output","type":"LATENT","links":null,"shape":3,"label":"降噪输出"}],"properties":{"Node name for S&R":"SamplerCustom"},"widgets_values":[true,166446335399800,"randomize",1]},{"id":18,"type":"KSamplerSelect","pos":[-259,97],"size":{"0":315,"1":58},"flags":{},"order":1,"mode":0,"outputs":[{"name":"SAMPLER","type":"SAMPLER","links":[34],"shape":3,"label":"采样器"}],"properties":{"Node name for S&R":"KSamplerSelect"},"widgets_values":["euler"]},{"id":7,"type":"CLIPTextEncode","pos":[576,317],"size":{"0":425.27801513671875,"1":180.6060791015625},"flags":{},"order":5,"mode":0,"inputs":[{"name":"clip","type":"CLIP","link":17,"label":"CLIP"}],"outputs":[{"name":"CONDITIONING","type":"CONDITIONING","links":[32],"slot_index":0,"label":"条件"}],"properties":{"Node name for S&R":"CLIPTextEncode"},"widgets_values":["text, watermark"]},{"id":9,"type":"SaveImage","pos":[1090,358],"size":{"0":210,"1":270},"flags":{},"order":8,"mode":0,"inputs":[{"name":"images","type":"IMAGE","link":9,"label":"图像"}],"properties":{},"widgets_values":["ComfyUI"]},{"id":4,"type":"CheckpointLoaderSimple","pos":[-386,237],"size":{"0":315,"1":122},"flags":{},"order":2,"mode":0,"outputs":[{"name":"MODEL","type":"MODEL","links":[21,28],"slot_index":0,"label":"模型"},{"name":"CLIP","type":"CLIP","links":[16,17],"slot_index":1,"label":"CLIP"},{"name":"VAE","type":"VAE","links":[8],"slot_index":2,"label":"VAE"}],"properties":{"Node name for S&R":"CheckpointLoaderSimple"},"widgets_values":["sd_xl_turbo_1.0.safetensors",null]}],"links":[[8,4,2,8,1,"VAE"],[9,8,0,9,0,"IMAGE"],[16,4,1,6,0,"CLIP"],[17,4,1,7,0,"CLIP"],[21,4,0,12,0,"MODEL"],[27,12,0,17,4,"SIGMAS"],[28,4,0,17,0,"MODEL"],[31,6,0,17,1,"CONDITIONING"],[32,7,0,17,2,"CONDITIONING"],[33,5,0,17,5,"LATENT"],[34,18,0,17,3,"SAMPLER"],[35,17,0,8,0,"LATENT"]],"groups":[],"config":{},"extra":{"workspace_info":{"id":"0ecaec12-397a-4365-b42e-253b5b9d4a42","name":"SDXL Turbo"}},"version":0.4}