{"last_node_id":61,"last_link_id":100,"nodes":[{"id":40,"type":"VAEEncode","pos":[3279.8254396629964,1263.3783247226688],"size":{"0":210,"1":46},"flags":{},"order":28,"mode":4,"inputs":[{"name":"pixels","type":"IMAGE","link":50,"label":"图像"},{"name":"vae","type":"VAE","link":57,"label":"VAE"}],"outputs":[{"name":"LATENT","type":"LATENT","links":[51],"shape":3,"label":"Latent","slot_index":0}],"properties":{"Node name for S&R":"VAEEncode"}},{"id":35,"type":"VAEDecode","pos":[2459.8254396629973,1423.3783247226684],"size":{"0":210,"1":46},"flags":{},"order":19,"mode":4,"inputs":[{"name":"samples","type":"LATENT","link":45,"label":"Latent"},{"name":"vae","type":"VAE","link":55,"label":"VAE"}],"outputs":[{"name":"IMAGE","type":"IMAGE","links":[46],"shape":3,"label":"图像","slot_index":0}],"properties":{"Node name for S&R":"VAEDecode"}},{"id":37,"type":"ImageUpscaleWithModel","pos":[2679.8254396629973,1413.3783247226684],"size":{"0":241.79998779296875,"1":46},"flags":{},"order":23,"mode":4,"inputs":[{"name":"upscale_model","type":"UPSCALE_MODEL","link":47,"label":"放大模型","slot_index":0},{"name":"image","type":"IMAGE","link":46,"label":"图像"}],"outputs":[{"name":"IMAGE","type":"IMAGE","links":[49],"shape":3,"label":"图像","slot_index":0}],"properties":{"Node name for S&R":"ImageUpscaleWithModel"}},{"id":42,"type":"VAEDecode","pos":[3699.8254396629986,1273.3783247226688],"size":{"0":210,"1":46},"flags":{},"order":30,"mode":4,"inputs":[{"name":"samples","type":"LATENT","link":52,"label":"Latent"},{"name":"vae","type":"VAE","link":56,"label":"VAE"}],"outputs":[{"name":"IMAGE","type":"IMAGE","links":[53],"shape":3,"label":"图像","slot_index":0}],"properties":{"Node name for S&R":"VAEDecode"}},{"id":33,"type":"SaveImage","pos":[4301.0268003477795,413.6003251220706],"size":{"0":315,"1":270},"flags":{},"order":27,"mode":4,"inputs":[{"name":"images","type":"IMAGE","link":39,"label":"图像"}],"properties":{},"widgets_values":["ComfyUI"]},{"id":32,"type":"VAEDecode","pos":[4321.0268003477795,252.60032512207042],"size":{"0":210,"1":46},"flags":{},"order":25,"mode":4,"inputs":[{"name":"samples","type":"LATENT","link":69,"label":"Latent","slot_index":0},{"name":"vae","type":"VAE","link":44,"label":"VAE"}],"outputs":[{"name":"IMAGE","type":"IMAGE","links":[39],"shape":3,"label":"图像","slot_index":0}],"properties":{"Node name for S&R":"VAEDecode"}},{"id":14,"type":"LoadImage","pos":[1538.8952822769772,268.55010212339766],"size":[315,314.00000762939453],"flags":{},"order":0,"mode":4,"outputs":[{"name":"IMAGE","type":"IMAGE","links":[13],"shape":3,"label":"图像"},{"name":"MASK","type":"MASK","links":null,"shape":3,"label":"遮罩"}],"properties":{"Node name for S&R":"LoadImage"},"widgets_values":["wlop-49se.jpg","image"]},{"id":31,"type":"KSampler","pos":[3953.279880859374,318.6003251220705],"size":{"0":315,"1":474},"flags":{},"order":22,"mode":4,"inputs":[{"name":"model","type":"MODEL","link":41,"label":"模型"},{"name":"positive","type":"CONDITIONING","link":42,"label":"正面条件"},{"name":"negative","type":"CONDITIONING","link":43,"label":"负面条件"},{"name":"latent_image","type":"LATENT","link":37,"label":"Latent"}],"outputs":[{"name":"LATENT","type":"LATENT","links":[69],"shape":3,"label":"Latent","slot_index":0}],"properties":{"Node name for S&R":"KSampler"},"widgets_values":[919753300893511,"randomize",30,8,"euler","normal",0.5]},{"id":11,"type":"IPAdapterModelLoader","pos":[1171,242],"size":{"0":315,"1":58},"flags":{},"order":1,"mode":4,"outputs":[{"name":"IPADAPTER","type":"IPADAPTER","links":[10],"shape":3,"label":"IP适配"}],"properties":{"Node name for S&R":"IPAdapterModelLoader"},"widgets_values":["ip-adapter-faceid-plus_sd15.bin"]},{"id":13,"type":"CLIPVisionLoader","pos":[1180,354],"size":{"0":315,"1":82},"flags":{},"order":2,"mode":4,"outputs":[{"name":"CLIP_VISION","type":"CLIP_VISION","links":[12],"shape":3,"label":"CLIP视觉"}],"properties":{"Node name for S&R":"CLIPVisionLoader"},"widgets_values":["SD1.5\\model.safetensors",null]},{"id":10,"type":"IPAdapterApply","pos":[1176,489],"size":{"0":315,"1":258},"flags":{},"order":10,"mode":4,"inputs":[{"name":"ipadapter","type":"IPADAPTER","link":10,"label":"IP适配","slot_index":0},{"name":"clip_vision","type":"CLIP_VISION","link":12,"label":"CLIP视觉","slot_index":1},{"name":"image","type":"IMAGE","link":13,"label":"图像","slot_index":2},{"name":"model","type":"MODEL","link":14,"label":"模型","slot_index":3},{"name":"attn_mask","type":"MASK","link":null,"label":"关注层遮罩"}],"outputs":[{"name":"MODEL","type":"MODEL","links":[15],"shape":3,"label":"模型","slot_index":0}],"properties":{"Node name for S&R":"IPAdapterApply"},"widgets_values":[1,0,"original",0,1,false]},{"id":18,"type":"ControlNetLoader","pos":[2166,84],"size":{"0":315,"1":82},"flags":{},"order":3,"mode":0,"outputs":[{"name":"CONTROL_NET","type":"CONTROL_NET","links":[19],"shape":3,"label":"ControlNet"}],"properties":{"Node name for S&R":"ControlNetLoader"},"widgets_values":["control_v11p_sd15_lineart_fp16.safetensors",null]},{"id":19,"type":"LoadImage","pos":[1908,198],"size":{"0":315,"1":314},"flags":{},"order":4,"mode":0,"outputs":[{"name":"IMAGE","type":"IMAGE","links":[75],"shape":3,"label":"图像","slot_index":0},{"name":"MASK","type":"MASK","links":null,"shape":3,"label":"遮罩"}],"properties":{"Node name for S&R":"LoadImage"},"widgets_values":["e4f21e661765a48db4bbc44e3ee0cd5.jpg","image"]},{"id":50,"type":"LineArtPreprocessor","pos":[2013,632],"size":{"0":315,"1":82},"flags":{},"order":9,"mode":0,"inputs":[{"name":"image","type":"IMAGE","link":75,"label":"图像"}],"outputs":[{"name":"IMAGE","type":"IMAGE","links":[76,77],"shape":3,"label":"图像","slot_index":0}],"properties":{"Node name for S&R":"LineArtPreprocessor"},"widgets_values":["disable",512]},{"id":5,"type":"EmptyLatentImage","pos":[1372,1224],"size":{"0":315,"1":106},"flags":{},"order":5,"mode":0,"outputs":[{"name":"LATENT","type":"LATENT","links":[2],"slot_index":0,"label":"Latent"}],"properties":{"Node name for S&R":"EmptyLatentImage"},"widgets_values":[640,768,1]},{"id":4,"type":"CheckpointLoaderSimple","pos":[674,671],"size":{"0":315,"1":122},"flags":{},"order":6,"mode":0,"outputs":[{"name":"MODEL","type":"MODEL","links":[14,41,58,82],"slot_index":0,"label":"模型"},{"name":"CLIP","type":"CLIP","links":[29,59],"slot_index":1,"label":"CLIP"},{"name":"VAE","type":"VAE","links":[8,44,55,56,57,85],"slot_index":2,"label":"VAE"}],"properties":{"Node name for S&R":"CheckpointLoaderSimple"},"widgets_values":["3Guofeng3_v34.safetensors",null]},{"id":20,"type":"PreviewImage","pos":[2727,243],"size":{"0":210,"1":246},"flags":{},"order":14,"mode":0,"inputs":[{"name":"images","type":"IMAGE","link":77,"label":"图像","slot_index":0}],"properties":{"Node name for S&R":"PreviewImage"}},{"id":29,"type":"LatentUpscale","pos":[3588.026800347778,533.6003251220706],"size":{"0":315,"1":130},"flags":{},"order":18,"mode":4,"inputs":[{"name":"samples","type":"LATENT","link":35,"label":"Latent"}],"outputs":[{"name":"LATENT","type":"LATENT","links":[37],"shape":3,"label":"Latent","slot_index":0}],"properties":{"Node name for S&R":"LatentUpscale"},"widgets_values":["nearest-exact",1280,1536,"disabled"]},{"id":39,"type":"ImageScale","pos":[2999.8254396629973,1533.3783247226684],"size":{"0":315,"1":130},"flags":{},"order":26,"mode":4,"inputs":[{"name":"image","type":"IMAGE","link":49,"label":"图像"}],"outputs":[{"name":"IMAGE","type":"IMAGE","links":[50],"shape":3,"label":"图像","slot_index":0}],"properties":{"Node name for S&R":"ImageScale"},"widgets_values":["nearest-exact",1280,1536,"disabled"]},{"id":41,"type":"KSampler","pos":[3459.5577207756187,1393.3019472750125],"size":{"0":315,"1":474.0000305175781},"flags":{},"order":29,"mode":4,"inputs":[{"name":"model","type":"MODEL","link":58,"label":"模型","slot_index":0},{"name":"positive","type":"CONDITIONING","link":60,"label":"正面条件"},{"name":"negative","type":"CONDITIONING","link":61,"label":"负面条件"},{"name":"latent_image","type":"LATENT","link":51,"label":"Latent"}],"outputs":[{"name":"LATENT","type":"LATENT","links":[52],"shape":3,"label":"Latent","slot_index":0}],"properties":{"Node name for S&R":"KSampler"},"widgets_values":[832225879902420,"randomize",30,5,"euler","normal",0.3]},{"id":43,"type":"SaveImage","pos":[3951.1278201625,1250.2811336484376],"size":{"0":549.4821166992188,"1":557.203857421875},"flags":{},"order":31,"mode":4,"inputs":[{"name":"images","type":"IMAGE","link":53,"label":"图像"}],"properties":{},"widgets_values":["ComfyUI"]},{"id":36,"type":"UpscaleModelLoader","pos":[2416,1274],"size":{"0":315,"1":82},"flags":{},"order":7,"mode":4,"outputs":[{"name":"UPSCALE_MODEL","type":"UPSCALE_MODEL","links":[47],"shape":3,"label":"放大模型"}],"properties":{"Node name for S&R":"UpscaleModelLoader"},"widgets_values":["4x-AnimeSharp.pth",null]},{"id":8,"type":"VAEDecode","pos":[3048,404],"size":{"0":210,"1":46},"flags":{},"order":17,"mode":0,"inputs":[{"name":"samples","type":"LATENT","link":7,"label":"Latent"},{"name":"vae","type":"VAE","link":8,"label":"VAE"}],"outputs":[{"name":"IMAGE","type":"IMAGE","links":[9,81],"slot_index":0,"label":"图像"}],"properties":{"Node name for S&R":"VAEDecode"}},{"id":16,"type":"ControlNetApply","pos":[2310,262],"size":{"0":317.4000244140625,"1":98},"flags":{},"order":15,"mode":0,"inputs":[{"name":"conditioning","type":"CONDITIONING","link":16,"label":"条件","slot_index":0},{"name":"control_net","type":"CONTROL_NET","link":19,"label":"ControlNet","slot_index":1},{"name":"image","type":"IMAGE","link":76,"label":"图像"}],"outputs":[{"name":"CONDITIONING","type":"CONDITIONING","links":[17],"shape":3,"label":"条件","slot_index":0}],"properties":{"Node name for S&R":"ControlNetApply"},"widgets_values":[0.66]},{"id":55,"type":"UpscaleModelLoader","pos":[4202,614],"size":{"0":210,"1":82},"flags":{},"order":8,"mode":0,"outputs":[{"name":"UPSCALE_MODEL","type":"UPSCALE_MODEL","links":[80,100],"shape":3,"label":"放大模型","slot_index":0}],"properties":{"Node name for S&R":"UpscaleModelLoader"},"widgets_values":["ESRGAN_4x.pth",null]},{"id":61,"type":"Reroute","pos":[4443,617.8363086669923],"size":[75,26],"flags":{},"order":13,"mode":0,"inputs":[{"name":"","type":"*","link":100}],"outputs":[{"name":"","type":"UPSCALE_MODEL","links":null}],"properties":{"showOutputText":false,"horizontal":false}},{"id":3,"type":"KSampler","pos":[1962,991],"size":{"0":315,"1":474},"flags":{},"order":16,"mode":0,"inputs":[{"name":"model","type":"MODEL","link":15,"label":"模型"},{"name":"positive","type":"CONDITIONING","link":17,"label":"正面条件"},{"name":"negative","type":"CONDITIONING","link":6,"label":"负面条件"},{"name":"latent_image","type":"LATENT","link":2,"label":"Latent"}],"outputs":[{"name":"LATENT","type":"LATENT","links":[7,35,45],"slot_index":0,"label":"Latent"}],"properties":{"Node name for S&R":"KSampler"},"widgets_values":[858876869634674,"fixed",30,8,"euler","normal",1]},{"id":52,"type":"UltimateSDUpscale","pos":[3869,710],"size":{"0":315,"1":590},"flags":{},"order":21,"mode":0,"inputs":[{"name":"image","type":"IMAGE","link":81,"label":"图像","slot_index":0},{"name":"model","type":"MODEL","link":82,"label":"模型","slot_index":1},{"name":"positive","type":"CONDITIONING","link":89,"label":"正面条件","slot_index":2},{"name":"negative","type":"CONDITIONING","link":84,"label":"负面条件","slot_index":3},{"name":"vae","type":"VAE","link":85,"label":"VAE","slot_index":4},{"name":"upscale_model","type":"UPSCALE_MODEL","link":80,"label":"放大模型"}],"outputs":[{"name":"IMAGE","type":"IMAGE","links":[87],"shape":3,"label":"图像","slot_index":0}],"properties":{"Node name for S&R":"UltimateSDUpscale"},"widgets_values":[2,858876869634674,"fixed",12,7,"euler","normal",0.09,"Linear",1024,1024,8,32,"None",1,64,8,16,"enable"]},{"id":7,"type":"CLIPTextEncode","pos":[1375,976],"size":{"0":425.27801513671875,"1":180.6060791015625},"flags":{},"order":12,"mode":0,"inputs":[{"name":"clip","type":"CLIP","link":59,"label":"CLIP"}],"outputs":[{"name":"CONDITIONING","type":"CONDITIONING","links":[6,43,61,84],"slot_index":0,"label":"条件"}],"properties":{"Node name for S&R":"CLIPTextEncode"},"widgets_values":["(((simple background))),monochrome ,lowres, bad anatomy, bad hands, text, error, missing fingers, extra digit, fewer digits, cropped, worst quality, low quality, normal quality, jpeg artifacts, signature, watermark, username, blurry, lowres, bad anatomy, bad hands, text, error, extra digit, fewer digits, cropped, worst quality, low quality, normal quality, jpeg artifacts, signature, watermark, username, blurry, ugly,pregnant,vore,duplicate,morbid,mut ilated,tran nsexual, hermaphrodite,long neck,mutated hands,poorly drawn hands,poorly drawn face,mutation,deformed,blurry,bad anatomy,bad proportions,malformed limbs,extra limbs,cloned face,disfigured,gross proportions, (((missing arms))),(((missing legs))), (((extra arms))),(((extra legs))),pubic hair, plump,bad legs,error legs,username,blurry,bad feet"]},{"id":6,"type":"CLIPTextEncode","pos":[931,995],"size":{"0":422.84503173828125,"1":164.31304931640625},"flags":{},"order":11,"mode":0,"inputs":[{"name":"clip","type":"CLIP","link":29,"label":"CLIP"}],"outputs":[{"name":"CONDITIONING","type":"CONDITIONING","links":[16,42,60,89],"slot_index":0,"label":"条件"}],"properties":{"Node name for S&R":"CLIPTextEncode"},"widgets_values":["1girl, beautiful, very pretty, realistic, long hair, side face, night background，2.5d"]},{"id":57,"type":"SaveImage","pos":[3180,651],"size":{"0":664.6469116210938,"1":659.109130859375},"flags":{},"order":24,"mode":0,"inputs":[{"name":"images","type":"IMAGE","link":87,"label":"图像"}],"properties":{},"widgets_values":["ComfyUI"]},{"id":9,"type":"SaveImage","pos":[2522,640],"size":{"0":592.7899169921875,"1":658.5390014648438},"flags":{},"order":20,"mode":0,"inputs":[{"name":"images","type":"IMAGE","link":9,"label":"图像"}],"properties":{},"widgets_values":["ComfyUI"]}],"links":[[2,5,0,3,3,"LATENT"],[6,7,0,3,2,"CONDITIONING"],[7,3,0,8,0,"LATENT"],[8,4,2,8,1,"VAE"],[9,8,0,9,0,"IMAGE"],[10,11,0,10,0,"IPADAPTER"],[12,13,0,10,1,"CLIP_VISION"],[13,14,0,10,2,"IMAGE"],[14,4,0,10,3,"MODEL"],[15,10,0,3,0,"MODEL"],[16,6,0,16,0,"CONDITIONING"],[17,16,0,3,1,"CONDITIONING"],[19,18,0,16,1,"CONTROL_NET"],[29,4,1,6,0,"CLIP"],[35,3,0,29,0,"LATENT"],[37,29,0,31,3,"LATENT"],[39,32,0,33,0,"IMAGE"],[41,4,0,31,0,"MODEL"],[42,6,0,31,1,"CONDITIONING"],[43,7,0,31,2,"CONDITIONING"],[44,4,2,32,1,"VAE"],[45,3,0,35,0,"LATENT"],[46,35,0,37,1,"IMAGE"],[47,36,0,37,0,"UPSCALE_MODEL"],[49,37,0,39,0,"IMAGE"],[50,39,0,40,0,"IMAGE"],[51,40,0,41,3,"LATENT"],[52,41,0,42,0,"LATENT"],[53,42,0,43,0,"IMAGE"],[55,4,2,35,1,"VAE"],[56,4,2,42,1,"VAE"],[57,4,2,40,1,"VAE"],[58,4,0,41,0,"MODEL"],[59,4,1,7,0,"CLIP"],[60,6,0,41,1,"CONDITIONING"],[61,7,0,41,2,"CONDITIONING"],[69,31,0,32,0,"LATENT"],[75,19,0,50,0,"IMAGE"],[76,50,0,16,2,"IMAGE"],[77,50,0,20,0,"IMAGE"],[80,55,0,52,5,"UPSCALE_MODEL"],[81,8,0,52,0,"IMAGE"],[82,4,0,52,1,"MODEL"],[84,7,0,52,3,"CONDITIONING"],[85,4,2,52,4,"VAE"],[87,52,0,57,0,"IMAGE"],[89,6,0,52,2,"CONDITIONING"],[100,55,0,61,0,"*"]],"groups":[{"title":"潜空间放大","bounding":[3560,235,1083,541],"color":"#3f789e","font_size":24},{"title":"非潜空间放大","bounding":[2380,1107,1835,604],"color":"#3f789e","font_size":24},{"title":"提示词输入","bounding":[780,906,1092,356],"color":"#3f789e","font_size":24},{"title":"画风迁移","bounding":[1187,164,673,479],"color":"#3f789e","font_size":24},{"title":"controlnet","bounding":[1932,125,706,641],"color":"#3f789e","font_size":24},{"title":"文生图","bounding":[2770,16,586,323],"color":"#3f789e","font_size":24}],"config":{},"extra":{"workspace_info":{"id":"f2080831-a933-4dc4-807e-89608db3f332","name":"Untitled Flow"}},"version":0.4}