{"last_node_id":17,"last_link_id":19,"nodes":[{"id":12,"type":"VAEEncode","pos":[729,689],"size":{"0":210,"1":46},"flags":{},"order":5,"mode":0,"inputs":[{"name":"pixels","type":"IMAGE","link":19,"label":"图像"},{"name":"vae","type":"VAE","link":16,"label":"VAE"}],"outputs":[{"name":"LATENT","type":"LATENT","links":[11],"slot_index":0,"label":"Latent"}],"properties":{"Node name for S&R":"VAEEncode"}},{"id":8,"type":"VAEDecode","pos":[876,199],"size":{"0":210,"1":46},"flags":{},"order":7,"mode":0,"inputs":[{"name":"samples","type":"LATENT","link":7,"label":"Latent"},{"name":"vae","type":"VAE","link":17,"label":"VAE"}],"outputs":[{"name":"IMAGE","type":"IMAGE","links":[9],"slot_index":0,"label":"图像"}],"properties":{"Node name for S&R":"VAEDecode"}},{"id":14,"type":"CheckpointLoaderSimple","pos":[-164,473],"size":{"0":315,"1":122},"flags":{},"order":0,"mode":0,"outputs":[{"name":"MODEL","type":"MODEL","links":[13],"shape":3,"slot_index":0,"label":"模型"},{"name":"CLIP","type":"CLIP","links":[14,15],"shape":3,"slot_index":1,"label":"CLIP"},{"name":"VAE","type":"VAE","links":[16,17],"shape":3,"slot_index":2,"label":"VAE"}],"properties":{"Node name for S&R":"CheckpointLoaderSimple"},"widgets_values":["wlopSTYLEXL_v2.safetensors",null]},{"id":7,"type":"CLIPTextEncode","pos":[366,421],"size":{"0":425.27801513671875,"1":180.6060791015625},"flags":{},"order":3,"mode":0,"inputs":[{"name":"clip","type":"CLIP","link":15,"label":"CLIP"}],"outputs":[{"name":"CONDITIONING","type":"CONDITIONING","links":[6],"slot_index":0,"label":"条件"}],"properties":{"Node name for S&R":"CLIPTextEncode"},"widgets_values":["watermark, text\n"]},{"id":9,"type":"SaveImage","pos":[285,676],"size":{"0":397.7658996582031,"1":343.6008605957031},"flags":{},"order":8,"mode":0,"inputs":[{"name":"images","type":"IMAGE","link":9,"label":"图像"}],"properties":{},"widgets_values":["ComfyUI"]},{"id":10,"type":"LoadImage","pos":[-58,689],"size":[236.62154788827905,350.69955544526397],"flags":{},"order":1,"mode":0,"outputs":[{"name":"IMAGE","type":"IMAGE","links":[18],"slot_index":0,"label":"图像"},{"name":"MASK","type":"MASK","links":null,"shape":3,"label":"遮罩"}],"properties":{"Node name for S&R":"LoadImage"},"widgets_values":["cb265b9d158bf1c8387ff9a1f36575c.png","image"]},{"id":15,"type":"ImageScaleToTotalPixels","pos":[730,785],"size":{"0":315,"1":82},"flags":{},"order":4,"mode":0,"inputs":[{"name":"image","type":"IMAGE","link":18,"label":"图像"}],"outputs":[{"name":"IMAGE","type":"IMAGE","links":[19],"shape":3,"label":"图像","slot_index":0}],"properties":{"Node name for S&R":"ImageScaleToTotalPixels"},"widgets_values":["nearest-exact",1.17]},{"id":6,"type":"CLIPTextEncode","pos":[309,203],"size":{"0":422.84503173828125,"1":164.31304931640625},"flags":{},"order":2,"mode":0,"inputs":[{"name":"clip","type":"CLIP","link":14,"label":"CLIP"}],"outputs":[{"name":"CONDITIONING","type":"CONDITIONING","links":[4],"slot_index":0,"label":"条件"}],"properties":{"Node name for S&R":"CLIPTextEncode"},"widgets_values":["wwgz style,portrait of a beautiful women highly detailed,\n "]},{"id":3,"type":"KSampler","pos":[890,373],"size":{"0":315,"1":262},"flags":{},"order":6,"mode":0,"inputs":[{"name":"model","type":"MODEL","link":13,"label":"模型"},{"name":"positive","type":"CONDITIONING","link":4,"label":"正面条件"},{"name":"negative","type":"CONDITIONING","link":6,"label":"负面条件"},{"name":"latent_image","type":"LATENT","link":11,"label":"Latent"}],"outputs":[{"name":"LATENT","type":"LATENT","links":[7],"slot_index":0,"label":"Latent"}],"properties":{"Node name for S&R":"KSampler"},"widgets_values":[528656405845027,"randomize",20,8,"euler","normal",0.35000000000000003]}],"links":[[4,6,0,3,1,"CONDITIONING"],[6,7,0,3,2,"CONDITIONING"],[7,3,0,8,0,"LATENT"],[9,8,0,9,0,"IMAGE"],[11,12,0,3,3,"LATENT"],[13,14,0,3,0,"MODEL"],[14,14,1,6,0,"CLIP"],[15,14,1,7,0,"CLIP"],[16,14,2,12,1,"VAE"],[17,14,2,8,1,"VAE"],[18,10,0,15,0,"IMAGE"],[19,15,0,12,0,"IMAGE"]],"groups":[{"title":"Loading images","bounding":[150,630,726,171],"color":"#3f789e","font_size":24}],"config":{},"extra":{"workspace_info":{"id":"408c89ff-3a64-4c53-abeb-e98da2d71682","name":"图生图"}},"version":0.4}