{"last_node_id":310,"last_link_id":678,"nodes":[{"id":163,"type":"Reroute","pos":[-840,172],"size":[75,26],"flags":{},"order":38,"mode":0,"inputs":[{"name":"","type":"*","link":282,"label":""}],"outputs":[{"name":"","type":"MODEL","links":[],"label":""}],"properties":{"showOutputText":false,"horizontal":false}},{"id":162,"type":"Reroute","pos":[-886.5894091796879,125.3155102539057],"size":[75,26],"flags":{},"order":37,"mode":0,"inputs":[{"name":"","type":"*","link":281,"slot_index":0,"label":""}],"outputs":[{"name":"","type":"MODEL","links":[276],"label":""}],"properties":{"showOutputText":false,"horizontal":false}},{"id":47,"type":"VAEEncode","pos":[1633.6626041385516,-83.89083432537691],"size":{"0":210,"1":46},"flags":{},"order":56,"mode":4,"inputs":[{"name":"pixels","type":"IMAGE","link":391,"label":"图像"},{"name":"vae","type":"VAE","link":578,"label":"VAE"}],"outputs":[{"name":"LATENT","type":"LATENT","links":[108],"shape":3,"label":"Latent","slot_index":0}],"properties":{"Node name for S&R":"VAEEncode"}},{"id":44,"type":"ImageUpscaleWithModel","pos":[985.6626041385521,-31.8908343253768],"size":{"0":241.79998779296875,"1":46},"flags":{},"order":51,"mode":4,"inputs":[{"name":"upscale_model","type":"UPSCALE_MODEL","link":109,"label":"放大模型","slot_index":0},{"name":"image","type":"IMAGE","link":253,"label":"图像","slot_index":1}],"outputs":[{"name":"IMAGE","type":"IMAGE","links":[390],"shape":3,"label":"图像","slot_index":0}],"properties":{"Node name for S&R":"ImageUpscaleWithModel"}},{"id":181,"type":"Reroute","pos":[1667.327683584155,-941.7939055690589],"size":[75,26],"flags":{},"order":55,"mode":4,"inputs":[{"name":"","type":"*","link":323,"label":""}],"outputs":[{"name":"","type":"IMAGE","links":[],"slot_index":0,"label":""}],"properties":{"showOutputText":false,"horizontal":false}},{"id":49,"type":"VAEDecode","pos":[2286.751488685625,-122.62143224628599],"size":{"0":210,"1":46},"flags":{},"order":58,"mode":4,"inputs":[{"name":"samples","type":"LATENT","link":100,"label":"Latent"},{"name":"vae","type":"VAE","link":577,"label":"VAE","slot_index":1}],"outputs":[{"name":"IMAGE","type":"IMAGE","links":[101],"shape":3,"label":"图像","slot_index":0}],"properties":{"Node name for S&R":"VAEDecode"}},{"id":46,"type":"UpscaleModelLoader","pos":[655.6626041385517,124.10916567462274],"size":{"0":315,"1":82},"flags":{},"order":0,"mode":4,"outputs":[{"name":"UPSCALE_MODEL","type":"UPSCALE_MODEL","links":[109],"shape":3,"label":"放大模型","slot_index":0}],"properties":{"Node name for S&R":"UpscaleModelLoader"},"widgets_values":["BSRGAN.pth",null]},{"id":204,"type":"ImageScaleToTotalPixels","pos":[1276.6626041385516,16.109165674622886],"size":{"0":315,"1":82},"flags":{},"order":53,"mode":4,"inputs":[{"name":"image","type":"IMAGE","link":390,"label":"图像"}],"outputs":[{"name":"IMAGE","type":"IMAGE","links":[391],"shape":3,"label":"图像","slot_index":0}],"properties":{"Node name for S&R":"ImageScaleToTotalPixels"},"widgets_values":["nearest-exact",1]},{"id":34,"type":"VAEDecode","pos":[1408.0593538454843,-936.0165487025089],"size":{"0":210,"1":46},"flags":{},"order":52,"mode":4,"inputs":[{"name":"samples","type":"LATENT","link":57,"label":"Latent"},{"name":"vae","type":"VAE","link":574,"label":"VAE","slot_index":1}],"outputs":[{"name":"IMAGE","type":"IMAGE","links":[58,323],"shape":3,"label":"图像","slot_index":0}],"properties":{"Node name for S&R":"VAEDecode"}},{"id":48,"type":"KSampler","pos":[1937.751488685626,-149.621432246286],"size":{"0":315,"1":262},"flags":{},"order":57,"mode":4,"inputs":[{"name":"model","type":"MODEL","link":525,"label":"模型","slot_index":0},{"name":"positive","type":"CONDITIONING","link":418,"label":"正面条件","slot_index":1},{"name":"negative","type":"CONDITIONING","link":106,"label":"负面条件","slot_index":2},{"name":"latent_image","type":"LATENT","link":108,"label":"Latent","slot_index":3}],"outputs":[{"name":"LATENT","type":"LATENT","links":[100],"shape":3,"label":"Latent","slot_index":0}],"properties":{"Node name for S&R":"KSampler"},"widgets_values":[711498863165878,"randomize",30,8,"euler","normal",0.3]},{"id":211,"type":"LatentUpscaleBy","pos":[600.3276835841532,-671.7939055690582],"size":{"0":315,"1":82},"flags":{},"order":47,"mode":4,"inputs":[{"name":"samples","type":"LATENT","link":407,"label":"Latent","slot_index":0}],"outputs":[{"name":"LATENT","type":"LATENT","links":[406],"shape":3,"label":"Latent","slot_index":0}],"properties":{"Node name for S&R":"LatentUpscaleBy"},"widgets_values":["bilinear",2]},{"id":172,"type":"Reroute","pos":[-4619,-1144],"size":[75,26],"flags":{},"order":22,"mode":0,"inputs":[{"name":"","type":"*","link":581,"slot_index":0,"label":""}],"outputs":[{"name":"","type":"CLIP","links":[579,580],"slot_index":0,"label":""}],"properties":{"showOutputText":false,"horizontal":false}},{"id":33,"type":"KSampler","pos":[1033.9078281266734,-824.4393047994614],"size":{"0":315,"1":474},"flags":{},"order":50,"mode":4,"inputs":[{"name":"model","type":"MODEL","link":301,"label":"模型","slot_index":0},{"name":"positive","type":"CONDITIONING","link":546,"label":"正面条件","slot_index":1},{"name":"negative","type":"CONDITIONING","link":84,"label":"负面条件","slot_index":2},{"name":"latent_image","type":"LATENT","link":406,"label":"Latent","slot_index":3}],"outputs":[{"name":"LATENT","type":"LATENT","links":[57],"shape":3,"label":"Latent","slot_index":0}],"properties":{"Node name for S&R":"KSampler"},"widgets_values":[587915817763801,"randomize",5,1.7,"lcm","sgm_uniform",0.5]},{"id":50,"type":"SaveImage","pos":[2561.2148826638804,-202.3963412074544],"size":{"0":359.25335693359375,"1":376.79833984375},"flags":{},"order":59,"mode":4,"inputs":[{"name":"images","type":"IMAGE","link":101,"label":"图像"}],"properties":{},"widgets_values":["ComfyUI"]},{"id":35,"type":"SaveImage","pos":[1432.0206333052133,-824.8094651004538],"size":{"0":359.6420593261719,"1":454.43011474609375},"flags":{},"order":54,"mode":4,"inputs":[{"name":"images","type":"IMAGE","link":58,"label":"图像"}],"properties":{},"widgets_values":["ComfyUI"]},{"id":289,"type":"ImageScaleToTotalPixels","pos":[-2358.6093197243845,1014.3039117211374],"size":{"0":315,"1":82},"flags":{},"order":12,"mode":4,"inputs":[{"name":"image","type":"IMAGE","link":624,"label":"图像","slot_index":0}],"outputs":[{"name":"IMAGE","type":"IMAGE","links":[619,620],"shape":3,"label":"图像","slot_index":0}],"properties":{"Node name for S&R":"ImageScaleToTotalPixels"},"widgets_values":["nearest-exact",0.5]},{"id":285,"type":"LoadImage","pos":[-2753.6093197243836,922.3039117211374],"size":{"0":315,"1":314.0000305175781},"flags":{},"order":1,"mode":4,"outputs":[{"name":"IMAGE","type":"IMAGE","links":[624],"shape":3,"label":"图像","slot_index":0},{"name":"MASK","type":"MASK","links":[621,622],"shape":3,"label":"遮罩","slot_index":1}],"properties":{"Node name for S&R":"LoadImage"},"widgets_values":["clipspace/clipspace-mask-15393076.png [input]","image"]},{"id":287,"type":"MaskToImage","pos":[-2668.6093197243836,1286.3039117211374],"size":{"0":210,"1":26},"flags":{},"order":13,"mode":4,"inputs":[{"name":"mask","type":"MASK","link":622,"label":"遮罩","slot_index":0}],"outputs":[{"name":"IMAGE","type":"IMAGE","links":[623],"shape":3,"label":"图像","slot_index":0}],"properties":{"Node name for S&R":"MaskToImage"}},{"id":288,"type":"PreviewImage","pos":[-2693.6093197243836,1371.3039117211374],"size":{"0":210,"1":246},"flags":{},"order":20,"mode":4,"inputs":[{"name":"images","type":"IMAGE","link":623,"label":"图像"}],"properties":{"Node name for S&R":"PreviewImage"}},{"id":284,"type":"PreviewImage","pos":[-2316.6093197243845,1183.3039117211374],"size":{"0":210,"1":246},"flags":{},"order":18,"mode":4,"inputs":[{"name":"images","type":"IMAGE","link":619,"label":"图像","slot_index":0}],"properties":{"Node name for S&R":"PreviewImage"}},{"id":167,"type":"Reroute","pos":[-1138,81],"size":[75,26],"flags":{},"order":35,"mode":0,"inputs":[{"name":"","type":"*","link":416,"slot_index":0,"label":""}],"outputs":[{"name":"","type":"MODEL","links":[281,282,283,284,285,302],"slot_index":0,"label":""}],"properties":{"showOutputText":false,"horizontal":false}},{"id":174,"type":"Reroute","pos":[-768,455],"size":[75,26],"flags":{},"order":42,"mode":0,"inputs":[{"name":"","type":"*","link":302,"slot_index":0,"label":""}],"outputs":[{"name":"","type":"MODEL","links":[301],"slot_index":0,"label":""}],"properties":{"showOutputText":false,"horizontal":false}},{"id":166,"type":"Reroute","pos":[-798,362],"size":[75,26],"flags":{},"order":41,"mode":0,"inputs":[{"name":"","type":"*","link":285,"label":""}],"outputs":[{"name":"","type":"MODEL","links":[525],"slot_index":0,"label":""}],"properties":{"showOutputText":false,"horizontal":false}},{"id":165,"type":"Reroute","pos":[-778,287],"size":[75,26],"flags":{},"order":40,"mode":0,"inputs":[{"name":"","type":"*","link":284,"label":""}],"outputs":[{"name":"","type":"MODEL","links":[],"label":""}],"properties":{"showOutputText":false,"horizontal":false}},{"id":164,"type":"Reroute","pos":[-800,228],"size":[75,26],"flags":{},"order":39,"mode":0,"inputs":[{"name":"","type":"*","link":283,"label":""}],"outputs":[{"name":"","type":"MODEL","links":[],"label":""}],"properties":{"showOutputText":false,"horizontal":false}},{"id":257,"type":"LoadImage","pos":[-2056.3649533862995,469.2879294390897],"size":{"0":315,"1":314},"flags":{},"order":2,"mode":4,"outputs":[{"name":"IMAGE","type":"IMAGE","links":[541],"shape":3,"label":"图像","slot_index":0},{"name":"MASK","type":"MASK","links":null,"shape":3,"label":"遮罩"}],"properties":{"Node name for S&R":"LoadImage"},"widgets_values":["ComfyUI_01683_.png","image"]},{"id":141,"type":"ImageBatch","pos":[-2319.364953386299,449.28792943908957],"size":{"0":210,"1":46},"flags":{},"order":14,"mode":4,"inputs":[{"name":"image1","type":"IMAGE","link":541,"label":"图像1","slot_index":0},{"name":"image2","type":"IMAGE","link":629,"label":"图像2"}],"outputs":[{"name":"IMAGE","type":"IMAGE","links":[630],"shape":3,"label":"图像","slot_index":0}],"properties":{"Node name for S&R":"ImageBatch"}},{"id":302,"type":"Reroute","pos":[-1688,-1808],"size":[75,26],"flags":{},"order":44,"mode":0,"inputs":[{"name":"","type":"*","link":660,"label":""}],"outputs":[{"name":"","type":"CONDITIONING","links":[],"slot_index":0,"label":""}],"properties":{"showOutputText":false,"horizontal":false}},{"id":145,"type":"Reroute","pos":[357,34],"size":[75,26],"flags":{},"order":48,"mode":0,"inputs":[{"name":"","type":"*","link":650,"label":""}],"outputs":[{"name":"","type":"IMAGE","links":[253],"slot_index":0,"label":""}],"properties":{"showOutputText":false,"horizontal":false}},{"id":190,"type":"Reroute","pos":[-863,-561],"size":[75,26],"flags":{},"order":26,"mode":0,"inputs":[{"name":"","type":"*","link":626,"slot_index":0,"label":""}],"outputs":[{"name":"","type":"LATENT","links":[],"slot_index":0,"label":""}],"properties":{"showOutputText":false,"horizontal":false}},{"id":286,"type":"VAEEncodeForInpaint","pos":[-1945.6619491114952,964.5742739115722],"size":{"0":315,"1":98},"flags":{},"order":19,"mode":4,"inputs":[{"name":"pixels","type":"IMAGE","link":620,"label":"图像"},{"name":"vae","type":"VAE","link":625,"label":"VAE","slot_index":1},{"name":"mask","type":"MASK","link":621,"label":"遮罩"}],"outputs":[{"name":"LATENT","type":"LATENT","links":[626],"shape":3,"label":"Latent","slot_index":0}],"properties":{"Node name for S&R":"VAEEncodeForInpaint"},"widgets_values":[6]},{"id":183,"type":"Reroute","pos":[-1506,68],"size":[75,26],"flags":{},"order":32,"mode":0,"inputs":[{"name":"","type":"*","link":655,"label":""}],"outputs":[{"name":"","type":"MODEL","links":[416],"slot_index":0,"label":""}],"properties":{"showOutputText":false,"horizontal":false}},{"id":23,"type":"IPAdapterApply","pos":[-2124,206],"size":{"0":315,"1":258},"flags":{},"order":31,"mode":4,"inputs":[{"name":"ipadapter","type":"IPADAPTER","link":47,"label":"IP适配","slot_index":0},{"name":"clip_vision","type":"CLIP_VISION","link":48,"label":"CLIP视觉","slot_index":1},{"name":"image","type":"IMAGE","link":630,"label":"图像","slot_index":2},{"name":"model","type":"MODEL","link":601,"label":"模型","slot_index":3},{"name":"attn_mask","type":"MASK","link":null,"label":"关注层遮罩"}],"outputs":[{"name":"MODEL","type":"MODEL","links":[],"shape":3,"label":"模型","slot_index":0}],"properties":{"Node name for S&R":"IPAdapterApply"},"widgets_values":[0.8,0,"original",0,1,false]},{"id":27,"type":"CLIPVisionLoader","pos":[-2683,308],"size":{"0":315,"1":82},"flags":{},"order":3,"mode":4,"outputs":[{"name":"CLIP_VISION","type":"CLIP_VISION","links":[48],"shape":3,"label":"CLIP视觉","slot_index":0}],"properties":{"Node name for S&R":"CLIPVisionLoader"},"widgets_values":["pytorch_model.bin",null]},{"id":140,"type":"LoadImage","pos":[-2690,460],"size":{"0":315,"1":314},"flags":{},"order":4,"mode":4,"outputs":[{"name":"IMAGE","type":"IMAGE","links":[629],"shape":3,"label":"图像","slot_index":0},{"name":"MASK","type":"MASK","links":null,"shape":3,"label":"遮罩","slot_index":1}],"properties":{"Node name for S&R":"LoadImage"},"widgets_values":["ComfyUI_01688_.png","image"]},{"id":24,"type":"IPAdapterModelLoader","pos":[-2690,200],"size":{"0":315,"1":58},"flags":{},"order":5,"mode":4,"outputs":[{"name":"IPADAPTER","type":"IPADAPTER","links":[47],"shape":3,"label":"IP适配"}],"properties":{"Node name for S&R":"IPAdapterModelLoader"},"widgets_values":["ip-adapter_sd15.bin"]},{"id":161,"type":"Reroute","pos":[-3208,-53],"size":[75,26],"flags":{},"order":27,"mode":0,"inputs":[{"name":"","type":"*","link":631,"slot_index":0,"label":""}],"outputs":[{"name":"","type":"MODEL","links":[601,655],"slot_index":0,"label":""}],"properties":{"showOutputText":false,"horizontal":false}},{"id":265,"type":"LoraLoader|pysssss","pos":[-5200,60],"size":{"0":402.10809326171875,"1":152.73895263671875},"flags":{},"order":17,"mode":0,"inputs":[{"name":"model","type":"MODEL","link":598,"label":"模型"},{"name":"clip","type":"CLIP","link":527,"label":"CLIP"}],"outputs":[{"name":"MODEL","type":"MODEL","links":[599],"shape":3,"label":"模型","slot_index":0},{"name":"CLIP","type":"CLIP","links":[581],"shape":3,"label":"CLIP","slot_index":1}],"properties":{"Node name for S&R":"LoraLoader|pysssss"},"widgets_values":[{"content":"lcm-lora-sdv1-5_1.safetensors","image":null},1,1,"[none]"]},{"id":264,"type":"CheckpointLoader|pysssss","pos":[-5760,80],"size":{"0":330.00848388671875,"1":125.71812438964844},"flags":{},"order":6,"mode":0,"outputs":[{"name":"MODEL","type":"MODEL","links":[598],"shape":3,"label":"模型","slot_index":0},{"name":"CLIP","type":"CLIP","links":[527],"shape":3,"label":"CLIP","slot_index":1},{"name":"VAE","type":"VAE","links":[574,575,577,578,625],"shape":3,"label":"VAE","slot_index":2}],"properties":{"Node name for S&R":"CheckpointLoader|pysssss"},"widgets_values":[{"content":"二次元月光mix — Summer Solstice.safetensors","image":"checkpoints/二次元月光mix — Summer Solstice.jpeg"},"[none]"]},{"id":277,"type":"ModelSamplingDiscrete","pos":[-4260,10],"size":{"0":315,"1":82},"flags":{"collapsed":false},"order":21,"mode":0,"inputs":[{"name":"model","type":"MODEL","link":599,"label":"模型","slot_index":0}],"outputs":[{"name":"MODEL","type":"MODEL","links":[631],"shape":3,"slot_index":0,"label":"MODEL"}],"properties":{"Node name for S&R":"ModelSamplingDiscrete"},"widgets_values":["lcm",false]},{"id":6,"type":"CLIPTextEncode","pos":[-4201,-808],"size":{"0":422.84503173828125,"1":164.31304931640625},"flags":{},"order":28,"mode":0,"inputs":[{"name":"clip","type":"CLIP","link":579,"label":"CLIP","slot_index":0}],"outputs":[{"name":"CONDITIONING","type":"CONDITIONING","links":[418,609,672],"slot_index":0,"label":"条件"}],"properties":{"Node name for S&R":"CLIPTextEncode"},"widgets_values":["1girl,beauty, "]},{"id":291,"type":"Reroute","pos":[-1948,-1346],"size":[140.8,26],"flags":{},"order":36,"mode":0,"inputs":[{"name":"","type":"*","link":632,"label":""}],"outputs":[{"name":"CONDITIONING","type":"CONDITIONING","links":[653,660],"slot_index":0,"label":"CONDITIONING"}],"properties":{"showOutputText":true,"horizontal":false},"color":"#232","bgcolor":"#353"},{"id":3,"type":"KSampler","pos":[-540,-980],"size":{"0":315,"1":474},"flags":{},"order":45,"mode":0,"inputs":[{"name":"model","type":"MODEL","link":276,"label":"模型","slot_index":0},{"name":"positive","type":"CONDITIONING","link":665,"label":"正面条件","slot_index":1},{"name":"negative","type":"CONDITIONING","link":76,"label":"负面条件"},{"name":"latent_image","type":"LATENT","link":667,"label":"Latent","slot_index":3}],"outputs":[{"name":"LATENT","type":"LATENT","links":[7,407],"slot_index":0,"label":"Latent"}],"properties":{"Node name for S&R":"KSampler"},"widgets_values":[51519480728827,"randomize",6,1.7,"lcm","normal",1]},{"id":300,"type":"Reroute","pos":[-1725,-1943],"size":[90.4,26],"flags":{},"order":16,"mode":0,"inputs":[{"name":"","type":"*","link":666,"label":""}],"outputs":[{"name":"LATENT","type":"LATENT","links":[662],"slot_index":0,"label":"LATENT"}],"properties":{"showOutputText":true,"horizontal":false},"color":"#223","bgcolor":"#335"},{"id":244,"type":"Reroute","pos":[-1549,-1280],"size":[75,26],"flags":{},"order":43,"mode":0,"inputs":[{"name":"","type":"*","link":653,"label":""}],"outputs":[{"name":"","type":"CONDITIONING","links":[546,665],"slot_index":0,"label":""}],"properties":{"showOutputText":false,"horizontal":false}},{"id":152,"type":"Reroute","pos":[-1213,-885],"size":[75,26],"flags":{},"order":7,"mode":0,"inputs":[{"name":"","type":"*","link":null,"label":""}],"outputs":[{"name":"","type":"*","links":[],"label":""}],"properties":{"showOutputText":false,"horizontal":false}},{"id":301,"type":"Reroute","pos":[-1322,-1888],"size":[75,26],"flags":{},"order":23,"mode":0,"inputs":[{"name":"","type":"*","link":662,"label":""}],"outputs":[{"name":"","type":"LATENT","links":[667],"label":"","slot_index":0}],"properties":{"showOutputText":false,"horizontal":false}},{"id":8,"type":"VAEDecode","pos":[-98,-822],"size":{"0":210,"1":46},"flags":{},"order":46,"mode":0,"inputs":[{"name":"samples","type":"LATENT","link":7,"label":"Latent"},{"name":"vae","type":"VAE","link":575,"label":"VAE"}],"outputs":[{"name":"IMAGE","type":"IMAGE","links":[650,670],"slot_index":0,"label":"图像"}],"properties":{"Node name for S&R":"VAEDecode"}},{"id":9,"type":"SaveImage","pos":[470,-1590],"size":{"0":344.46649169921875,"1":475.5738830566406},"flags":{},"order":8,"mode":0,"inputs":[{"name":"images","type":"IMAGE","link":null,"label":"图像"}],"properties":{},"widgets_values":["ComfyUI"]},{"id":292,"type":"Reroute","pos":[-1915,-1205],"size":[75,26],"flags":{},"order":34,"mode":0,"inputs":[{"name":"","type":"*","link":672,"label":""}],"outputs":[{"name":"","type":"CONDITIONING","links":[],"slot_index":0,"label":""}],"properties":{"showOutputText":false,"horizontal":false}},{"id":7,"type":"CLIPTextEncode","pos":[-4246,-457],"size":{"0":425.27801513671875,"1":180.6060791015625},"flags":{},"order":29,"mode":0,"inputs":[{"name":"clip","type":"CLIP","link":580,"label":"CLIP","slot_index":0}],"outputs":[{"name":"CONDITIONING","type":"CONDITIONING","links":[76,84,106],"slot_index":0,"label":"条件"}],"properties":{"Node name for S&R":"CLIPTextEncode"},"widgets_values":["Low quality, ugly face, wrong human body, s"]},{"id":281,"type":"ControlNetLoader","pos":[-2846,-1204],"size":{"0":315,"1":82},"flags":{},"order":9,"mode":0,"outputs":[{"name":"CONTROL_NET","type":"CONTROL_NET","links":[606],"shape":3,"label":"ControlNet","slot_index":0}],"properties":{"Node name for S&R":"ControlNetLoader"},"widgets_values":["control_v11p_sd15_depth.pth",null]},{"id":282,"type":"ControlNetApply","pos":[-2347,-1442],"size":{"0":317.4000244140625,"1":98},"flags":{},"order":33,"mode":0,"inputs":[{"name":"conditioning","type":"CONDITIONING","link":609,"label":"条件","slot_index":0},{"name":"control_net","type":"CONTROL_NET","link":606,"label":"ControlNet","slot_index":1},{"name":"image","type":"IMAGE","link":676,"label":"图像"}],"outputs":[{"name":"CONDITIONING","type":"CONDITIONING","links":[632],"shape":3,"label":"条件","slot_index":0}],"properties":{"Node name for S&R":"ControlNetApply"},"widgets_values":[0.6]},{"id":5,"type":"EmptyLatentImage","pos":[-1959,-1897],"size":{"0":315,"1":106},"flags":{},"order":10,"mode":0,"outputs":[{"name":"LATENT","type":"LATENT","links":[666],"slot_index":0,"label":"Latent"}],"properties":{"Node name for S&R":"EmptyLatentImage"},"widgets_values":[608,512,1]},{"id":310,"type":"MiDaS-DepthMapPreprocessor","pos":[-2712,-1544],"size":{"0":315,"1":106},"flags":{},"order":25,"mode":0,"inputs":[{"name":"image","type":"IMAGE","link":675,"label":"图像"}],"outputs":[{"name":"IMAGE","type":"IMAGE","links":[676,677],"shape":3,"label":"图像","slot_index":0}],"properties":{"Node name for S&R":"MiDaS-DepthMapPreprocessor"},"widgets_values":[6.283185307179586,0.1,512]},{"id":305,"type":"Image Inset Crop (rgthree)","pos":[-3096,-1431],"size":{"0":315,"1":154},"flags":{},"order":17,"mode":0,"inputs":[{"name":"image","type":"IMAGE","link":668,"label":"图像"}],"outputs":[{"name":"IMAGE","type":"IMAGE","links":[673,675],"shape":3,"label":"图像","slot_index":0}],"properties":{"Node name for S&R":"__OVERRIDE_ME__"},"widgets_values":["Pixels",48,112,104,104]},{"id":306,"type":"PreviewImage","pos":[-3059,-1006],"size":{"0":609.737060546875,"1":598.582763671875},"flags":{},"order":49,"mode":0,"inputs":[{"name":"images","type":"IMAGE","link":670,"label":"图像"}],"properties":{"Node name for S&R":"PreviewImage"}},{"id":283,"type":"ScreenShare","pos":[-3540,-1492],"size":{"0":315,"1":202},"flags":{},"order":13,"mode":0,"outputs":[{"name":"IMAGE","type":"IMAGE","links":[668],"shape":3,"label":"IMAGE","slot_index":0},{"name":"MASK","type":"MASK","links":[],"shape":3,"label":"MASK","slot_index":1}],"properties":{"Node name for S&R":"ScreenShare"}},{"id":308,"type":"PreviewImage","pos":[-2374,-1862],"size":{"0":414.5419921875,"1":300.0532531738281},"flags":{},"order":30,"mode":0,"inputs":[{"name":"images","type":"IMAGE","link":677,"label":"图像"}],"properties":{"Node name for S&R":"PreviewImage"}},{"id":307,"type":"PreviewImage","pos":[-3937,-2105],"size":{"0":572.4080810546875,"1":508.74200439453125},"flags":{},"order":24,"mode":0,"inputs":[{"name":"images","type":"IMAGE","link":673,"label":"图像"}],"properties":{"Node name for S&R":"PreviewImage"}}],"links":[[7,3,0,8,0,"LATENT"],[47,24,0,23,0,"IPADAPTER"],[48,27,0,23,1,"CLIP_VISION"],[57,33,0,34,0,"LATENT"],[58,34,0,35,0,"IMAGE"],[76,7,0,3,2,"CONDITIONING"],[84,7,0,33,2,"CONDITIONING"],[100,48,0,49,0,"LATENT"],[101,49,0,50,0,"IMAGE"],[106,7,0,48,2,"CONDITIONING"],[108,47,0,48,3,"LATENT"],[109,46,0,44,0,"UPSCALE_MODEL"],[253,145,0,44,1,"IMAGE"],[276,162,0,3,0,"MODEL"],[281,167,0,162,0,"*"],[282,167,0,163,0,"*"],[283,167,0,164,0,"*"],[284,167,0,165,0,"*"],[285,167,0,166,0,"*"],[301,174,0,33,0,"MODEL"],[302,167,0,174,0,"*"],[323,34,0,181,0,"*"],[390,44,0,204,0,"IMAGE"],[391,204,0,47,0,"IMAGE"],[406,211,0,33,3,"LATENT"],[407,3,0,211,0,"LATENT"],[416,183,0,167,0,"*"],[418,6,0,48,1,"CONDITIONING"],[525,166,0,48,0,"MODEL"],[527,264,1,265,1,"CLIP"],[541,257,0,141,0,"IMAGE"],[546,244,0,33,1,"CONDITIONING"],[574,264,2,34,1,"VAE"],[575,264,2,8,1,"VAE"],[577,264,2,49,1,"VAE"],[578,264,2,47,1,"VAE"],[579,172,0,6,0,"CLIP"],[580,172,0,7,0,"CLIP"],[581,265,1,172,0,"*"],[598,264,0,265,0,"MODEL"],[599,265,0,277,0,"MODEL"],[601,161,0,23,3,"MODEL"],[606,281,0,282,1,"CONTROL_NET"],[609,6,0,282,0,"CONDITIONING"],[619,289,0,284,0,"IMAGE"],[620,289,0,286,0,"IMAGE"],[621,285,1,286,2,"MASK"],[622,285,1,287,0,"MASK"],[623,287,0,288,0,"IMAGE"],[624,285,0,289,0,"IMAGE"],[625,264,2,286,1,"VAE"],[626,286,0,190,0,"*"],[629,140,0,141,1,"IMAGE"],[630,141,0,23,2,"IMAGE"],[631,277,0,161,0,"*"],[632,282,0,291,0,"*"],[650,8,0,145,0,"*"],[653,291,0,244,0,"*"],[655,161,0,183,0,"*"],[660,291,0,302,0,"*"],[662,300,0,301,0,"*"],[665,244,0,3,1,"CONDITIONING"],[666,5,0,300,0,"*"],[667,301,0,3,3,"LATENT"],[668,283,0,305,0,"IMAGE"],[670,8,0,306,0,"IMAGE"],[672,6,0,292,0,"*"],[673,305,0,307,0,"IMAGE"],[675,305,0,310,0,"IMAGE"],[676,310,0,282,2,"IMAGE"],[677,310,0,308,0,"IMAGE"]],"groups":[{"title":"提示词输入","bounding":[-4440,-915,943,734],"color":"#3f789e","font_size":24},{"title":"ipadapter","bounding":[-2694,133,978,657],"color":"#3f789e","font_size":24},{"title":"你想成为什么就会是什么","bounding":[-849,-1062,940,580],"color":"#3f789e","font_size":24},{"title":"潜空间放大","bounding":[618,-985,1137,604],"color":"#3f789e","font_size":24},{"title":"非潜空间放大","bounding":[633,-304,2309,499],"color":"#3f789e","font_size":24},{"title":"controlnet外部截取实时  比如法线3d视角","bounding":[-3078,-1580,1014,521],"color":"#3f789e","font_size":24},{"title":"图生图节点","bounding":[-2745,844,1115,800],"color":"#3f789e","font_size":24}],"config":{},"extra":{"comfyspace_tracking":{"id":"c2801360-95ae-4d06-9704-528084f1fc1b","name":"截取一切软件图像lcm+ipadapter+controlnet+screenshare"},"workspace_info":{"id":"e56f7fb7-052b-4cfa-9eb2-00ef20a1b85b","name":"截取一切软件图像lcm+ipadapter+controlnet+screenshare"}},"version":0.4}