{"last_node_id":57,"last_link_id":78,"nodes":[{"id":53,"type":"VAEDecode","pos":[-778.3100137013939,3.283704827876363],"size":{"0":210,"1":46},"flags":{},"order":5,"mode":0,"inputs":[{"name":"samples","type":"LATENT","link":70,"label":"Latent"},{"name":"vae","type":"VAE","link":71,"label":"VAE"}],"outputs":[{"name":"IMAGE","type":"IMAGE","links":[72,75],"slot_index":0,"label":"图像"}],"properties":{"Node name for S&R":"VAEDecode"}},{"id":56,"type":"PreviewImage","pos":[-2436,325],"size":{"0":210,"1":246},"flags":{},"order":7,"mode":0,"inputs":[{"name":"images","type":"IMAGE","link":75,"label":"图像"}],"properties":{"Node name for S&R":"PreviewImage"}},{"id":52,"type":"CLIPTextEncode","pos":[-1834,-80],"size":{"0":425.27801513671875,"1":180.6060791015625},"flags":{},"order":3,"mode":0,"inputs":[{"name":"clip","type":"CLIP","link":78,"label":"CLIP"}],"outputs":[{"name":"CONDITIONING","type":"CONDITIONING","links":[66],"slot_index":0,"label":"条件"}],"properties":{"Node name for S&R":"CLIPTextEncode"},"widgets_values":[""]},{"id":50,"type":"EmptyLatentImage","pos":[-1171,492],"size":{"0":315,"1":106},"flags":{},"order":0,"mode":0,"outputs":[{"name":"LATENT","type":"LATENT","links":[67],"slot_index":0,"label":"Latent"}],"properties":{"Node name for S&R":"EmptyLatentImage"},"widgets_values":[1024,1024,1]},{"id":54,"type":"SaveImage","pos":[-2174,149],"size":{"0":909.02001953125,"1":735.1756591796875},"flags":{},"order":6,"mode":0,"inputs":[{"name":"images","type":"IMAGE","link":72,"label":"图像"}],"properties":{},"widgets_values":["ComfyUI"]},{"id":49,"type":"CheckpointLoaderSimple","pos":[-2514,22],"size":{"0":315,"1":122},"flags":{},"order":1,"mode":0,"outputs":[{"name":"MODEL","type":"MODEL","links":[76],"slot_index":0,"label":"模型"},{"name":"CLIP","type":"CLIP","links":[77,78],"slot_index":1,"label":"CLIP"},{"name":"VAE","type":"VAE","links":[71],"slot_index":2,"label":"VAE"}],"properties":{"Node name for S&R":"CheckpointLoaderSimple"},"widgets_values":["wlopSTYLEXL_v2.safetensors",null]},{"id":48,"type":"KSampler","pos":[-1230,-164],"size":{"0":315,"1":262},"flags":{},"order":4,"mode":0,"inputs":[{"name":"model","type":"MODEL","link":76,"label":"模型"},{"name":"positive","type":"CONDITIONING","link":65,"label":"正面条件"},{"name":"negative","type":"CONDITIONING","link":66,"label":"负面条件"},{"name":"latent_image","type":"LATENT","link":67,"label":"Latent"}],"outputs":[{"name":"LATENT","type":"LATENT","links":[70],"slot_index":0,"label":"Latent"}],"properties":{"Node name for S&R":"KSampler"},"widgets_values":[807172617239517,"randomize",20,8,"euler","normal",1]},{"id":51,"type":"CLIPTextEncode","pos":[-1849,-300],"size":{"0":422.84503173828125,"1":164.31304931640625},"flags":{},"order":2,"mode":0,"inputs":[{"name":"clip","type":"CLIP","link":77,"label":"CLIP"}],"outputs":[{"name":"CONDITIONING","type":"CONDITIONING","links":[65],"slot_index":0,"label":"条件"}],"properties":{"Node name for S&R":"CLIPTextEncode"},"widgets_values":["wgz style,portrait of a beautiful women highly detailed,"]}],"links":[[65,51,0,48,1,"CONDITIONING"],[66,52,0,48,2,"CONDITIONING"],[67,50,0,48,3,"LATENT"],[70,48,0,53,0,"LATENT"],[71,49,2,53,1,"VAE"],[72,53,0,54,0,"IMAGE"],[75,53,0,56,0,"IMAGE"],[76,49,0,48,0,"MODEL"],[77,49,1,51,0,"CLIP"],[78,49,1,52,0,"CLIP"]],"groups":[],"config":{},"extra":{"workspace_info":{"id":"3eb37e26-5db2-4718-877e-64862b293126","name":"文生图"}},"version":0.4}