{"last_node_id":111,"last_link_id":165,"nodes":[{"id":110,"type":"Efficient Loader","pos":[1220,130],"size":{"0":439.9962463378906,"1":609.828857421875},"flags":{},"order":0,"mode":0,"inputs":[{"name":"lora_stack","type":"LORA_STACK","link":null,"label":"LoRA堆"},{"name":"cnet_stack","type":"CONTROL_NET_STACK","link":null,"label":"ControlNet堆"}],"outputs":[{"name":"MODEL","type":"MODEL","links":[159],"shape":3,"slot_index":0,"label":"模型"},{"name":"CONDITIONING+","type":"CONDITIONING","links":[163],"shape":3,"slot_index":1,"label":"正面条件"},{"name":"CONDITIONING-","type":"CONDITIONING","links":[160],"shape":3,"slot_index":2,"label":"负面条件"},{"name":"LATENT","type":"LATENT","links":[162],"shape":3,"label":"Latent"},{"name":"VAE","type":"VAE","links":[161],"shape":3,"slot_index":4,"label":"VAE"},{"name":"CLIP","type":"CLIP","links":null,"shape":3,"label":"CLIP"},{"name":"DEPENDENCIES","type":"DEPENDENCIES","links":null,"shape":3,"label":"依赖"}],"properties":{"Node name for S&R":"Efficient Loader"},"widgets_values":["SD1.5\\flyingsnow_v10.safetensors","pastel-waifu-diffusion.vae.pt",-2,"None",1,1,"masterpiece, best quality, movie still, 1girl, floating in the sky, cloud girl, cloud, (close-up:1.1), bright, happy, fun, soft lighting, closeup","embedding:EasyNegative.pt, embedding:bad-artist-anime.pt, lowres, low quality, worst quality, duplicate, morbid, mutilated, out of frame, extra fingers, mutated hands, poorly drawn hands, poorly drawn face, mutation, deformed, ugly, blurry, bad anatomy, bad proportions, extra limbs, cloned face, disfigured, out of frame, ugly, extra limbs, bad anatomy, gross proportions, malformed limbs, missing arms, missing legs, extra arms, extra legs, mutated hands, fused fingers, too many fingers, long neck, kid, teenage, badhandv4, EasyNegative, child, kid, teenage","length+mean","A1111",768,768,1],"color":"#233","bgcolor":"#355","shape":1},{"id":55,"type":"KSampler (Efficient)","pos":[1749,130],"size":{"0":637.1541137695312,"1":976.4766235351562},"flags":{},"order":2,"mode":0,"inputs":[{"name":"model","type":"MODEL","link":159,"label":"模型"},{"name":"positive","type":"CONDITIONING","link":163,"label":"正面条件"},{"name":"negative","type":"CONDITIONING","link":160,"label":"负面条件"},{"name":"latent_image","type":"LATENT","link":162,"slot_index":3,"label":"Latent"},{"name":"optional_vae","type":"VAE","link":161,"slot_index":4,"label":"VAE"},{"name":"script","type":"SCRIPT","link":165,"label":"脚本"}],"outputs":[{"name":"MODEL","type":"MODEL","links":[],"shape":3,"slot_index":0,"label":"模型"},{"name":"CONDITIONING+","type":"CONDITIONING","links":[],"shape":3,"slot_index":1,"label":"正面条件"},{"name":"CONDITIONING-","type":"CONDITIONING","links":[],"shape":3,"slot_index":2,"label":"负面条件"},{"name":"LATENT","type":"LATENT","links":[],"shape":3,"slot_index":3,"label":"Latent"},{"name":"VAE","type":"VAE","links":[],"shape":3,"slot_index":4,"label":"VAE"},{"name":"IMAGE","type":"IMAGE","links":[],"shape":3,"slot_index":5,"label":"图像"}],"properties":{"Node name for S&R":"KSampler (Efficient)"},"widgets_values":[1106939166727686,"randomize",20,7.5,"dpmpp_sde","karras",1,"auto","true"],"color":"#232","bgcolor":"#353","shape":1},{"id":111,"type":"HighRes-Fix Script","pos":[1318,810],"size":[325,298],"flags":{},"order":1,"mode":0,"inputs":[{"name":"script","type":"SCRIPT","link":null,"label":"脚本"}],"outputs":[{"name":"SCRIPT","type":"SCRIPT","links":[165],"shape":3,"label":"脚本"}],"properties":{"Node name for S&R":"HighRes-Fix Script"},"widgets_values":["latent","(use same)","nearest-exact","4x_fatal_Anime_500000_G.pth",1.25,false,914146367174090,null,12,0.56,1,false,"t2i\\coadapter-canny-sd15v1.pth",1,"CannyEdgePreprocessor",true],"color":"#432","bgcolor":"#653","shape":1}],"links":[[159,110,0,55,0,"MODEL"],[160,110,2,55,2,"CONDITIONING"],[161,110,4,55,4,"VAE"],[162,110,3,55,3,"LATENT"],[163,110,1,55,1,"CONDITIONING"],[165,111,0,55,5,"SCRIPT"]],"groups":[],"config":{},"extra":{"workspace_info":{"id":"7e1ad4b1-04aa-4f09-84d6-5220b7efb469","name":"HiResFix Script"}},"version":0.4}