{"last_node_id":158,"last_link_id":240,"nodes":[{"id":150,"type":"Eff. Loader SDXL","pos":[730,100],"size":[428.6632843017578,612.0047760009766],"flags":{},"order":0,"mode":0,"inputs":[{"name":"lora_stack","type":"LORA_STACK","link":null},{"name":"cnet_stack","type":"CONTROL_NET_STACK","link":null}],"outputs":[{"name":"SDXL_TUPLE","type":"SDXL_TUPLE","links":[237],"shape":3,"slot_index":0},{"name":"LATENT","type":"LATENT","links":[238],"shape":3},{"name":"VAE","type":"VAE","links":[239],"shape":3,"slot_index":2},{"name":"DEPENDENCIES","type":"DEPENDENCIES","links":null,"shape":3}],"properties":{"Node name for S&R":"Eff. Loader SDXL"},"widgets_values":["SDXL\\rundiffusionXL_beta.safetensors",-2,"SDXL\\sd_xl_refiner_1.0.safetensors",-2,6,2,"sdxl_vae.safetensors","perfect mix between Carnage from Marvel and Godzilla, with Carnage's red tentacles protruding from his entire body, destroying city, blood, epic, (cataclysmic, white eyes like venom, gargantuan, taller than buildings, oversized, gigantic:1.9), absurdres, best quality, fantasy style ,(intricate details), (hyperdetailed), 8k hdr, high detailed, lot of details, high quality, soft cinematic light, dramatic atmosphere, atmospheric perspective","3d, low quality, worst quality, mutation, deformed hands, ( three arms or more, three hands or more, three legs or more, three feet or more, comics style:1.6)","length+mean","A1111",1024,1024,1],"color":"#322","bgcolor":"#533","shape":1},{"id":158,"type":"Noise Control Script","pos":[790,790],"size":[325,106],"flags":{},"order":1,"mode":0,"inputs":[{"name":"script","type":"SCRIPT","link":null,"slot_index":0}],"outputs":[{"name":"SCRIPT","type":"SCRIPT","links":[240],"shape":3}],"properties":{"Node name for S&R":"Noise Control Script"},"widgets_values":["gpu",true,false,-1,null,0.015],"shape":1},{"id":149,"type":"KSampler SDXL (Eff.)","pos":[1210,100],"size":[677.5123609741217,999.2348278991703],"flags":{},"order":2,"mode":0,"inputs":[{"name":"sdxl_tuple","type":"SDXL_TUPLE","link":237},{"name":"latent_image","type":"LATENT","link":238,"slot_index":1},{"name":"optional_vae","type":"VAE","link":239},{"name":"script","type":"SCRIPT","link":240,"slot_index":3}],"outputs":[{"name":"SDXL_TUPLE","type":"SDXL_TUPLE","links":null,"shape":3},{"name":"LATENT","type":"LATENT","links":null,"shape":3},{"name":"VAE","type":"VAE","links":null,"shape":3},{"name":"IMAGE","type":"IMAGE","links":null,"shape":3}],"properties":{"Node name for S&R":"KSampler SDXL (Eff.)"},"widgets_values":[-1,null,40,9,"dpmpp_2s_ancestral","karras",0,32,"auto","true"],"color":"#223","bgcolor":"#335","shape":1}],"links":[[237,150,0,149,0,"SDXL_TUPLE"],[238,150,1,149,1,"LATENT"],[239,150,2,149,2,"VAE"],[240,158,0,149,3,"SCRIPT"]],"groups":[],"config":{},"extra":{"workspace_info":{"id":"26230553-a592-4abd-b338-734489da6631","name":"SDXL Refining & Noise Control Script"}},"version":0.4}