{"last_node_id":30,"last_link_id":64,"nodes":[{"id":25,"type":"Efficient Loader","pos":[650,80],"size":[400,462.0000305175781],"flags":{},"order":0,"mode":0,"inputs":[{"name":"lora_stack","type":"LORA_STACK","link":null},{"name":"cnet_stack","type":"CONTROL_NET_STACK","link":null}],"outputs":[{"name":"MODEL","type":"MODEL","links":[51],"shape":3},{"name":"CONDITIONING+","type":"CONDITIONING","links":[52],"shape":3},{"name":"CONDITIONING-","type":"CONDITIONING","links":[53],"shape":3},{"name":"LATENT","type":"LATENT","links":[54],"shape":3},{"name":"VAE","type":"VAE","links":[55],"shape":3},{"name":"CLIP","type":"CLIP","links":null,"shape":3},{"name":"DEPENDENCIES","type":"DEPENDENCIES","links":null,"shape":3}],"properties":{"Node name for S&R":"Efficient Loader"},"widgets_values":["SD1.5\\sdSilicon_silicon29.safetensors","Baked VAE",-2,"None",1,1,"beach, ocean, (cumulonimbus clouds:1.3), islands, sailboat,","(worst quality, low quality:1.3), embedding:easynegative","none","comfy++",1024,512,1],"color":"#233","bgcolor":"#355","shape":1},{"id":29,"type":"Tiled Upscaler Script","pos":[700,600],"size":[353.0717783483884,274],"flags":{},"order":1,"mode":0,"inputs":[{"name":"script","type":"SCRIPT","link":null}],"outputs":[{"name":"SCRIPT","type":"SCRIPT","links":[64],"shape":3,"slot_index":0}],"properties":{"Node name for S&R":"Tiled Upscaler Script"},"widgets_values":[1.5,640,"random strict",12,444264914855361,null,0.56,true,"v11\\control_v11f1e_sd15_tile.pth",1],"color":"#332222","bgcolor":"#553333","shape":1},{"id":26,"type":"KSampler (Efficient)","pos":[1100,80],"size":[1536.0192709960943,1109.582761051178],"flags":{},"order":2,"mode":0,"inputs":[{"name":"model","type":"MODEL","link":51},{"name":"positive","type":"CONDITIONING","link":52},{"name":"negative","type":"CONDITIONING","link":53},{"name":"latent_image","type":"LATENT","link":54},{"name":"optional_vae","type":"VAE","link":55},{"name":"script","type":"SCRIPT","link":64}],"outputs":[{"name":"MODEL","type":"MODEL","links":null,"shape":3},{"name":"CONDITIONING+","type":"CONDITIONING","links":null,"shape":3},{"name":"CONDITIONING-","type":"CONDITIONING","links":null,"shape":3},{"name":"LATENT","type":"LATENT","links":null,"shape":3},{"name":"VAE","type":"VAE","links":null,"shape":3},{"name":"IMAGE","type":"IMAGE","links":[],"shape":3,"slot_index":5}],"properties":{"Node name for S&R":"KSampler (Efficient)"},"widgets_values":[980056807522009,null,20,7.5,"dpmpp_2s_ancestral","karras",1,"latent2rgb","true"],"color":"#232","bgcolor":"#353","shape":1}],"links":[[51,25,0,26,0,"MODEL"],[52,25,1,26,1,"CONDITIONING"],[53,25,2,26,2,"CONDITIONING"],[54,25,3,26,3,"LATENT"],[55,25,4,26,4,"VAE"],[64,29,0,26,5,"SCRIPT"]],"groups":[],"config":{},"extra":{"workspace_info":{"id":"cc2f6c2f-57a2-4ff1-a4f7-65cb0ecdc071","name":"Tiled Upscaler Script"}},"version":0.4}