{"last_node_id":120,"last_link_id":192,"nodes":[{"id":109,"type":"XY Plot","pos":[660,480],"size":{"0":262.8603210449219,"1":194},"flags":{},"order":3,"mode":0,"inputs":[{"name":"dependencies","type":"DEPENDENCIES","link":174},{"name":"X","type":"XY","link":189},{"name":"Y","type":"XY","link":188}],"outputs":[{"name":"SCRIPT","type":"SCRIPT","links":[183],"shape":3,"slot_index":0}],"properties":{"Node name for S&R":"XY Plot"},"widgets_values":[0,"True","Vertical","True","Images"],"color":"#323","bgcolor":"#535","shape":1},{"id":118,"type":"Noise Control Script","pos":[620,750],"size":[325,106],"flags":{},"order":4,"mode":0,"inputs":[{"name":"script","type":"SCRIPT","link":183}],"outputs":[{"name":"SCRIPT","type":"SCRIPT","links":[190],"shape":3,"slot_index":0}],"properties":{"Node name for S&R":"Noise Control Script"},"widgets_values":["gpu",true,false,-1,null,0.015],"color":"#223","bgcolor":"#335","shape":1},{"id":111,"type":"XY Input: Seeds++ Batch","pos":[410,520],"size":{"0":210,"1":58},"flags":{},"order":0,"mode":0,"outputs":[{"name":"X or Y","type":"XY","links":[188],"shape":3,"slot_index":0}],"properties":{"Node name for S&R":"XY Input: Seeds++ Batch"},"widgets_values":[3],"color":"#2a363b","bgcolor":"#3f5159","shape":1},{"id":114,"type":"XY Input: Checkpoint","pos":[470,250],"size":{"0":455.7082214355469,"1":154},"flags":{},"order":1,"mode":0,"outputs":[{"name":"X or Y","type":"XY","links":[189],"shape":3,"slot_index":0}],"properties":{"Node name for S&R":"XY Input: Checkpoint"},"widgets_values":["Base","Ckpt Names","C:\\example_folder",false,"ascending",-1,2,"SD1.5\\dalcefoPainting_3rd.safetensors",-1,"Baked VAE","SD1.5\\darkSushiMixMix_brighterPruned.safetensors",-1,"Baked VAE","None",-1,"Baked VAE","None",-1,"Baked VAE","None",-1,"Baked VAE","None",-1,"Baked VAE","None",-1,"Baked VAE","None",-1,"Baked VAE","None",-1,"Baked VAE","None",-1,"Baked VAE","None",-1,"Baked VAE","None",-1,"Baked VAE","None",-1,"Baked VAE","None",-1,"Baked VAE","None",-1,"Baked VAE","None",-1,"Baked VAE","None",-1,"Baked VAE","None",-1,"Baked VAE","None",-1,"Baked VAE","None",-1,"Baked VAE","None",-1,"Baked VAE","None",-1,"Baked VAE","None",-1,"Baked VAE","None",-1,"Baked VAE","None",-1,"Baked VAE","None",-1,"Baked VAE","None",-1,"Baked VAE","None",-1,"Baked VAE","None",-1,"Baked VAE","None",-1,"Baked VAE","None",-1,"Baked VAE","None",-1,"Baked VAE","None",-1,"Baked VAE","None",-1,"Baked VAE","None",-1,"Baked VAE","None",-1,"Baked VAE","None",-1,"Baked VAE","None",-1,"Baked VAE","None",-1,"Baked VAE","None",-1,"Baked VAE","None",-1,"Baked VAE","None",-1,"Baked VAE","None",-1,"Baked VAE","None",-1,"Baked VAE","None",-1,"Baked VAE","None",-1,"Baked VAE","None",-1,"Baked VAE","None",-1,"Baked VAE","None",-1,"Baked VAE","None",-1,"Baked VAE"],"color":"#2a363b","bgcolor":"#3f5159","shape":1},{"id":112,"type":"Efficient Loader","pos":[980,200],"size":{"0":377.6838684082031,"1":527.4531860351562},"flags":{},"order":2,"mode":0,"inputs":[{"name":"lora_stack","type":"LORA_STACK","link":null,"slot_index":0},{"name":"cnet_stack","type":"CONTROL_NET_STACK","link":null}],"outputs":[{"name":"MODEL","type":"MODEL","links":[173],"shape":3,"slot_index":0},{"name":"CONDITIONING+","type":"CONDITIONING","links":[172],"shape":3,"slot_index":1},{"name":"CONDITIONING-","type":"CONDITIONING","links":[171],"shape":3,"slot_index":2},{"name":"LATENT","type":"LATENT","links":[170],"shape":3,"slot_index":3},{"name":"VAE","type":"VAE","links":[169],"shape":3,"slot_index":4},{"name":"CLIP","type":"CLIP","links":null,"shape":3,"slot_index":5},{"name":"DEPENDENCIES","type":"DEPENDENCIES","links":[174],"shape":3,"slot_index":6}],"properties":{"Node name for S&R":"Efficient Loader"},"widgets_values":["SD1.5\\bluemixTMNDEnhanced_v10.safetensors","pastel-waifu-diffusion.vae.pt",-2,"SD1.5\\more_details.safetensors",0.4,0.4,"masterpiece, best quality, haunted theme park, haunted by chibi ghosts, cute, whimsical, glow, glowing, fun, silly, mystical, closeup","embedding:EasyNegative.pt, embedding:bad-artist-anime.pt, lowres, NSFW, (worst quality, low quality)","length+mean","A1111",512,512,1],"color":"#232","bgcolor":"#353","shape":1},{"id":119,"type":"HighRes-Fix Script","pos":[1020,790],"size":[325,298],"flags":{},"order":5,"mode":0,"inputs":[{"name":"script","type":"SCRIPT","link":190}],"outputs":[{"name":"SCRIPT","type":"SCRIPT","links":[191],"shape":3,"slot_index":0}],"properties":{"Node name for S&R":"HighRes-Fix Script"},"widgets_values":["latent","(use same)","ttl_nn.SD 1.x","4x_fatal_Anime_500000_G.pth",1.5,false,605473268262571,null,12,0.56,1,false,"t2i\\coadapter-canny-sd15v1.pth",1,"CannyEdgePreprocessor",true],"color":"#443322","bgcolor":"#665533","shape":1},{"id":55,"type":"KSampler (Efficient)","pos":[1420,200],"size":{"0":844.7622680664062,"1":922.7117309570312},"flags":{},"order":6,"mode":0,"inputs":[{"name":"model","type":"MODEL","link":173},{"name":"positive","type":"CONDITIONING","link":172},{"name":"negative","type":"CONDITIONING","link":171},{"name":"latent_image","type":"LATENT","link":170},{"name":"optional_vae","type":"VAE","link":169,"slot_index":4},{"name":"script","type":"SCRIPT","link":191}],"outputs":[{"name":"MODEL","type":"MODEL","links":[],"shape":3,"slot_index":0},{"name":"CONDITIONING+","type":"CONDITIONING","links":[],"shape":3,"slot_index":1},{"name":"CONDITIONING-","type":"CONDITIONING","links":[],"shape":3,"slot_index":2},{"name":"LATENT","type":"LATENT","links":[],"shape":3,"slot_index":3},{"name":"VAE","type":"VAE","links":[],"shape":3,"slot_index":4},{"name":"IMAGE","type":"IMAGE","links":[],"shape":3,"slot_index":5}],"properties":{"Node name for S&R":"KSampler (Efficient)"},"widgets_values":[97627656461341,"randomize",24,7,"dpmpp_sde","karras",1,"auto","true"],"color":"#322","bgcolor":"#533","shape":1}],"links":[[169,112,4,55,4,"VAE"],[170,112,3,55,3,"LATENT"],[171,112,2,55,2,"CONDITIONING"],[172,112,1,55,1,"CONDITIONING"],[173,112,0,55,0,"MODEL"],[174,112,6,109,0,"DEPENDENCIES"],[183,109,0,118,0,"SCRIPT"],[188,111,0,109,2,"XY"],[189,114,0,109,1,"XY"],[190,118,0,119,0,"SCRIPT"],[191,119,0,55,5,"SCRIPT"]],"groups":[],"config":{},"extra":{"workspace_info":{"id":"f5b6d0e2-fbab-4707-8f27-9674ee29a74f","name":"XYPlot - Seeds vs Checkpoints & Stacked Scripts"}},"version":0.4}